<?xml version="1.0" encoding="ASCII"?>
<?xml-stylesheet href="CoreNLP-to-HTML.xsl" type="text/xsl"?>
<root>
  <document>
    <sentences>
      <sentence id="1">
        <tokens>
          <token id="1">
            <word>SAN</word>
            <lemma>SAN</lemma>
            <CharacterOffsetBegin>3</CharacterOffsetBegin>
            <CharacterOffsetEnd>6</CharacterOffsetEnd>
            <POS>NNP</POS>
            <NER>LOCATION</NER>
            <Speaker>PER0</Speaker>
          </token>
          <token id="2">
            <word>SALVADOR</word>
            <lemma>SALVADOR</lemma>
            <CharacterOffsetBegin>7</CharacterOffsetBegin>
            <CharacterOffsetEnd>15</CharacterOffsetEnd>
            <POS>NNP</POS>
            <NER>LOCATION</NER>
            <Speaker>PER0</Speaker>
          </token>
          <token id="3">
            <word>,</word>
            <lemma>,</lemma>
            <CharacterOffsetBegin>15</CharacterOffsetBegin>
            <CharacterOffsetEnd>16</CharacterOffsetEnd>
            <POS>,</POS>
            <NER>O</NER>
            <Speaker>PER0</Speaker>
          </token>
          <token id="4">
            <word>19</word>
            <lemma>19</lemma>
            <CharacterOffsetBegin>17</CharacterOffsetBegin>
            <CharacterOffsetEnd>19</CharacterOffsetEnd>
            <POS>CD</POS>
            <NER>DATE</NER>
            <NormalizedNER>XXXX-03-19</NormalizedNER>
            <Speaker>PER0</Speaker>
            <Timex tid="t1" type="DATE">XXXX-03-19</Timex>
          </token>
          <token id="5">
            <word>MAR</word>
            <lemma>MAR</lemma>
            <CharacterOffsetBegin>20</CharacterOffsetBegin>
            <CharacterOffsetEnd>23</CharacterOffsetEnd>
            <POS>NNP</POS>
            <NER>DATE</NER>
            <NormalizedNER>XXXX-03-19</NormalizedNER>
            <Speaker>PER0</Speaker>
            <Timex tid="t1" type="DATE">XXXX-03-19</Timex>
          </token>
          <token id="6">
            <word>89</word>
            <lemma>89</lemma>
            <CharacterOffsetBegin>24</CharacterOffsetBegin>
            <CharacterOffsetEnd>26</CharacterOffsetEnd>
            <POS>CD</POS>
            <NER>NUMBER</NER>
            <NormalizedNER>89.0</NormalizedNER>
            <Speaker>PER0</Speaker>
          </token>
          <token id="7">
            <word>-LRB-</word>
            <lemma>-lrb-</lemma>
            <CharacterOffsetBegin>27</CharacterOffsetBegin>
            <CharacterOffsetEnd>28</CharacterOffsetEnd>
            <POS>-LRB-</POS>
            <NER>O</NER>
            <Speaker>PER0</Speaker>
          </token>
          <token id="8">
            <word>RADIO</word>
            <lemma>radio</lemma>
            <CharacterOffsetBegin>28</CharacterOffsetBegin>
            <CharacterOffsetEnd>33</CharacterOffsetEnd>
            <POS>NN</POS>
            <NER>O</NER>
            <Speaker>PER0</Speaker>
          </token>
          <token id="9">
            <word>CADENA</word>
            <lemma>cadena</lemma>
            <CharacterOffsetBegin>34</CharacterOffsetBegin>
            <CharacterOffsetEnd>40</CharacterOffsetEnd>
            <POS>NN</POS>
            <NER>O</NER>
            <Speaker>PER0</Speaker>
          </token>
          <token id="10">
            <word>YSKL</word>
            <lemma>yskl</lemma>
            <CharacterOffsetBegin>41</CharacterOffsetBegin>
            <CharacterOffsetEnd>45</CharacterOffsetEnd>
            <POS>NN</POS>
            <NER>O</NER>
            <Speaker>PER0</Speaker>
          </token>
          <token id="11">
            <word>-RRB-</word>
            <lemma>-rrb-</lemma>
            <CharacterOffsetBegin>45</CharacterOffsetBegin>
            <CharacterOffsetEnd>46</CharacterOffsetEnd>
            <POS>-RRB-</POS>
            <NER>O</NER>
            <Speaker>PER0</Speaker>
          </token>
          <token id="12">
            <word>--</word>
            <lemma>--</lemma>
            <CharacterOffsetBegin>47</CharacterOffsetBegin>
            <CharacterOffsetEnd>49</CharacterOffsetEnd>
            <POS>:</POS>
            <NER>O</NER>
            <Speaker>PER0</Speaker>
          </token>
          <token id="13">
            <word>-LSB-</word>
            <lemma>-lsb-</lemma>
            <CharacterOffsetBegin>50</CharacterOffsetBegin>
            <CharacterOffsetEnd>51</CharacterOffsetEnd>
            <POS>-LRB-</POS>
            <NER>O</NER>
            <Speaker>PER0</Speaker>
          </token>
          <token id="14">
            <word>REPORT</word>
            <lemma>report</lemma>
            <CharacterOffsetBegin>51</CharacterOffsetBegin>
            <CharacterOffsetEnd>57</CharacterOffsetEnd>
            <POS>NN</POS>
            <NER>O</NER>
            <Speaker>PER0</Speaker>
          </token>
          <token id="15">
            <word>-RSB-</word>
            <lemma>-rsb-</lemma>
            <CharacterOffsetBegin>57</CharacterOffsetBegin>
            <CharacterOffsetEnd>58</CharacterOffsetEnd>
            <POS>-RRB-</POS>
            <NER>O</NER>
            <Speaker>PER0</Speaker>
          </token>
          <token id="16">
            <word>-LSB-</word>
            <lemma>-lsb-</lemma>
            <CharacterOffsetBegin>59</CharacterOffsetBegin>
            <CharacterOffsetEnd>60</CharacterOffsetEnd>
            <POS>-LRB-</POS>
            <NER>O</NER>
            <Speaker>PER0</Speaker>
          </token>
          <token id="17">
            <word>RENANCIO</word>
            <lemma>RENANCIO</lemma>
            <CharacterOffsetBegin>60</CharacterOffsetBegin>
            <CharacterOffsetEnd>68</CharacterOffsetEnd>
            <POS>NNP</POS>
            <NER>PERSON</NER>
            <Speaker>PER0</Speaker>
          </token>
          <token id="18">
            <word>RAMIREZ</word>
            <lemma>RAMIREZ</lemma>
            <CharacterOffsetBegin>69</CharacterOffsetBegin>
            <CharacterOffsetEnd>76</CharacterOffsetEnd>
            <POS>NNP</POS>
            <NER>PERSON</NER>
            <Speaker>PER0</Speaker>
          </token>
          <token id="19">
            <word>-RSB-</word>
            <lemma>-rsb-</lemma>
            <CharacterOffsetBegin>76</CharacterOffsetBegin>
            <CharacterOffsetEnd>77</CharacterOffsetEnd>
            <POS>-RRB-</POS>
            <NER>O</NER>
            <Speaker>PER0</Speaker>
          </token>
          <token id="20">
            <word>-LSB-</word>
            <lemma>-lsb-</lemma>
            <CharacterOffsetBegin>78</CharacterOffsetBegin>
            <CharacterOffsetEnd>79</CharacterOffsetEnd>
            <POS>-LRB-</POS>
            <NER>O</NER>
            <Speaker>PER0</Speaker>
          </token>
          <token id="21">
            <word>TEXT</word>
            <lemma>text</lemma>
            <CharacterOffsetBegin>79</CharacterOffsetBegin>
            <CharacterOffsetEnd>83</CharacterOffsetEnd>
            <POS>NN</POS>
            <NER>O</NER>
            <Speaker>PER0</Speaker>
          </token>
          <token id="22">
            <word>-RSB-</word>
            <lemma>-rsb-</lemma>
            <CharacterOffsetBegin>83</CharacterOffsetBegin>
            <CharacterOffsetEnd>84</CharacterOffsetEnd>
            <POS>-RRB-</POS>
            <NER>O</NER>
            <Speaker>PER0</Speaker>
          </token>
          <token id="23">
            <word>WE</word>
            <lemma>we</lemma>
            <CharacterOffsetBegin>85</CharacterOffsetBegin>
            <CharacterOffsetEnd>87</CharacterOffsetEnd>
            <POS>PRP</POS>
            <NER>O</NER>
            <Speaker>PER0</Speaker>
          </token>
          <token id="24">
            <word>HAVE</word>
            <lemma>have</lemma>
            <CharacterOffsetBegin>88</CharacterOffsetBegin>
            <CharacterOffsetEnd>92</CharacterOffsetEnd>
            <POS>VBP</POS>
            <NER>O</NER>
            <Speaker>PER0</Speaker>
          </token>
          <token id="25">
            <word>JUST</word>
            <lemma>just</lemma>
            <CharacterOffsetBegin>93</CharacterOffsetBegin>
            <CharacterOffsetEnd>97</CharacterOffsetEnd>
            <POS>RB</POS>
            <NER>O</NER>
            <Speaker>PER0</Speaker>
          </token>
          <token id="26">
            <word>CONFIRMED</word>
            <lemma>confirm</lemma>
            <CharacterOffsetBegin>98</CharacterOffsetBegin>
            <CharacterOffsetEnd>107</CharacterOffsetEnd>
            <POS>VBN</POS>
            <NER>O</NER>
            <Speaker>PER0</Speaker>
          </token>
          <token id="27">
            <word>THAT</word>
            <lemma>that</lemma>
            <CharacterOffsetBegin>108</CharacterOffsetBegin>
            <CharacterOffsetEnd>112</CharacterOffsetEnd>
            <POS>IN</POS>
            <NER>O</NER>
            <Speaker>PER0</Speaker>
          </token>
          <token id="28">
            <word>DUTCH</word>
            <lemma>dutch</lemma>
            <CharacterOffsetBegin>113</CharacterOffsetBegin>
            <CharacterOffsetEnd>118</CharacterOffsetEnd>
            <POS>JJ</POS>
            <NER>MISC</NER>
            <Speaker>PER0</Speaker>
          </token>
          <token id="29">
            <word>REPORTER</word>
            <lemma>reporter</lemma>
            <CharacterOffsetBegin>119</CharacterOffsetBegin>
            <CharacterOffsetEnd>127</CharacterOffsetEnd>
            <POS>NN</POS>
            <NER>O</NER>
            <Speaker>PER0</Speaker>
          </token>
          <token id="30">
            <word>CORNELL</word>
            <lemma>CORNELL</lemma>
            <CharacterOffsetBegin>128</CharacterOffsetBegin>
            <CharacterOffsetEnd>135</CharacterOffsetEnd>
            <POS>NNP</POS>
            <NER>PERSON</NER>
            <Speaker>PER0</Speaker>
          </token>
          <token id="31">
            <word>LAGROW</word>
            <lemma>LAGROW</lemma>
            <CharacterOffsetBegin>136</CharacterOffsetBegin>
            <CharacterOffsetEnd>142</CharacterOffsetEnd>
            <POS>NNP</POS>
            <NER>PERSON</NER>
            <Speaker>PER0</Speaker>
          </token>
          <token id="32">
            <word>OF</word>
            <lemma>of</lemma>
            <CharacterOffsetBegin>143</CharacterOffsetBegin>
            <CharacterOffsetEnd>145</CharacterOffsetEnd>
            <POS>IN</POS>
            <NER>O</NER>
            <Speaker>PER0</Speaker>
          </token>
          <token id="33">
            <word>A</word>
            <lemma>a</lemma>
            <CharacterOffsetBegin>146</CharacterOffsetBegin>
            <CharacterOffsetEnd>147</CharacterOffsetEnd>
            <POS>DT</POS>
            <NER>O</NER>
            <Speaker>PER0</Speaker>
          </token>
          <token id="34">
            <word>DUTCH</word>
            <lemma>dutch</lemma>
            <CharacterOffsetBegin>148</CharacterOffsetBegin>
            <CharacterOffsetEnd>153</CharacterOffsetEnd>
            <POS>JJ</POS>
            <NER>MISC</NER>
            <Speaker>PER0</Speaker>
          </token>
          <token id="35">
            <word>TELEVISION</word>
            <lemma>television</lemma>
            <CharacterOffsetBegin>154</CharacterOffsetBegin>
            <CharacterOffsetEnd>164</CharacterOffsetEnd>
            <POS>NN</POS>
            <NER>O</NER>
            <Speaker>PER0</Speaker>
          </token>
          <token id="36">
            <word>STATION</word>
            <lemma>station</lemma>
            <CharacterOffsetBegin>165</CharacterOffsetBegin>
            <CharacterOffsetEnd>172</CharacterOffsetEnd>
            <POS>NN</POS>
            <NER>O</NER>
            <Speaker>PER0</Speaker>
          </token>
          <token id="37">
            <word>WAS</word>
            <lemma>be</lemma>
            <CharacterOffsetBegin>173</CharacterOffsetBegin>
            <CharacterOffsetEnd>176</CharacterOffsetEnd>
            <POS>VBD</POS>
            <NER>O</NER>
            <Speaker>PER0</Speaker>
          </token>
          <token id="38">
            <word>KILLED</word>
            <lemma>kill</lemma>
            <CharacterOffsetBegin>177</CharacterOffsetBegin>
            <CharacterOffsetEnd>183</CharacterOffsetEnd>
            <POS>VBN</POS>
            <NER>O</NER>
            <Speaker>PER0</Speaker>
          </token>
          <token id="39">
            <word>THIS</word>
            <lemma>this</lemma>
            <CharacterOffsetBegin>184</CharacterOffsetBegin>
            <CharacterOffsetEnd>188</CharacterOffsetEnd>
            <POS>DT</POS>
            <NER>TIME</NER>
            <NormalizedNER>THIS MO</NormalizedNER>
            <Speaker>PER0</Speaker>
            <Timex tid="t2" type="DATE"/>
          </token>
          <token id="40">
            <word>MORNING</word>
            <lemma>morning</lemma>
            <CharacterOffsetBegin>189</CharacterOffsetBegin>
            <CharacterOffsetEnd>196</CharacterOffsetEnd>
            <POS>NN</POS>
            <NER>TIME</NER>
            <NormalizedNER>THIS MO</NormalizedNER>
            <Speaker>PER0</Speaker>
            <Timex tid="t2" type="DATE"/>
          </token>
          <token id="41">
            <word>AS</word>
            <lemma>as</lemma>
            <CharacterOffsetBegin>197</CharacterOffsetBegin>
            <CharacterOffsetEnd>199</CharacterOffsetEnd>
            <POS>IN</POS>
            <NER>O</NER>
            <Speaker>PER0</Speaker>
          </token>
          <token id="42">
            <word>HE</word>
            <lemma>he</lemma>
            <CharacterOffsetBegin>200</CharacterOffsetBegin>
            <CharacterOffsetEnd>202</CharacterOffsetEnd>
            <POS>PRP</POS>
            <NER>O</NER>
            <Speaker>PER0</Speaker>
          </token>
          <token id="43">
            <word>WAS</word>
            <lemma>be</lemma>
            <CharacterOffsetBegin>203</CharacterOffsetBegin>
            <CharacterOffsetEnd>206</CharacterOffsetEnd>
            <POS>VBD</POS>
            <NER>O</NER>
            <Speaker>PER0</Speaker>
          </token>
          <token id="44">
            <word>COVERING</word>
            <lemma>cover</lemma>
            <CharacterOffsetBegin>207</CharacterOffsetBegin>
            <CharacterOffsetEnd>215</CharacterOffsetEnd>
            <POS>VBG</POS>
            <NER>O</NER>
            <Speaker>PER0</Speaker>
          </token>
          <token id="45">
            <word>A</word>
            <lemma>a</lemma>
            <CharacterOffsetBegin>216</CharacterOffsetBegin>
            <CharacterOffsetEnd>217</CharacterOffsetEnd>
            <POS>DT</POS>
            <NER>O</NER>
            <Speaker>PER0</Speaker>
          </token>
          <token id="46">
            <word>SKIRMISH</word>
            <lemma>skirmish</lemma>
            <CharacterOffsetBegin>218</CharacterOffsetBegin>
            <CharacterOffsetEnd>226</CharacterOffsetEnd>
            <POS>NN</POS>
            <NER>O</NER>
            <Speaker>PER0</Speaker>
          </token>
          <token id="47">
            <word>IN</word>
            <lemma>in</lemma>
            <CharacterOffsetBegin>227</CharacterOffsetBegin>
            <CharacterOffsetEnd>229</CharacterOffsetEnd>
            <POS>IN</POS>
            <NER>O</NER>
            <Speaker>PER0</Speaker>
          </token>
          <token id="48">
            <word>THE</word>
            <lemma>the</lemma>
            <CharacterOffsetBegin>230</CharacterOffsetBegin>
            <CharacterOffsetEnd>233</CharacterOffsetEnd>
            <POS>DT</POS>
            <NER>O</NER>
            <Speaker>PER0</Speaker>
          </token>
          <token id="49">
            <word>TOWN</word>
            <lemma>town</lemma>
            <CharacterOffsetBegin>234</CharacterOffsetBegin>
            <CharacterOffsetEnd>238</CharacterOffsetEnd>
            <POS>NN</POS>
            <NER>O</NER>
            <Speaker>PER0</Speaker>
          </token>
          <token id="50">
            <word>OF</word>
            <lemma>of</lemma>
            <CharacterOffsetBegin>239</CharacterOffsetBegin>
            <CharacterOffsetEnd>241</CharacterOffsetEnd>
            <POS>IN</POS>
            <NER>O</NER>
            <Speaker>PER0</Speaker>
          </token>
          <token id="51">
            <word>SAN</word>
            <lemma>SAN</lemma>
            <CharacterOffsetBegin>242</CharacterOffsetBegin>
            <CharacterOffsetEnd>245</CharacterOffsetEnd>
            <POS>NNP</POS>
            <NER>LOCATION</NER>
            <Speaker>PER0</Speaker>
          </token>
          <token id="52">
            <word>FRANCISCO</word>
            <lemma>FRANCISCO</lemma>
            <CharacterOffsetBegin>246</CharacterOffsetBegin>
            <CharacterOffsetEnd>255</CharacterOffsetEnd>
            <POS>NNP</POS>
            <NER>LOCATION</NER>
            <Speaker>PER0</Speaker>
          </token>
          <token id="53">
            <word>JAVIER</word>
            <lemma>JAVIER</lemma>
            <CharacterOffsetBegin>256</CharacterOffsetBegin>
            <CharacterOffsetEnd>262</CharacterOffsetEnd>
            <POS>NNP</POS>
            <NER>LOCATION</NER>
            <Speaker>PER0</Speaker>
          </token>
          <token id="54">
            <word>,</word>
            <lemma>,</lemma>
            <CharacterOffsetBegin>262</CharacterOffsetBegin>
            <CharacterOffsetEnd>263</CharacterOffsetEnd>
            <POS>,</POS>
            <NER>O</NER>
            <Speaker>PER0</Speaker>
          </token>
          <token id="55">
            <word>USULUTAN</word>
            <lemma>USULUTAN</lemma>
            <CharacterOffsetBegin>264</CharacterOffsetBegin>
            <CharacterOffsetEnd>272</CharacterOffsetEnd>
            <POS>NNP</POS>
            <NER>LOCATION</NER>
            <Speaker>PER0</Speaker>
          </token>
          <token id="56">
            <word>DEPARTMENT</word>
            <lemma>DEPARTMENT</lemma>
            <CharacterOffsetBegin>273</CharacterOffsetBegin>
            <CharacterOffsetEnd>283</CharacterOffsetEnd>
            <POS>NNP</POS>
            <NER>O</NER>
            <Speaker>PER0</Speaker>
          </token>
          <token id="57">
            <word>.</word>
            <lemma>.</lemma>
            <CharacterOffsetBegin>283</CharacterOffsetBegin>
            <CharacterOffsetEnd>284</CharacterOffsetEnd>
            <POS>.</POS>
            <NER>O</NER>
            <Speaker>PER0</Speaker>
          </token>
        </tokens>
        <parse>(ROOT (S (NP (NP (NNP SAN) (NNP SALVADOR)) (, ,) (NP (NP (NP (CD 19) (NNP MAR) (CD 89)) (-LRB- -LRB-) (NP (NN RADIO) (NN CADENA) (NN YSKL)) (-RRB- -RRB-)) (: --) (NP (NP (-LRB- -LSB-) (NN REPORT)) (PP (-RRB- -RSB-) (NP (-LRB- -LSB-) (NNP RENANCIO) (NNP RAMIREZ))))) (-RRB- -RSB-)) (VP (-LRB- -LSB-) (NP (NN TEXT)) (SBAR (-RRB- -RSB-) (S (NP (PRP WE)) (VP (VBP HAVE) (ADVP (RB JUST)) (VP (VBN CONFIRMED) (SBAR (IN THAT) (S (NP (NP (JJ DUTCH) (NN REPORTER) (NNP CORNELL) (NNP LAGROW)) (PP (IN OF) (NP (DT A) (JJ DUTCH) (NN TELEVISION) (NN STATION)))) (VP (VBD WAS) (VP (VBN KILLED) (NP-TMP (DT THIS) (NN MORNING)) (SBAR (IN AS) (S (NP (PRP HE)) (VP (VBD WAS) (VP (VBG COVERING) (NP (DT A) (NN SKIRMISH)) (PP (IN IN) (NP (NP (DT THE) (NN TOWN)) (PP (IN OF) (NP (NP (NNP SAN) (NNP FRANCISCO) (NNP JAVIER)) (, ,) (NP (NNP USULUTAN) (NNP DEPARTMENT))))))))))))))))))) (. .))) </parse>
        <dependencies type="basic-dependencies">
          <dep type="root">
            <governor idx="0">ROOT</governor>
            <dependent idx="21">TEXT</dependent>
          </dep>
          <dep type="compound">
            <governor idx="2">SALVADOR</governor>
            <dependent idx="1">SAN</dependent>
          </dep>
          <dep type="nsubj">
            <governor idx="21">TEXT</governor>
            <dependent idx="2">SALVADOR</dependent>
          </dep>
          <dep type="nummod">
            <governor idx="5">MAR</governor>
            <dependent idx="4">19</dependent>
          </dep>
          <dep type="appos">
            <governor idx="2">SALVADOR</governor>
            <dependent idx="5">MAR</dependent>
          </dep>
          <dep type="nummod">
            <governor idx="5">MAR</governor>
            <dependent idx="6">89</dependent>
          </dep>
          <dep type="compound">
            <governor idx="10">YSKL</governor>
            <dependent idx="8">RADIO</dependent>
          </dep>
          <dep type="compound">
            <governor idx="10">YSKL</governor>
            <dependent idx="9">CADENA</dependent>
          </dep>
          <dep type="dep">
            <governor idx="5">MAR</governor>
            <dependent idx="10">YSKL</dependent>
          </dep>
          <dep type="dep">
            <governor idx="5">MAR</governor>
            <dependent idx="14">REPORT</dependent>
          </dep>
          <dep type="compound">
            <governor idx="18">RAMIREZ</governor>
            <dependent idx="17">RENANCIO</dependent>
          </dep>
          <dep type="nmod">
            <governor idx="14">REPORT</governor>
            <dependent idx="18">RAMIREZ</dependent>
          </dep>
          <dep type="nsubj">
            <governor idx="26">CONFIRMED</governor>
            <dependent idx="23">WE</dependent>
          </dep>
          <dep type="aux">
            <governor idx="26">CONFIRMED</governor>
            <dependent idx="24">HAVE</dependent>
          </dep>
          <dep type="advmod">
            <governor idx="26">CONFIRMED</governor>
            <dependent idx="25">JUST</dependent>
          </dep>
          <dep type="dep">
            <governor idx="21">TEXT</governor>
            <dependent idx="26">CONFIRMED</dependent>
          </dep>
          <dep type="mark">
            <governor idx="38">KILLED</governor>
            <dependent idx="27">THAT</dependent>
          </dep>
          <dep type="amod">
            <governor idx="31">LAGROW</governor>
            <dependent idx="28">DUTCH</dependent>
          </dep>
          <dep type="compound">
            <governor idx="31">LAGROW</governor>
            <dependent idx="29">REPORTER</dependent>
          </dep>
          <dep type="compound">
            <governor idx="31">LAGROW</governor>
            <dependent idx="30">CORNELL</dependent>
          </dep>
          <dep type="nsubjpass">
            <governor idx="38">KILLED</governor>
            <dependent idx="31">LAGROW</dependent>
          </dep>
          <dep type="case">
            <governor idx="36">STATION</governor>
            <dependent idx="32">OF</dependent>
          </dep>
          <dep type="det">
            <governor idx="36">STATION</governor>
            <dependent idx="33">A</dependent>
          </dep>
          <dep type="amod">
            <governor idx="36">STATION</governor>
            <dependent idx="34">DUTCH</dependent>
          </dep>
          <dep type="compound">
            <governor idx="36">STATION</governor>
            <dependent idx="35">TELEVISION</dependent>
          </dep>
          <dep type="nmod">
            <governor idx="31">LAGROW</governor>
            <dependent idx="36">STATION</dependent>
          </dep>
          <dep type="auxpass">
            <governor idx="38">KILLED</governor>
            <dependent idx="37">WAS</dependent>
          </dep>
          <dep type="ccomp">
            <governor idx="26">CONFIRMED</governor>
            <dependent idx="38">KILLED</dependent>
          </dep>
          <dep type="det">
            <governor idx="40">MORNING</governor>
            <dependent idx="39">THIS</dependent>
          </dep>
          <dep type="nmod:tmod">
            <governor idx="38">KILLED</governor>
            <dependent idx="40">MORNING</dependent>
          </dep>
          <dep type="mark">
            <governor idx="44">COVERING</governor>
            <dependent idx="41">AS</dependent>
          </dep>
          <dep type="nsubj">
            <governor idx="44">COVERING</governor>
            <dependent idx="42">HE</dependent>
          </dep>
          <dep type="aux">
            <governor idx="44">COVERING</governor>
            <dependent idx="43">WAS</dependent>
          </dep>
          <dep type="advcl">
            <governor idx="38">KILLED</governor>
            <dependent idx="44">COVERING</dependent>
          </dep>
          <dep type="det">
            <governor idx="46">SKIRMISH</governor>
            <dependent idx="45">A</dependent>
          </dep>
          <dep type="dobj">
            <governor idx="44">COVERING</governor>
            <dependent idx="46">SKIRMISH</dependent>
          </dep>
          <dep type="case">
            <governor idx="49">TOWN</governor>
            <dependent idx="47">IN</dependent>
          </dep>
          <dep type="det">
            <governor idx="49">TOWN</governor>
            <dependent idx="48">THE</dependent>
          </dep>
          <dep type="nmod">
            <governor idx="44">COVERING</governor>
            <dependent idx="49">TOWN</dependent>
          </dep>
          <dep type="case">
            <governor idx="53">JAVIER</governor>
            <dependent idx="50">OF</dependent>
          </dep>
          <dep type="compound">
            <governor idx="53">JAVIER</governor>
            <dependent idx="51">SAN</dependent>
          </dep>
          <dep type="compound">
            <governor idx="53">JAVIER</governor>
            <dependent idx="52">FRANCISCO</dependent>
          </dep>
          <dep type="nmod">
            <governor idx="49">TOWN</governor>
            <dependent idx="53">JAVIER</dependent>
          </dep>
          <dep type="compound">
            <governor idx="56">DEPARTMENT</governor>
            <dependent idx="55">USULUTAN</dependent>
          </dep>
          <dep type="appos">
            <governor idx="53">JAVIER</governor>
            <dependent idx="56">DEPARTMENT</dependent>
          </dep>
        </dependencies>
        <dependencies type="collapsed-dependencies">
          <dep type="root">
            <governor idx="0">ROOT</governor>
            <dependent idx="21">TEXT</dependent>
          </dep>
          <dep type="compound">
            <governor idx="2">SALVADOR</governor>
            <dependent idx="1">SAN</dependent>
          </dep>
          <dep type="nsubj">
            <governor idx="21">TEXT</governor>
            <dependent idx="2">SALVADOR</dependent>
          </dep>
          <dep type="nummod">
            <governor idx="5">MAR</governor>
            <dependent idx="4">19</dependent>
          </dep>
          <dep type="appos">
            <governor idx="2">SALVADOR</governor>
            <dependent idx="5">MAR</dependent>
          </dep>
          <dep type="nummod">
            <governor idx="5">MAR</governor>
            <dependent idx="6">89</dependent>
          </dep>
          <dep type="compound">
            <governor idx="10">YSKL</governor>
            <dependent idx="8">RADIO</dependent>
          </dep>
          <dep type="compound">
            <governor idx="10">YSKL</governor>
            <dependent idx="9">CADENA</dependent>
          </dep>
          <dep type="dep">
            <governor idx="5">MAR</governor>
            <dependent idx="10">YSKL</dependent>
          </dep>
          <dep type="dep">
            <governor idx="5">MAR</governor>
            <dependent idx="14">REPORT</dependent>
          </dep>
          <dep type="compound">
            <governor idx="18">RAMIREZ</governor>
            <dependent idx="17">RENANCIO</dependent>
          </dep>
          <dep type="nmod">
            <governor idx="14">REPORT</governor>
            <dependent idx="18">RAMIREZ</dependent>
          </dep>
          <dep type="nsubj">
            <governor idx="26">CONFIRMED</governor>
            <dependent idx="23">WE</dependent>
          </dep>
          <dep type="aux">
            <governor idx="26">CONFIRMED</governor>
            <dependent idx="24">HAVE</dependent>
          </dep>
          <dep type="advmod">
            <governor idx="26">CONFIRMED</governor>
            <dependent idx="25">JUST</dependent>
          </dep>
          <dep type="dep">
            <governor idx="21">TEXT</governor>
            <dependent idx="26">CONFIRMED</dependent>
          </dep>
          <dep type="mark">
            <governor idx="38">KILLED</governor>
            <dependent idx="27">THAT</dependent>
          </dep>
          <dep type="amod">
            <governor idx="31">LAGROW</governor>
            <dependent idx="28">DUTCH</dependent>
          </dep>
          <dep type="compound">
            <governor idx="31">LAGROW</governor>
            <dependent idx="29">REPORTER</dependent>
          </dep>
          <dep type="compound">
            <governor idx="31">LAGROW</governor>
            <dependent idx="30">CORNELL</dependent>
          </dep>
          <dep type="nsubjpass">
            <governor idx="38">KILLED</governor>
            <dependent idx="31">LAGROW</dependent>
          </dep>
          <dep type="case">
            <governor idx="36">STATION</governor>
            <dependent idx="32">OF</dependent>
          </dep>
          <dep type="det">
            <governor idx="36">STATION</governor>
            <dependent idx="33">A</dependent>
          </dep>
          <dep type="amod">
            <governor idx="36">STATION</governor>
            <dependent idx="34">DUTCH</dependent>
          </dep>
          <dep type="compound">
            <governor idx="36">STATION</governor>
            <dependent idx="35">TELEVISION</dependent>
          </dep>
          <dep type="nmod:of">
            <governor idx="31">LAGROW</governor>
            <dependent idx="36">STATION</dependent>
          </dep>
          <dep type="auxpass">
            <governor idx="38">KILLED</governor>
            <dependent idx="37">WAS</dependent>
          </dep>
          <dep type="ccomp">
            <governor idx="26">CONFIRMED</governor>
            <dependent idx="38">KILLED</dependent>
          </dep>
          <dep type="det">
            <governor idx="40">MORNING</governor>
            <dependent idx="39">THIS</dependent>
          </dep>
          <dep type="nmod:tmod">
            <governor idx="38">KILLED</governor>
            <dependent idx="40">MORNING</dependent>
          </dep>
          <dep type="mark">
            <governor idx="44">COVERING</governor>
            <dependent idx="41">AS</dependent>
          </dep>
          <dep type="nsubj">
            <governor idx="44">COVERING</governor>
            <dependent idx="42">HE</dependent>
          </dep>
          <dep type="aux">
            <governor idx="44">COVERING</governor>
            <dependent idx="43">WAS</dependent>
          </dep>
          <dep type="advcl">
            <governor idx="38">KILLED</governor>
            <dependent idx="44">COVERING</dependent>
          </dep>
          <dep type="det">
            <governor idx="46">SKIRMISH</governor>
            <dependent idx="45">A</dependent>
          </dep>
          <dep type="dobj">
            <governor idx="44">COVERING</governor>
            <dependent idx="46">SKIRMISH</dependent>
          </dep>
          <dep type="case">
            <governor idx="49">TOWN</governor>
            <dependent idx="47">IN</dependent>
          </dep>
          <dep type="det">
            <governor idx="49">TOWN</governor>
            <dependent idx="48">THE</dependent>
          </dep>
          <dep type="nmod:in">
            <governor idx="44">COVERING</governor>
            <dependent idx="49">TOWN</dependent>
          </dep>
          <dep type="case">
            <governor idx="53">JAVIER</governor>
            <dependent idx="50">OF</dependent>
          </dep>
          <dep type="compound">
            <governor idx="53">JAVIER</governor>
            <dependent idx="51">SAN</dependent>
          </dep>
          <dep type="compound">
            <governor idx="53">JAVIER</governor>
            <dependent idx="52">FRANCISCO</dependent>
          </dep>
          <dep type="nmod:of">
            <governor idx="49">TOWN</governor>
            <dependent idx="53">JAVIER</dependent>
          </dep>
          <dep type="compound">
            <governor idx="56">DEPARTMENT</governor>
            <dependent idx="55">USULUTAN</dependent>
          </dep>
          <dep type="appos">
            <governor idx="53">JAVIER</governor>
            <dependent idx="56">DEPARTMENT</dependent>
          </dep>
        </dependencies>
        <dependencies type="collapsed-ccprocessed-dependencies">
          <dep type="root">
            <governor idx="0">ROOT</governor>
            <dependent idx="21">TEXT</dependent>
          </dep>
          <dep type="compound">
            <governor idx="2">SALVADOR</governor>
            <dependent idx="1">SAN</dependent>
          </dep>
          <dep type="nsubj">
            <governor idx="21">TEXT</governor>
            <dependent idx="2">SALVADOR</dependent>
          </dep>
          <dep type="nummod">
            <governor idx="5">MAR</governor>
            <dependent idx="4">19</dependent>
          </dep>
          <dep type="appos">
            <governor idx="2">SALVADOR</governor>
            <dependent idx="5">MAR</dependent>
          </dep>
          <dep type="nummod">
            <governor idx="5">MAR</governor>
            <dependent idx="6">89</dependent>
          </dep>
          <dep type="compound">
            <governor idx="10">YSKL</governor>
            <dependent idx="8">RADIO</dependent>
          </dep>
          <dep type="compound">
            <governor idx="10">YSKL</governor>
            <dependent idx="9">CADENA</dependent>
          </dep>
          <dep type="dep">
            <governor idx="5">MAR</governor>
            <dependent idx="10">YSKL</dependent>
          </dep>
          <dep type="dep">
            <governor idx="5">MAR</governor>
            <dependent idx="14">REPORT</dependent>
          </dep>
          <dep type="compound">
            <governor idx="18">RAMIREZ</governor>
            <dependent idx="17">RENANCIO</dependent>
          </dep>
          <dep type="nmod">
            <governor idx="14">REPORT</governor>
            <dependent idx="18">RAMIREZ</dependent>
          </dep>
          <dep type="nsubj">
            <governor idx="26">CONFIRMED</governor>
            <dependent idx="23">WE</dependent>
          </dep>
          <dep type="aux">
            <governor idx="26">CONFIRMED</governor>
            <dependent idx="24">HAVE</dependent>
          </dep>
          <dep type="advmod">
            <governor idx="26">CONFIRMED</governor>
            <dependent idx="25">JUST</dependent>
          </dep>
          <dep type="dep">
            <governor idx="21">TEXT</governor>
            <dependent idx="26">CONFIRMED</dependent>
          </dep>
          <dep type="mark">
            <governor idx="38">KILLED</governor>
            <dependent idx="27">THAT</dependent>
          </dep>
          <dep type="amod">
            <governor idx="31">LAGROW</governor>
            <dependent idx="28">DUTCH</dependent>
          </dep>
          <dep type="compound">
            <governor idx="31">LAGROW</governor>
            <dependent idx="29">REPORTER</dependent>
          </dep>
          <dep type="compound">
            <governor idx="31">LAGROW</governor>
            <dependent idx="30">CORNELL</dependent>
          </dep>
          <dep type="nsubjpass">
            <governor idx="38">KILLED</governor>
            <dependent idx="31">LAGROW</dependent>
          </dep>
          <dep type="case">
            <governor idx="36">STATION</governor>
            <dependent idx="32">OF</dependent>
          </dep>
          <dep type="det">
            <governor idx="36">STATION</governor>
            <dependent idx="33">A</dependent>
          </dep>
          <dep type="amod">
            <governor idx="36">STATION</governor>
            <dependent idx="34">DUTCH</dependent>
          </dep>
          <dep type="compound">
            <governor idx="36">STATION</governor>
            <dependent idx="35">TELEVISION</dependent>
          </dep>
          <dep type="nmod:of">
            <governor idx="31">LAGROW</governor>
            <dependent idx="36">STATION</dependent>
          </dep>
          <dep type="auxpass">
            <governor idx="38">KILLED</governor>
            <dependent idx="37">WAS</dependent>
          </dep>
          <dep type="ccomp">
            <governor idx="26">CONFIRMED</governor>
            <dependent idx="38">KILLED</dependent>
          </dep>
          <dep type="det">
            <governor idx="40">MORNING</governor>
            <dependent idx="39">THIS</dependent>
          </dep>
          <dep type="nmod:tmod">
            <governor idx="38">KILLED</governor>
            <dependent idx="40">MORNING</dependent>
          </dep>
          <dep type="mark">
            <governor idx="44">COVERING</governor>
            <dependent idx="41">AS</dependent>
          </dep>
          <dep type="nsubj">
            <governor idx="44">COVERING</governor>
            <dependent idx="42">HE</dependent>
          </dep>
          <dep type="aux">
            <governor idx="44">COVERING</governor>
            <dependent idx="43">WAS</dependent>
          </dep>
          <dep type="advcl">
            <governor idx="38">KILLED</governor>
            <dependent idx="44">COVERING</dependent>
          </dep>
          <dep type="det">
            <governor idx="46">SKIRMISH</governor>
            <dependent idx="45">A</dependent>
          </dep>
          <dep type="dobj">
            <governor idx="44">COVERING</governor>
            <dependent idx="46">SKIRMISH</dependent>
          </dep>
          <dep type="case">
            <governor idx="49">TOWN</governor>
            <dependent idx="47">IN</dependent>
          </dep>
          <dep type="det">
            <governor idx="49">TOWN</governor>
            <dependent idx="48">THE</dependent>
          </dep>
          <dep type="nmod:in">
            <governor idx="44">COVERING</governor>
            <dependent idx="49">TOWN</dependent>
          </dep>
          <dep type="case">
            <governor idx="53">JAVIER</governor>
            <dependent idx="50">OF</dependent>
          </dep>
          <dep type="compound">
            <governor idx="53">JAVIER</governor>
            <dependent idx="51">SAN</dependent>
          </dep>
          <dep type="compound">
            <governor idx="53">JAVIER</governor>
            <dependent idx="52">FRANCISCO</dependent>
          </dep>
          <dep type="nmod:of">
            <governor idx="49">TOWN</governor>
            <dependent idx="53">JAVIER</dependent>
          </dep>
          <dep type="compound">
            <governor idx="56">DEPARTMENT</governor>
            <dependent idx="55">USULUTAN</dependent>
          </dep>
          <dep type="appos">
            <governor idx="53">JAVIER</governor>
            <dependent idx="56">DEPARTMENT</dependent>
          </dep>
        </dependencies>
      </sentence>
      <sentence id="2">
        <tokens>
          <token id="1">
            <word>A</word>
            <lemma>a</lemma>
            <CharacterOffsetBegin>289</CharacterOffsetBegin>
            <CharacterOffsetEnd>290</CharacterOffsetEnd>
            <POS>DT</POS>
            <NER>O</NER>
            <Speaker>PER0</Speaker>
          </token>
          <token id="2">
            <word>SOUND</word>
            <lemma>sound</lemma>
            <CharacterOffsetBegin>291</CharacterOffsetBegin>
            <CharacterOffsetEnd>296</CharacterOffsetEnd>
            <POS>JJ</POS>
            <NER>O</NER>
            <Speaker>PER0</Speaker>
          </token>
          <token id="3">
            <word>TECHNICIAN</word>
            <lemma>technician</lemma>
            <CharacterOffsetBegin>297</CharacterOffsetBegin>
            <CharacterOffsetEnd>307</CharacterOffsetEnd>
            <POS>NN</POS>
            <NER>O</NER>
            <Speaker>PER0</Speaker>
          </token>
          <token id="4">
            <word>OF</word>
            <lemma>of</lemma>
            <CharacterOffsetBegin>308</CharacterOffsetBegin>
            <CharacterOffsetEnd>310</CharacterOffsetEnd>
            <POS>IN</POS>
            <NER>O</NER>
            <Speaker>PER0</Speaker>
          </token>
          <token id="5">
            <word>THE</word>
            <lemma>the</lemma>
            <CharacterOffsetBegin>311</CharacterOffsetBegin>
            <CharacterOffsetEnd>314</CharacterOffsetEnd>
            <POS>DT</POS>
            <NER>O</NER>
            <Speaker>PER0</Speaker>
          </token>
          <token id="6">
            <word>-LRB-</word>
            <lemma>-lrb-</lemma>
            <CharacterOffsetBegin>315</CharacterOffsetBegin>
            <CharacterOffsetEnd>316</CharacterOffsetEnd>
            <POS>-LRB-</POS>
            <NER>O</NER>
            <Speaker>PER0</Speaker>
          </token>
          <token id="7">
            <word>CBS</word>
            <lemma>CBS</lemma>
            <CharacterOffsetBegin>316</CharacterOffsetBegin>
            <CharacterOffsetEnd>319</CharacterOffsetEnd>
            <POS>NNP</POS>
            <NER>ORGANIZATION</NER>
            <Speaker>PER0</Speaker>
          </token>
          <token id="8">
            <word>-RRB-</word>
            <lemma>-rrb-</lemma>
            <CharacterOffsetBegin>319</CharacterOffsetBegin>
            <CharacterOffsetEnd>320</CharacterOffsetEnd>
            <POS>-RRB-</POS>
            <NER>O</NER>
            <Speaker>PER0</Speaker>
          </token>
          <token id="9">
            <word>TELEVISION</word>
            <lemma>television</lemma>
            <CharacterOffsetBegin>321</CharacterOffsetBegin>
            <CharacterOffsetEnd>331</CharacterOffsetEnd>
            <POS>NN</POS>
            <NER>O</NER>
            <Speaker>PER0</Speaker>
          </token>
          <token id="10">
            <word>NETWORK</word>
            <lemma>network</lemma>
            <CharacterOffsetBegin>332</CharacterOffsetBegin>
            <CharacterOffsetEnd>339</CharacterOffsetEnd>
            <POS>NN</POS>
            <NER>O</NER>
            <Speaker>PER0</Speaker>
          </token>
          <token id="11">
            <word>WAS</word>
            <lemma>be</lemma>
            <CharacterOffsetBegin>340</CharacterOffsetBegin>
            <CharacterOffsetEnd>343</CharacterOffsetEnd>
            <POS>VBD</POS>
            <NER>O</NER>
            <Speaker>PER0</Speaker>
          </token>
          <token id="12">
            <word>ALSO</word>
            <lemma>also</lemma>
            <CharacterOffsetBegin>344</CharacterOffsetBegin>
            <CharacterOffsetEnd>348</CharacterOffsetEnd>
            <POS>RB</POS>
            <NER>O</NER>
            <Speaker>PER0</Speaker>
          </token>
          <token id="13">
            <word>KILLED</word>
            <lemma>kill</lemma>
            <CharacterOffsetBegin>349</CharacterOffsetBegin>
            <CharacterOffsetEnd>355</CharacterOffsetEnd>
            <POS>VBN</POS>
            <NER>O</NER>
            <Speaker>PER0</Speaker>
          </token>
          <token id="14">
            <word>.</word>
            <lemma>.</lemma>
            <CharacterOffsetBegin>355</CharacterOffsetBegin>
            <CharacterOffsetEnd>356</CharacterOffsetEnd>
            <POS>.</POS>
            <NER>O</NER>
            <Speaker>PER0</Speaker>
          </token>
        </tokens>
        <parse>(ROOT (S (NP (NP (DT A) (JJ SOUND) (NN TECHNICIAN)) (PP (IN OF) (NP (DT THE) (NP (-LRB- -LRB-) (NNP CBS) (-RRB- -RRB-)) (NN TELEVISION) (NN NETWORK)))) (VP (VBD WAS) (VP (ADVP (RB ALSO)) (VBN KILLED))) (. .))) </parse>
        <dependencies type="basic-dependencies">
          <dep type="root">
            <governor idx="0">ROOT</governor>
            <dependent idx="13">KILLED</dependent>
          </dep>
          <dep type="det">
            <governor idx="3">TECHNICIAN</governor>
            <dependent idx="1">A</dependent>
          </dep>
          <dep type="amod">
            <governor idx="3">TECHNICIAN</governor>
            <dependent idx="2">SOUND</dependent>
          </dep>
          <dep type="nsubjpass">
            <governor idx="13">KILLED</governor>
            <dependent idx="3">TECHNICIAN</dependent>
          </dep>
          <dep type="case">
            <governor idx="10">NETWORK</governor>
            <dependent idx="4">OF</dependent>
          </dep>
          <dep type="det">
            <governor idx="10">NETWORK</governor>
            <dependent idx="5">THE</dependent>
          </dep>
          <dep type="compound">
            <governor idx="10">NETWORK</governor>
            <dependent idx="7">CBS</dependent>
          </dep>
          <dep type="compound">
            <governor idx="10">NETWORK</governor>
            <dependent idx="9">TELEVISION</dependent>
          </dep>
          <dep type="nmod">
            <governor idx="3">TECHNICIAN</governor>
            <dependent idx="10">NETWORK</dependent>
          </dep>
          <dep type="auxpass">
            <governor idx="13">KILLED</governor>
            <dependent idx="11">WAS</dependent>
          </dep>
          <dep type="advmod">
            <governor idx="13">KILLED</governor>
            <dependent idx="12">ALSO</dependent>
          </dep>
        </dependencies>
        <dependencies type="collapsed-dependencies">
          <dep type="root">
            <governor idx="0">ROOT</governor>
            <dependent idx="13">KILLED</dependent>
          </dep>
          <dep type="det">
            <governor idx="3">TECHNICIAN</governor>
            <dependent idx="1">A</dependent>
          </dep>
          <dep type="amod">
            <governor idx="3">TECHNICIAN</governor>
            <dependent idx="2">SOUND</dependent>
          </dep>
          <dep type="nsubjpass">
            <governor idx="13">KILLED</governor>
            <dependent idx="3">TECHNICIAN</dependent>
          </dep>
          <dep type="case">
            <governor idx="10">NETWORK</governor>
            <dependent idx="4">OF</dependent>
          </dep>
          <dep type="det">
            <governor idx="10">NETWORK</governor>
            <dependent idx="5">THE</dependent>
          </dep>
          <dep type="compound">
            <governor idx="10">NETWORK</governor>
            <dependent idx="7">CBS</dependent>
          </dep>
          <dep type="compound">
            <governor idx="10">NETWORK</governor>
            <dependent idx="9">TELEVISION</dependent>
          </dep>
          <dep type="nmod:of">
            <governor idx="3">TECHNICIAN</governor>
            <dependent idx="10">NETWORK</dependent>
          </dep>
          <dep type="auxpass">
            <governor idx="13">KILLED</governor>
            <dependent idx="11">WAS</dependent>
          </dep>
          <dep type="advmod">
            <governor idx="13">KILLED</governor>
            <dependent idx="12">ALSO</dependent>
          </dep>
        </dependencies>
        <dependencies type="collapsed-ccprocessed-dependencies">
          <dep type="root">
            <governor idx="0">ROOT</governor>
            <dependent idx="13">KILLED</dependent>
          </dep>
          <dep type="det">
            <governor idx="3">TECHNICIAN</governor>
            <dependent idx="1">A</dependent>
          </dep>
          <dep type="amod">
            <governor idx="3">TECHNICIAN</governor>
            <dependent idx="2">SOUND</dependent>
          </dep>
          <dep type="nsubjpass">
            <governor idx="13">KILLED</governor>
            <dependent idx="3">TECHNICIAN</dependent>
          </dep>
          <dep type="case">
            <governor idx="10">NETWORK</governor>
            <dependent idx="4">OF</dependent>
          </dep>
          <dep type="det">
            <governor idx="10">NETWORK</governor>
            <dependent idx="5">THE</dependent>
          </dep>
          <dep type="compound">
            <governor idx="10">NETWORK</governor>
            <dependent idx="7">CBS</dependent>
          </dep>
          <dep type="compound">
            <governor idx="10">NETWORK</governor>
            <dependent idx="9">TELEVISION</dependent>
          </dep>
          <dep type="nmod:of">
            <governor idx="3">TECHNICIAN</governor>
            <dependent idx="10">NETWORK</dependent>
          </dep>
          <dep type="auxpass">
            <governor idx="13">KILLED</governor>
            <dependent idx="11">WAS</dependent>
          </dep>
          <dep type="advmod">
            <governor idx="13">KILLED</governor>
            <dependent idx="12">ALSO</dependent>
          </dep>
        </dependencies>
      </sentence>
      <sentence id="3">
        <tokens>
          <token id="1">
            <word>ACCORDING</word>
            <lemma>accord</lemma>
            <CharacterOffsetBegin>363</CharacterOffsetBegin>
            <CharacterOffsetEnd>372</CharacterOffsetEnd>
            <POS>VBG</POS>
            <NER>O</NER>
            <Speaker>PER0</Speaker>
          </token>
          <token id="2">
            <word>TO</word>
            <lemma>to</lemma>
            <CharacterOffsetBegin>373</CharacterOffsetBegin>
            <CharacterOffsetEnd>375</CharacterOffsetEnd>
            <POS>TO</POS>
            <NER>O</NER>
            <Speaker>PER0</Speaker>
          </token>
          <token id="3">
            <word>REPORTS</word>
            <lemma>report</lemma>
            <CharacterOffsetBegin>376</CharacterOffsetBegin>
            <CharacterOffsetEnd>383</CharacterOffsetEnd>
            <POS>NNS</POS>
            <NER>O</NER>
            <Speaker>PER0</Speaker>
          </token>
          <token id="4">
            <word>,</word>
            <lemma>,</lemma>
            <CharacterOffsetBegin>383</CharacterOffsetBegin>
            <CharacterOffsetEnd>384</CharacterOffsetEnd>
            <POS>,</POS>
            <NER>O</NER>
            <Speaker>PER0</Speaker>
          </token>
          <token id="5">
            <word>CORNELL</word>
            <lemma>CORNELL</lemma>
            <CharacterOffsetBegin>385</CharacterOffsetBegin>
            <CharacterOffsetEnd>392</CharacterOffsetEnd>
            <POS>NNP</POS>
            <NER>PERSON</NER>
            <Speaker>PER0</Speaker>
          </token>
          <token id="6">
            <word>LAGROW</word>
            <lemma>LAGROW</lemma>
            <CharacterOffsetBegin>393</CharacterOffsetBegin>
            <CharacterOffsetEnd>399</CharacterOffsetEnd>
            <POS>NNP</POS>
            <NER>PERSON</NER>
            <Speaker>PER0</Speaker>
          </token>
          <token id="7">
            <word>WAS</word>
            <lemma>be</lemma>
            <CharacterOffsetBegin>400</CharacterOffsetBegin>
            <CharacterOffsetEnd>403</CharacterOffsetEnd>
            <POS>VBD</POS>
            <NER>O</NER>
            <Speaker>PER0</Speaker>
          </token>
          <token id="8">
            <word>DEAD</word>
            <lemma>dead</lemma>
            <CharacterOffsetBegin>404</CharacterOffsetBegin>
            <CharacterOffsetEnd>408</CharacterOffsetEnd>
            <POS>JJ</POS>
            <NER>O</NER>
            <Speaker>PER0</Speaker>
          </token>
          <token id="9">
            <word>ON</word>
            <lemma>on</lemma>
            <CharacterOffsetBegin>409</CharacterOffsetBegin>
            <CharacterOffsetEnd>411</CharacterOffsetEnd>
            <POS>IN</POS>
            <NER>O</NER>
            <Speaker>PER0</Speaker>
          </token>
          <token id="10">
            <word>ARRIVAL</word>
            <lemma>arrival</lemma>
            <CharacterOffsetBegin>412</CharacterOffsetBegin>
            <CharacterOffsetEnd>419</CharacterOffsetEnd>
            <POS>NN</POS>
            <NER>O</NER>
            <Speaker>PER0</Speaker>
          </token>
          <token id="11">
            <word>AT</word>
            <lemma>at</lemma>
            <CharacterOffsetBegin>420</CharacterOffsetBegin>
            <CharacterOffsetEnd>422</CharacterOffsetEnd>
            <POS>IN</POS>
            <NER>O</NER>
            <Speaker>PER0</Speaker>
          </token>
          <token id="12">
            <word>SAN</word>
            <lemma>SAN</lemma>
            <CharacterOffsetBegin>423</CharacterOffsetBegin>
            <CharacterOffsetEnd>426</CharacterOffsetEnd>
            <POS>NNP</POS>
            <NER>LOCATION</NER>
            <Speaker>PER0</Speaker>
          </token>
          <token id="13">
            <word>PEDRO</word>
            <lemma>PEDRO</lemma>
            <CharacterOffsetBegin>427</CharacterOffsetBegin>
            <CharacterOffsetEnd>432</CharacterOffsetEnd>
            <POS>NNP</POS>
            <NER>LOCATION</NER>
            <Speaker>PER0</Speaker>
          </token>
          <token id="14">
            <word>HOSPITAL</word>
            <lemma>HOSPITAL</lemma>
            <CharacterOffsetBegin>433</CharacterOffsetBegin>
            <CharacterOffsetEnd>441</CharacterOffsetEnd>
            <POS>NNP</POS>
            <NER>LOCATION</NER>
            <Speaker>PER0</Speaker>
          </token>
          <token id="15">
            <word>.</word>
            <lemma>.</lemma>
            <CharacterOffsetBegin>441</CharacterOffsetBegin>
            <CharacterOffsetEnd>442</CharacterOffsetEnd>
            <POS>.</POS>
            <NER>O</NER>
            <Speaker>PER0</Speaker>
          </token>
        </tokens>
        <parse>(ROOT (S (PP (VBG ACCORDING) (PP (TO TO) (NP (NNS REPORTS)))) (, ,) (NP (NNP CORNELL) (NNP LAGROW)) (VP (VBD WAS) (ADJP (JJ DEAD) (PP (IN ON) (NP (NN ARRIVAL)))) (PP (IN AT) (NP (NNP SAN) (NNP PEDRO) (NNP HOSPITAL)))) (. .))) </parse>
        <dependencies type="basic-dependencies">
          <dep type="root">
            <governor idx="0">ROOT</governor>
            <dependent idx="8">DEAD</dependent>
          </dep>
          <dep type="case">
            <governor idx="3">REPORTS</governor>
            <dependent idx="1">ACCORDING</dependent>
          </dep>
          <dep type="case">
            <governor idx="3">REPORTS</governor>
            <dependent idx="2">TO</dependent>
          </dep>
          <dep type="advcl">
            <governor idx="8">DEAD</governor>
            <dependent idx="3">REPORTS</dependent>
          </dep>
          <dep type="compound">
            <governor idx="6">LAGROW</governor>
            <dependent idx="5">CORNELL</dependent>
          </dep>
          <dep type="nsubj">
            <governor idx="8">DEAD</governor>
            <dependent idx="6">LAGROW</dependent>
          </dep>
          <dep type="cop">
            <governor idx="8">DEAD</governor>
            <dependent idx="7">WAS</dependent>
          </dep>
          <dep type="case">
            <governor idx="10">ARRIVAL</governor>
            <dependent idx="9">ON</dependent>
          </dep>
          <dep type="nmod">
            <governor idx="8">DEAD</governor>
            <dependent idx="10">ARRIVAL</dependent>
          </dep>
          <dep type="case">
            <governor idx="14">HOSPITAL</governor>
            <dependent idx="11">AT</dependent>
          </dep>
          <dep type="compound">
            <governor idx="14">HOSPITAL</governor>
            <dependent idx="12">SAN</dependent>
          </dep>
          <dep type="compound">
            <governor idx="14">HOSPITAL</governor>
            <dependent idx="13">PEDRO</dependent>
          </dep>
          <dep type="nmod">
            <governor idx="8">DEAD</governor>
            <dependent idx="14">HOSPITAL</dependent>
          </dep>
        </dependencies>
        <dependencies type="collapsed-dependencies">
          <dep type="root">
            <governor idx="0">ROOT</governor>
            <dependent idx="8">DEAD</dependent>
          </dep>
          <dep type="case">
            <governor idx="3">REPORTS</governor>
            <dependent idx="1">ACCORDING</dependent>
          </dep>
          <dep type="mwe">
            <governor idx="1">ACCORDING</governor>
            <dependent idx="2">TO</dependent>
          </dep>
          <dep type="advcl:according_to">
            <governor idx="8">DEAD</governor>
            <dependent idx="3">REPORTS</dependent>
          </dep>
          <dep type="compound">
            <governor idx="6">LAGROW</governor>
            <dependent idx="5">CORNELL</dependent>
          </dep>
          <dep type="nsubj">
            <governor idx="8">DEAD</governor>
            <dependent idx="6">LAGROW</dependent>
          </dep>
          <dep type="cop">
            <governor idx="8">DEAD</governor>
            <dependent idx="7">WAS</dependent>
          </dep>
          <dep type="case">
            <governor idx="10">ARRIVAL</governor>
            <dependent idx="9">ON</dependent>
          </dep>
          <dep type="nmod:on">
            <governor idx="8">DEAD</governor>
            <dependent idx="10">ARRIVAL</dependent>
          </dep>
          <dep type="case">
            <governor idx="14">HOSPITAL</governor>
            <dependent idx="11">AT</dependent>
          </dep>
          <dep type="compound">
            <governor idx="14">HOSPITAL</governor>
            <dependent idx="12">SAN</dependent>
          </dep>
          <dep type="compound">
            <governor idx="14">HOSPITAL</governor>
            <dependent idx="13">PEDRO</dependent>
          </dep>
          <dep type="nmod:at">
            <governor idx="8">DEAD</governor>
            <dependent idx="14">HOSPITAL</dependent>
          </dep>
        </dependencies>
        <dependencies type="collapsed-ccprocessed-dependencies">
          <dep type="root">
            <governor idx="0">ROOT</governor>
            <dependent idx="8">DEAD</dependent>
          </dep>
          <dep type="case">
            <governor idx="3">REPORTS</governor>
            <dependent idx="1">ACCORDING</dependent>
          </dep>
          <dep type="mwe">
            <governor idx="1">ACCORDING</governor>
            <dependent idx="2">TO</dependent>
          </dep>
          <dep type="advcl:according_to">
            <governor idx="8">DEAD</governor>
            <dependent idx="3">REPORTS</dependent>
          </dep>
          <dep type="compound">
            <governor idx="6">LAGROW</governor>
            <dependent idx="5">CORNELL</dependent>
          </dep>
          <dep type="nsubj">
            <governor idx="8">DEAD</governor>
            <dependent idx="6">LAGROW</dependent>
          </dep>
          <dep type="cop">
            <governor idx="8">DEAD</governor>
            <dependent idx="7">WAS</dependent>
          </dep>
          <dep type="case">
            <governor idx="10">ARRIVAL</governor>
            <dependent idx="9">ON</dependent>
          </dep>
          <dep type="nmod:on">
            <governor idx="8">DEAD</governor>
            <dependent idx="10">ARRIVAL</dependent>
          </dep>
          <dep type="case">
            <governor idx="14">HOSPITAL</governor>
            <dependent idx="11">AT</dependent>
          </dep>
          <dep type="compound">
            <governor idx="14">HOSPITAL</governor>
            <dependent idx="12">SAN</dependent>
          </dep>
          <dep type="compound">
            <governor idx="14">HOSPITAL</governor>
            <dependent idx="13">PEDRO</dependent>
          </dep>
          <dep type="nmod:at">
            <governor idx="8">DEAD</governor>
            <dependent idx="14">HOSPITAL</dependent>
          </dep>
        </dependencies>
      </sentence>
      <sentence id="4">
        <tokens>
          <token id="1">
            <word>LAGROW</word>
            <lemma>LAGROW</lemma>
            <CharacterOffsetBegin>444</CharacterOffsetBegin>
            <CharacterOffsetEnd>450</CharacterOffsetEnd>
            <POS>NNP</POS>
            <NER>PERSON</NER>
            <Speaker>PER0</Speaker>
          </token>
          <token id="2">
            <word>WAS</word>
            <lemma>be</lemma>
            <CharacterOffsetBegin>451</CharacterOffsetBegin>
            <CharacterOffsetEnd>454</CharacterOffsetEnd>
            <POS>VBD</POS>
            <NER>O</NER>
            <Speaker>PER0</Speaker>
          </token>
          <token id="3">
            <word>BROUGHT</word>
            <lemma>bring</lemma>
            <CharacterOffsetBegin>455</CharacterOffsetBegin>
            <CharacterOffsetEnd>462</CharacterOffsetEnd>
            <POS>VBN</POS>
            <NER>O</NER>
            <Speaker>PER0</Speaker>
          </token>
          <token id="4">
            <word>TO</word>
            <lemma>to</lemma>
            <CharacterOffsetBegin>463</CharacterOffsetBegin>
            <CharacterOffsetEnd>465</CharacterOffsetEnd>
            <POS>TO</POS>
            <NER>O</NER>
            <Speaker>PER0</Speaker>
          </token>
          <token id="5">
            <word>THIS</word>
            <lemma>this</lemma>
            <CharacterOffsetBegin>466</CharacterOffsetBegin>
            <CharacterOffsetEnd>470</CharacterOffsetEnd>
            <POS>DT</POS>
            <NER>O</NER>
            <Speaker>PER0</Speaker>
          </token>
          <token id="6">
            <word>CAPITAL</word>
            <lemma>capital</lemma>
            <CharacterOffsetBegin>471</CharacterOffsetBegin>
            <CharacterOffsetEnd>478</CharacterOffsetEnd>
            <POS>NN</POS>
            <NER>O</NER>
            <Speaker>PER0</Speaker>
          </token>
          <token id="7">
            <word>.</word>
            <lemma>.</lemma>
            <CharacterOffsetBegin>478</CharacterOffsetBegin>
            <CharacterOffsetEnd>479</CharacterOffsetEnd>
            <POS>.</POS>
            <NER>O</NER>
            <Speaker>PER0</Speaker>
          </token>
        </tokens>
        <parse>(ROOT (S (NP (NNP LAGROW)) (VP (VBD WAS) (VP (VBN BROUGHT) (PP (TO TO) (NP (DT THIS) (NN CAPITAL))))) (. .))) </parse>
        <dependencies type="basic-dependencies">
          <dep type="root">
            <governor idx="0">ROOT</governor>
            <dependent idx="3">BROUGHT</dependent>
          </dep>
          <dep type="nsubjpass">
            <governor idx="3">BROUGHT</governor>
            <dependent idx="1">LAGROW</dependent>
          </dep>
          <dep type="auxpass">
            <governor idx="3">BROUGHT</governor>
            <dependent idx="2">WAS</dependent>
          </dep>
          <dep type="case">
            <governor idx="6">CAPITAL</governor>
            <dependent idx="4">TO</dependent>
          </dep>
          <dep type="det">
            <governor idx="6">CAPITAL</governor>
            <dependent idx="5">THIS</dependent>
          </dep>
          <dep type="nmod">
            <governor idx="3">BROUGHT</governor>
            <dependent idx="6">CAPITAL</dependent>
          </dep>
        </dependencies>
        <dependencies type="collapsed-dependencies">
          <dep type="root">
            <governor idx="0">ROOT</governor>
            <dependent idx="3">BROUGHT</dependent>
          </dep>
          <dep type="nsubjpass">
            <governor idx="3">BROUGHT</governor>
            <dependent idx="1">LAGROW</dependent>
          </dep>
          <dep type="auxpass">
            <governor idx="3">BROUGHT</governor>
            <dependent idx="2">WAS</dependent>
          </dep>
          <dep type="case">
            <governor idx="6">CAPITAL</governor>
            <dependent idx="4">TO</dependent>
          </dep>
          <dep type="det">
            <governor idx="6">CAPITAL</governor>
            <dependent idx="5">THIS</dependent>
          </dep>
          <dep type="nmod:to">
            <governor idx="3">BROUGHT</governor>
            <dependent idx="6">CAPITAL</dependent>
          </dep>
        </dependencies>
        <dependencies type="collapsed-ccprocessed-dependencies">
          <dep type="root">
            <governor idx="0">ROOT</governor>
            <dependent idx="3">BROUGHT</dependent>
          </dep>
          <dep type="nsubjpass">
            <governor idx="3">BROUGHT</governor>
            <dependent idx="1">LAGROW</dependent>
          </dep>
          <dep type="auxpass">
            <governor idx="3">BROUGHT</governor>
            <dependent idx="2">WAS</dependent>
          </dep>
          <dep type="case">
            <governor idx="6">CAPITAL</governor>
            <dependent idx="4">TO</dependent>
          </dep>
          <dep type="det">
            <governor idx="6">CAPITAL</governor>
            <dependent idx="5">THIS</dependent>
          </dep>
          <dep type="nmod:to">
            <governor idx="3">BROUGHT</governor>
            <dependent idx="6">CAPITAL</dependent>
          </dep>
        </dependencies>
      </sentence>
      <sentence id="5">
        <tokens>
          <token id="1">
            <word>HE</word>
            <lemma>he</lemma>
            <CharacterOffsetBegin>481</CharacterOffsetBegin>
            <CharacterOffsetEnd>483</CharacterOffsetEnd>
            <POS>PRP</POS>
            <NER>O</NER>
            <Speaker>PER0</Speaker>
          </token>
          <token id="2">
            <word>WAS</word>
            <lemma>be</lemma>
            <CharacterOffsetBegin>484</CharacterOffsetBegin>
            <CharacterOffsetEnd>487</CharacterOffsetEnd>
            <POS>VBD</POS>
            <NER>O</NER>
            <Speaker>PER0</Speaker>
          </token>
          <token id="3">
            <word>KILLED</word>
            <lemma>kill</lemma>
            <CharacterOffsetBegin>488</CharacterOffsetBegin>
            <CharacterOffsetEnd>494</CharacterOffsetEnd>
            <POS>VBN</POS>
            <NER>O</NER>
            <Speaker>PER0</Speaker>
          </token>
          <token id="4">
            <word>WHILE</word>
            <lemma>while</lemma>
            <CharacterOffsetBegin>495</CharacterOffsetBegin>
            <CharacterOffsetEnd>500</CharacterOffsetEnd>
            <POS>IN</POS>
            <NER>O</NER>
            <Speaker>PER0</Speaker>
          </token>
          <token id="5">
            <word>COVERING</word>
            <lemma>cover</lemma>
            <CharacterOffsetBegin>501</CharacterOffsetBegin>
            <CharacterOffsetEnd>509</CharacterOffsetEnd>
            <POS>VBG</POS>
            <NER>O</NER>
            <Speaker>PER0</Speaker>
          </token>
          <token id="6">
            <word>EVENTS</word>
            <lemma>event</lemma>
            <CharacterOffsetBegin>510</CharacterOffsetBegin>
            <CharacterOffsetEnd>516</CharacterOffsetEnd>
            <POS>NNS</POS>
            <NER>O</NER>
            <Speaker>PER0</Speaker>
          </token>
          <token id="7">
            <word>IN</word>
            <lemma>in</lemma>
            <CharacterOffsetBegin>517</CharacterOffsetBegin>
            <CharacterOffsetEnd>519</CharacterOffsetEnd>
            <POS>IN</POS>
            <NER>O</NER>
            <Speaker>PER0</Speaker>
          </token>
          <token id="8">
            <word>SAN</word>
            <lemma>SAN</lemma>
            <CharacterOffsetBegin>520</CharacterOffsetBegin>
            <CharacterOffsetEnd>523</CharacterOffsetEnd>
            <POS>NNP</POS>
            <NER>LOCATION</NER>
            <Speaker>PER0</Speaker>
          </token>
          <token id="9">
            <word>FRANCISCO</word>
            <lemma>FRANCISCO</lemma>
            <CharacterOffsetBegin>524</CharacterOffsetBegin>
            <CharacterOffsetEnd>533</CharacterOffsetEnd>
            <POS>NNP</POS>
            <NER>LOCATION</NER>
            <Speaker>PER0</Speaker>
          </token>
          <token id="10">
            <word>JAVIER</word>
            <lemma>JAVIER</lemma>
            <CharacterOffsetBegin>534</CharacterOffsetBegin>
            <CharacterOffsetEnd>540</CharacterOffsetEnd>
            <POS>NNP</POS>
            <NER>LOCATION</NER>
            <Speaker>PER0</Speaker>
          </token>
          <token id="11">
            <word>,</word>
            <lemma>,</lemma>
            <CharacterOffsetBegin>540</CharacterOffsetBegin>
            <CharacterOffsetEnd>541</CharacterOffsetEnd>
            <POS>,</POS>
            <NER>O</NER>
            <Speaker>PER0</Speaker>
          </token>
          <token id="12">
            <word>USULUTAN</word>
            <lemma>USULUTAN</lemma>
            <CharacterOffsetBegin>542</CharacterOffsetBegin>
            <CharacterOffsetEnd>550</CharacterOffsetEnd>
            <POS>NNP</POS>
            <NER>LOCATION</NER>
            <Speaker>PER0</Speaker>
          </token>
          <token id="13">
            <word>DEPARTMENT</word>
            <lemma>DEPARTMENT</lemma>
            <CharacterOffsetBegin>551</CharacterOffsetBegin>
            <CharacterOffsetEnd>561</CharacterOffsetEnd>
            <POS>NNP</POS>
            <NER>O</NER>
            <Speaker>PER0</Speaker>
          </token>
          <token id="14">
            <word>,</word>
            <lemma>,</lemma>
            <CharacterOffsetBegin>561</CharacterOffsetBegin>
            <CharacterOffsetEnd>562</CharacterOffsetEnd>
            <POS>,</POS>
            <NER>O</NER>
            <Speaker>PER0</Speaker>
          </token>
          <token id="15">
            <word>WHERE</word>
            <lemma>where</lemma>
            <CharacterOffsetBegin>563</CharacterOffsetBegin>
            <CharacterOffsetEnd>568</CharacterOffsetEnd>
            <POS>WRB</POS>
            <NER>O</NER>
            <Speaker>PER0</Speaker>
          </token>
          <token id="16">
            <word>THERE</word>
            <lemma>there</lemma>
            <CharacterOffsetBegin>569</CharacterOffsetBegin>
            <CharacterOffsetEnd>574</CharacterOffsetEnd>
            <POS>EX</POS>
            <NER>O</NER>
            <Speaker>PER0</Speaker>
          </token>
          <token id="17">
            <word>HAS</word>
            <lemma>have</lemma>
            <CharacterOffsetBegin>575</CharacterOffsetBegin>
            <CharacterOffsetEnd>578</CharacterOffsetEnd>
            <POS>VBZ</POS>
            <NER>O</NER>
            <Speaker>PER0</Speaker>
          </token>
          <token id="18">
            <word>BEEN</word>
            <lemma>be</lemma>
            <CharacterOffsetBegin>579</CharacterOffsetBegin>
            <CharacterOffsetEnd>583</CharacterOffsetEnd>
            <POS>VBN</POS>
            <NER>O</NER>
            <Speaker>PER0</Speaker>
          </token>
          <token id="19">
            <word>HEAVY</word>
            <lemma>heavy</lemma>
            <CharacterOffsetBegin>584</CharacterOffsetBegin>
            <CharacterOffsetEnd>589</CharacterOffsetEnd>
            <POS>JJ</POS>
            <NER>O</NER>
            <Speaker>PER0</Speaker>
          </token>
          <token id="20">
            <word>FIGHTING</word>
            <lemma>fighting</lemma>
            <CharacterOffsetBegin>590</CharacterOffsetBegin>
            <CharacterOffsetEnd>598</CharacterOffsetEnd>
            <POS>NN</POS>
            <NER>O</NER>
            <Speaker>PER0</Speaker>
          </token>
          <token id="21">
            <word>BETWEEN</word>
            <lemma>between</lemma>
            <CharacterOffsetBegin>599</CharacterOffsetBegin>
            <CharacterOffsetEnd>606</CharacterOffsetEnd>
            <POS>IN</POS>
            <NER>O</NER>
            <Speaker>PER0</Speaker>
          </token>
          <token id="22">
            <word>THE</word>
            <lemma>the</lemma>
            <CharacterOffsetBegin>607</CharacterOffsetBegin>
            <CharacterOffsetEnd>610</CharacterOffsetEnd>
            <POS>DT</POS>
            <NER>O</NER>
            <Speaker>PER0</Speaker>
          </token>
          <token id="23">
            <word>GUERRILLAS</word>
            <lemma>guerrilla</lemma>
            <CharacterOffsetBegin>611</CharacterOffsetBegin>
            <CharacterOffsetEnd>621</CharacterOffsetEnd>
            <POS>NNS</POS>
            <NER>O</NER>
            <Speaker>PER0</Speaker>
          </token>
          <token id="24">
            <word>OF</word>
            <lemma>of</lemma>
            <CharacterOffsetBegin>622</CharacterOffsetBegin>
            <CharacterOffsetEnd>624</CharacterOffsetEnd>
            <POS>IN</POS>
            <NER>O</NER>
            <Speaker>PER0</Speaker>
          </token>
          <token id="25">
            <word>THE</word>
            <lemma>the</lemma>
            <CharacterOffsetBegin>625</CharacterOffsetBegin>
            <CharacterOffsetEnd>628</CharacterOffsetEnd>
            <POS>DT</POS>
            <NER>O</NER>
            <Speaker>PER0</Speaker>
          </token>
          <token id="26">
            <word>FARABUNDO</word>
            <lemma>FARABUNDO</lemma>
            <CharacterOffsetBegin>629</CharacterOffsetBegin>
            <CharacterOffsetEnd>638</CharacterOffsetEnd>
            <POS>NNP</POS>
            <NER>ORGANIZATION</NER>
            <Speaker>PER0</Speaker>
          </token>
          <token id="27">
            <word>MARTI</word>
            <lemma>MARTI</lemma>
            <CharacterOffsetBegin>639</CharacterOffsetBegin>
            <CharacterOffsetEnd>644</CharacterOffsetEnd>
            <POS>NNP</POS>
            <NER>ORGANIZATION</NER>
            <Speaker>PER0</Speaker>
          </token>
          <token id="28">
            <word>LIBERATION</word>
            <lemma>LIBERATION</lemma>
            <CharacterOffsetBegin>645</CharacterOffsetBegin>
            <CharacterOffsetEnd>655</CharacterOffsetEnd>
            <POS>NNP</POS>
            <NER>ORGANIZATION</NER>
            <Speaker>PER0</Speaker>
          </token>
          <token id="29">
            <word>AND</word>
            <lemma>and</lemma>
            <CharacterOffsetBegin>656</CharacterOffsetBegin>
            <CharacterOffsetEnd>659</CharacterOffsetEnd>
            <POS>CC</POS>
            <NER>O</NER>
            <Speaker>PER0</Speaker>
          </token>
          <token id="30">
            <word>THE</word>
            <lemma>the</lemma>
            <CharacterOffsetBegin>660</CharacterOffsetBegin>
            <CharacterOffsetEnd>663</CharacterOffsetEnd>
            <POS>DT</POS>
            <NER>O</NER>
            <Speaker>PER0</Speaker>
          </token>
          <token id="31">
            <word>ARMY</word>
            <lemma>ARMY</lemma>
            <CharacterOffsetBegin>664</CharacterOffsetBegin>
            <CharacterOffsetEnd>668</CharacterOffsetEnd>
            <POS>NNP</POS>
            <NER>O</NER>
            <Speaker>PER0</Speaker>
          </token>
          <token id="32">
            <word>.</word>
            <lemma>.</lemma>
            <CharacterOffsetBegin>668</CharacterOffsetBegin>
            <CharacterOffsetEnd>669</CharacterOffsetEnd>
            <POS>.</POS>
            <NER>O</NER>
            <Speaker>PER0</Speaker>
          </token>
        </tokens>
        <parse>(ROOT (S (NP (PRP HE)) (VP (VBD WAS) (VP (VBN KILLED) (PP (IN WHILE) (S (VP (VBG COVERING) (NP (NNS EVENTS)) (PP (IN IN) (NP (NP (NNP SAN) (NNP FRANCISCO) (NNP JAVIER)) (, ,) (NP (NNP USULUTAN) (NNP DEPARTMENT)) (, ,) (SBAR (WHADVP (WRB WHERE)) (S (NP (EX THERE)) (VP (VBZ HAS) (VP (VBN BEEN) (NP (NP (JJ HEAVY) (NN FIGHTING)) (PP (IN BETWEEN) (NP (NP (DT THE) (NNS GUERRILLAS)) (PP (IN OF) (NP (NP (DT THE) (NNP FARABUNDO) (NNP MARTI) (NNP LIBERATION)) (CC AND) (NP (DT THE) (NNP ARMY)))))))))))))))))) (. .))) </parse>
        <dependencies type="basic-dependencies">
          <dep type="root">
            <governor idx="0">ROOT</governor>
            <dependent idx="3">KILLED</dependent>
          </dep>
          <dep type="nsubjpass">
            <governor idx="3">KILLED</governor>
            <dependent idx="1">HE</dependent>
          </dep>
          <dep type="auxpass">
            <governor idx="3">KILLED</governor>
            <dependent idx="2">WAS</dependent>
          </dep>
          <dep type="mark">
            <governor idx="5">COVERING</governor>
            <dependent idx="4">WHILE</dependent>
          </dep>
          <dep type="advcl">
            <governor idx="3">KILLED</governor>
            <dependent idx="5">COVERING</dependent>
          </dep>
          <dep type="dobj">
            <governor idx="5">COVERING</governor>
            <dependent idx="6">EVENTS</dependent>
          </dep>
          <dep type="case">
            <governor idx="10">JAVIER</governor>
            <dependent idx="7">IN</dependent>
          </dep>
          <dep type="compound">
            <governor idx="10">JAVIER</governor>
            <dependent idx="8">SAN</dependent>
          </dep>
          <dep type="compound">
            <governor idx="10">JAVIER</governor>
            <dependent idx="9">FRANCISCO</dependent>
          </dep>
          <dep type="nmod">
            <governor idx="5">COVERING</governor>
            <dependent idx="10">JAVIER</dependent>
          </dep>
          <dep type="compound">
            <governor idx="13">DEPARTMENT</governor>
            <dependent idx="12">USULUTAN</dependent>
          </dep>
          <dep type="appos">
            <governor idx="10">JAVIER</governor>
            <dependent idx="13">DEPARTMENT</dependent>
          </dep>
          <dep type="advmod">
            <governor idx="20">FIGHTING</governor>
            <dependent idx="15">WHERE</dependent>
          </dep>
          <dep type="expl">
            <governor idx="20">FIGHTING</governor>
            <dependent idx="16">THERE</dependent>
          </dep>
          <dep type="aux">
            <governor idx="20">FIGHTING</governor>
            <dependent idx="17">HAS</dependent>
          </dep>
          <dep type="cop">
            <governor idx="20">FIGHTING</governor>
            <dependent idx="18">BEEN</dependent>
          </dep>
          <dep type="amod">
            <governor idx="20">FIGHTING</governor>
            <dependent idx="19">HEAVY</dependent>
          </dep>
          <dep type="acl:relcl">
            <governor idx="10">JAVIER</governor>
            <dependent idx="20">FIGHTING</dependent>
          </dep>
          <dep type="case">
            <governor idx="23">GUERRILLAS</governor>
            <dependent idx="21">BETWEEN</dependent>
          </dep>
          <dep type="det">
            <governor idx="23">GUERRILLAS</governor>
            <dependent idx="22">THE</dependent>
          </dep>
          <dep type="nmod">
            <governor idx="20">FIGHTING</governor>
            <dependent idx="23">GUERRILLAS</dependent>
          </dep>
          <dep type="case">
            <governor idx="28">LIBERATION</governor>
            <dependent idx="24">OF</dependent>
          </dep>
          <dep type="det">
            <governor idx="28">LIBERATION</governor>
            <dependent idx="25">THE</dependent>
          </dep>
          <dep type="compound">
            <governor idx="28">LIBERATION</governor>
            <dependent idx="26">FARABUNDO</dependent>
          </dep>
          <dep type="compound">
            <governor idx="28">LIBERATION</governor>
            <dependent idx="27">MARTI</dependent>
          </dep>
          <dep type="nmod">
            <governor idx="23">GUERRILLAS</governor>
            <dependent idx="28">LIBERATION</dependent>
          </dep>
          <dep type="cc">
            <governor idx="28">LIBERATION</governor>
            <dependent idx="29">AND</dependent>
          </dep>
          <dep type="det">
            <governor idx="31">ARMY</governor>
            <dependent idx="30">THE</dependent>
          </dep>
          <dep type="conj">
            <governor idx="28">LIBERATION</governor>
            <dependent idx="31">ARMY</dependent>
          </dep>
        </dependencies>
        <dependencies type="collapsed-dependencies">
          <dep type="root">
            <governor idx="0">ROOT</governor>
            <dependent idx="3">KILLED</dependent>
          </dep>
          <dep type="nsubjpass">
            <governor idx="3">KILLED</governor>
            <dependent idx="1">HE</dependent>
          </dep>
          <dep type="auxpass">
            <governor idx="3">KILLED</governor>
            <dependent idx="2">WAS</dependent>
          </dep>
          <dep type="mark">
            <governor idx="5">COVERING</governor>
            <dependent idx="4">WHILE</dependent>
          </dep>
          <dep type="advcl">
            <governor idx="3">KILLED</governor>
            <dependent idx="5">COVERING</dependent>
          </dep>
          <dep type="dobj">
            <governor idx="5">COVERING</governor>
            <dependent idx="6">EVENTS</dependent>
          </dep>
          <dep type="case">
            <governor idx="10">JAVIER</governor>
            <dependent idx="7">IN</dependent>
          </dep>
          <dep type="compound">
            <governor idx="10">JAVIER</governor>
            <dependent idx="8">SAN</dependent>
          </dep>
          <dep type="compound">
            <governor idx="10">JAVIER</governor>
            <dependent idx="9">FRANCISCO</dependent>
          </dep>
          <dep type="nmod:in">
            <governor idx="5">COVERING</governor>
            <dependent idx="10">JAVIER</dependent>
          </dep>
          <dep type="compound">
            <governor idx="13">DEPARTMENT</governor>
            <dependent idx="12">USULUTAN</dependent>
          </dep>
          <dep type="appos">
            <governor idx="10">JAVIER</governor>
            <dependent idx="13">DEPARTMENT</dependent>
          </dep>
          <dep type="advmod">
            <governor idx="20">FIGHTING</governor>
            <dependent idx="15">WHERE</dependent>
          </dep>
          <dep type="expl">
            <governor idx="20">FIGHTING</governor>
            <dependent idx="16">THERE</dependent>
          </dep>
          <dep type="aux">
            <governor idx="20">FIGHTING</governor>
            <dependent idx="17">HAS</dependent>
          </dep>
          <dep type="cop">
            <governor idx="20">FIGHTING</governor>
            <dependent idx="18">BEEN</dependent>
          </dep>
          <dep type="amod">
            <governor idx="20">FIGHTING</governor>
            <dependent idx="19">HEAVY</dependent>
          </dep>
          <dep type="acl:relcl">
            <governor idx="10">JAVIER</governor>
            <dependent idx="20">FIGHTING</dependent>
          </dep>
          <dep type="case">
            <governor idx="23">GUERRILLAS</governor>
            <dependent idx="21">BETWEEN</dependent>
          </dep>
          <dep type="det">
            <governor idx="23">GUERRILLAS</governor>
            <dependent idx="22">THE</dependent>
          </dep>
          <dep type="nmod:between">
            <governor idx="20">FIGHTING</governor>
            <dependent idx="23">GUERRILLAS</dependent>
          </dep>
          <dep type="case">
            <governor idx="28">LIBERATION</governor>
            <dependent idx="24">OF</dependent>
          </dep>
          <dep type="det">
            <governor idx="28">LIBERATION</governor>
            <dependent idx="25">THE</dependent>
          </dep>
          <dep type="compound">
            <governor idx="28">LIBERATION</governor>
            <dependent idx="26">FARABUNDO</dependent>
          </dep>
          <dep type="compound">
            <governor idx="28">LIBERATION</governor>
            <dependent idx="27">MARTI</dependent>
          </dep>
          <dep type="nmod:of">
            <governor idx="23">GUERRILLAS</governor>
            <dependent idx="28">LIBERATION</dependent>
          </dep>
          <dep type="cc">
            <governor idx="28">LIBERATION</governor>
            <dependent idx="29">AND</dependent>
          </dep>
          <dep type="det">
            <governor idx="31">ARMY</governor>
            <dependent idx="30">THE</dependent>
          </dep>
          <dep type="conj:and">
            <governor idx="28">LIBERATION</governor>
            <dependent idx="31">ARMY</dependent>
          </dep>
        </dependencies>
        <dependencies type="collapsed-ccprocessed-dependencies">
          <dep type="root">
            <governor idx="0">ROOT</governor>
            <dependent idx="3">KILLED</dependent>
          </dep>
          <dep type="nsubjpass">
            <governor idx="3">KILLED</governor>
            <dependent idx="1">HE</dependent>
          </dep>
          <dep type="auxpass">
            <governor idx="3">KILLED</governor>
            <dependent idx="2">WAS</dependent>
          </dep>
          <dep type="mark">
            <governor idx="5">COVERING</governor>
            <dependent idx="4">WHILE</dependent>
          </dep>
          <dep type="advcl">
            <governor idx="3">KILLED</governor>
            <dependent idx="5">COVERING</dependent>
          </dep>
          <dep type="dobj">
            <governor idx="5">COVERING</governor>
            <dependent idx="6">EVENTS</dependent>
          </dep>
          <dep type="case">
            <governor idx="10">JAVIER</governor>
            <dependent idx="7">IN</dependent>
          </dep>
          <dep type="compound">
            <governor idx="10">JAVIER</governor>
            <dependent idx="8">SAN</dependent>
          </dep>
          <dep type="compound">
            <governor idx="10">JAVIER</governor>
            <dependent idx="9">FRANCISCO</dependent>
          </dep>
          <dep type="nmod:in">
            <governor idx="5">COVERING</governor>
            <dependent idx="10">JAVIER</dependent>
          </dep>
          <dep type="compound">
            <governor idx="13">DEPARTMENT</governor>
            <dependent idx="12">USULUTAN</dependent>
          </dep>
          <dep type="appos">
            <governor idx="10">JAVIER</governor>
            <dependent idx="13">DEPARTMENT</dependent>
          </dep>
          <dep type="advmod">
            <governor idx="20">FIGHTING</governor>
            <dependent idx="15">WHERE</dependent>
          </dep>
          <dep type="expl">
            <governor idx="20">FIGHTING</governor>
            <dependent idx="16">THERE</dependent>
          </dep>
          <dep type="aux">
            <governor idx="20">FIGHTING</governor>
            <dependent idx="17">HAS</dependent>
          </dep>
          <dep type="cop">
            <governor idx="20">FIGHTING</governor>
            <dependent idx="18">BEEN</dependent>
          </dep>
          <dep type="amod">
            <governor idx="20">FIGHTING</governor>
            <dependent idx="19">HEAVY</dependent>
          </dep>
          <dep type="acl:relcl">
            <governor idx="10">JAVIER</governor>
            <dependent idx="20">FIGHTING</dependent>
          </dep>
          <dep type="case">
            <governor idx="23">GUERRILLAS</governor>
            <dependent idx="21">BETWEEN</dependent>
          </dep>
          <dep type="det">
            <governor idx="23">GUERRILLAS</governor>
            <dependent idx="22">THE</dependent>
          </dep>
          <dep type="nmod:between">
            <governor idx="20">FIGHTING</governor>
            <dependent idx="23">GUERRILLAS</dependent>
          </dep>
          <dep type="case">
            <governor idx="28">LIBERATION</governor>
            <dependent idx="24">OF</dependent>
          </dep>
          <dep type="det">
            <governor idx="28">LIBERATION</governor>
            <dependent idx="25">THE</dependent>
          </dep>
          <dep type="compound">
            <governor idx="28">LIBERATION</governor>
            <dependent idx="26">FARABUNDO</dependent>
          </dep>
          <dep type="compound">
            <governor idx="28">LIBERATION</governor>
            <dependent idx="27">MARTI</dependent>
          </dep>
          <dep type="nmod:of">
            <governor idx="23">GUERRILLAS</governor>
            <dependent idx="28">LIBERATION</dependent>
          </dep>
          <dep type="cc">
            <governor idx="28">LIBERATION</governor>
            <dependent idx="29">AND</dependent>
          </dep>
          <dep type="det">
            <governor idx="31">ARMY</governor>
            <dependent idx="30">THE</dependent>
          </dep>
          <dep type="nmod:of" extra="true">
            <governor idx="23">GUERRILLAS</governor>
            <dependent idx="31">ARMY</dependent>
          </dep>
          <dep type="conj:and">
            <governor idx="28">LIBERATION</governor>
            <dependent idx="31">ARMY</dependent>
          </dep>
        </dependencies>
      </sentence>
    </sentences>
    <coreference>
      <coreference>
        <mention representative="true">
          <sentence>5</sentence>
          <start>8</start>
          <end>32</end>
          <head>10</head>
          <text>SAN FRANCISCO JAVIER , USULUTAN DEPARTMENT , WHERE THERE HAS BEEN HEAVY FIGHTING BETWEEN THE GUERRILLAS OF THE FARABUNDO MARTI LIBERATION AND THE ARMY</text>
        </mention>
        <mention>
          <sentence>1</sentence>
          <start>51</start>
          <end>54</end>
          <head>53</head>
          <text>SAN FRANCISCO JAVIER</text>
        </mention>
        <mention>
          <sentence>5</sentence>
          <start>8</start>
          <end>11</end>
          <head>10</head>
          <text>SAN FRANCISCO JAVIER</text>
        </mention>
      </coreference>
      <coreference>
        <mention representative="true">
          <sentence>1</sentence>
          <start>55</start>
          <end>56</end>
          <head>55</head>
          <text>USULUTAN</text>
        </mention>
        <mention>
          <sentence>5</sentence>
          <start>12</start>
          <end>13</end>
          <head>12</head>
          <text>USULUTAN</text>
        </mention>
      </coreference>
      <coreference>
        <mention representative="true">
          <sentence>1</sentence>
          <start>8</start>
          <end>11</end>
          <head>10</head>
          <text>RADIO CADENA YSKL</text>
        </mention>
        <mention>
          <sentence>1</sentence>
          <start>42</start>
          <end>43</end>
          <head>42</head>
          <text>HE</text>
        </mention>
      </coreference>
      <coreference>
        <mention representative="true">
          <sentence>1</sentence>
          <start>28</start>
          <end>37</end>
          <head>31</head>
          <text>DUTCH REPORTER CORNELL LAGROW OF A DUTCH TELEVISION STATION</text>
        </mention>
        <mention>
          <sentence>3</sentence>
          <start>5</start>
          <end>7</end>
          <head>6</head>
          <text>CORNELL LAGROW</text>
        </mention>
        <mention>
          <sentence>4</sentence>
          <start>1</start>
          <end>2</end>
          <head>1</head>
          <text>LAGROW</text>
        </mention>
      </coreference>
      <coreference>
        <mention representative="true">
          <sentence>1</sentence>
          <start>55</start>
          <end>57</end>
          <head>56</head>
          <text>USULUTAN DEPARTMENT</text>
        </mention>
        <mention>
          <sentence>5</sentence>
          <start>12</start>
          <end>14</end>
          <head>13</head>
          <text>USULUTAN DEPARTMENT</text>
        </mention>
      </coreference>
      <coreference>
        <mention representative="true">
          <sentence>2</sentence>
          <start>1</start>
          <end>11</end>
          <head>3</head>
          <text>A SOUND TECHNICIAN OF THE -LRB- CBS -RRB- TELEVISION NETWORK</text>
        </mention>
        <mention>
          <sentence>5</sentence>
          <start>1</start>
          <end>2</end>
          <head>1</head>
          <text>HE</text>
        </mention>
      </coreference>
    </coreference>
  </document>
</root>
