<?xml version="1.0" encoding="ASCII"?>
<?xml-stylesheet href="CoreNLP-to-HTML.xsl" type="text/xsl"?>
<root>
  <document>
    <sentences>
      <sentence id="1">
        <tokens>
          <token id="1">
            <word>LA</word>
            <lemma>LA</lemma>
            <CharacterOffsetBegin>3</CharacterOffsetBegin>
            <CharacterOffsetEnd>5</CharacterOffsetEnd>
            <POS>NNP</POS>
            <NER>ORGANIZATION</NER>
            <Speaker>PER0</Speaker>
          </token>
          <token id="2">
            <word>PAZ</word>
            <lemma>PAZ</lemma>
            <CharacterOffsetBegin>6</CharacterOffsetBegin>
            <CharacterOffsetEnd>9</CharacterOffsetEnd>
            <POS>NNP</POS>
            <NER>ORGANIZATION</NER>
            <Speaker>PER0</Speaker>
          </token>
          <token id="3">
            <word>,</word>
            <lemma>,</lemma>
            <CharacterOffsetBegin>9</CharacterOffsetBegin>
            <CharacterOffsetEnd>10</CharacterOffsetEnd>
            <POS>,</POS>
            <NER>O</NER>
            <Speaker>PER0</Speaker>
          </token>
          <token id="4">
            <word>21</word>
            <lemma>21</lemma>
            <CharacterOffsetBegin>11</CharacterOffsetBegin>
            <CharacterOffsetEnd>13</CharacterOffsetEnd>
            <POS>CD</POS>
            <NER>DATE</NER>
            <NormalizedNER>XXXX-03-21</NormalizedNER>
            <Speaker>PER0</Speaker>
            <Timex tid="t1" type="DATE">XXXX-03-21</Timex>
          </token>
          <token id="5">
            <word>MAR</word>
            <lemma>MAR</lemma>
            <CharacterOffsetBegin>14</CharacterOffsetBegin>
            <CharacterOffsetEnd>17</CharacterOffsetEnd>
            <POS>NNP</POS>
            <NER>DATE</NER>
            <NormalizedNER>XXXX-03-21</NormalizedNER>
            <Speaker>PER0</Speaker>
            <Timex tid="t1" type="DATE">XXXX-03-21</Timex>
          </token>
          <token id="6">
            <word>89</word>
            <lemma>89</lemma>
            <CharacterOffsetBegin>18</CharacterOffsetBegin>
            <CharacterOffsetEnd>20</CharacterOffsetEnd>
            <POS>CD</POS>
            <NER>NUMBER</NER>
            <NormalizedNER>89.0</NormalizedNER>
            <Speaker>PER0</Speaker>
          </token>
          <token id="7">
            <word>-LRB-</word>
            <lemma>-lrb-</lemma>
            <CharacterOffsetBegin>21</CharacterOffsetBegin>
            <CharacterOffsetEnd>22</CharacterOffsetEnd>
            <POS>-LRB-</POS>
            <NER>O</NER>
            <Speaker>PER0</Speaker>
          </token>
          <token id="8">
            <word>EFE</word>
            <lemma>efe</lemma>
            <CharacterOffsetBegin>22</CharacterOffsetBegin>
            <CharacterOffsetEnd>25</CharacterOffsetEnd>
            <POS>NN</POS>
            <NER>ORGANIZATION</NER>
            <Speaker>PER0</Speaker>
          </token>
          <token id="9">
            <word>-RRB-</word>
            <lemma>-rrb-</lemma>
            <CharacterOffsetBegin>25</CharacterOffsetBegin>
            <CharacterOffsetEnd>26</CharacterOffsetEnd>
            <POS>-RRB-</POS>
            <NER>O</NER>
            <Speaker>PER0</Speaker>
          </token>
          <token id="10">
            <word>--</word>
            <lemma>--</lemma>
            <CharacterOffsetBegin>27</CharacterOffsetBegin>
            <CharacterOffsetEnd>29</CharacterOffsetEnd>
            <POS>:</POS>
            <NER>O</NER>
            <Speaker>PER0</Speaker>
          </token>
          <token id="11">
            <word>-LSB-</word>
            <lemma>-lsb-</lemma>
            <CharacterOffsetBegin>30</CharacterOffsetBegin>
            <CharacterOffsetEnd>31</CharacterOffsetEnd>
            <POS>-LRB-</POS>
            <NER>O</NER>
            <Speaker>PER0</Speaker>
          </token>
          <token id="12">
            <word>TEXT</word>
            <lemma>text</lemma>
            <CharacterOffsetBegin>31</CharacterOffsetBegin>
            <CharacterOffsetEnd>35</CharacterOffsetEnd>
            <POS>NN</POS>
            <NER>O</NER>
            <Speaker>PER0</Speaker>
          </token>
          <token id="13">
            <word>-RSB-</word>
            <lemma>-rsb-</lemma>
            <CharacterOffsetBegin>35</CharacterOffsetBegin>
            <CharacterOffsetEnd>36</CharacterOffsetEnd>
            <POS>-RRB-</POS>
            <NER>O</NER>
            <Speaker>PER0</Speaker>
          </token>
          <token id="14">
            <word>A</word>
            <lemma>a</lemma>
            <CharacterOffsetBegin>37</CharacterOffsetBegin>
            <CharacterOffsetEnd>38</CharacterOffsetEnd>
            <POS>DT</POS>
            <NER>O</NER>
            <Speaker>PER0</Speaker>
          </token>
          <token id="15">
            <word>BOMB</word>
            <lemma>bomb</lemma>
            <CharacterOffsetBegin>39</CharacterOffsetBegin>
            <CharacterOffsetEnd>43</CharacterOffsetEnd>
            <POS>NN</POS>
            <NER>O</NER>
            <Speaker>PER0</Speaker>
          </token>
          <token id="16">
            <word>PLANTED</word>
            <lemma>plant</lemma>
            <CharacterOffsetBegin>44</CharacterOffsetBegin>
            <CharacterOffsetEnd>51</CharacterOffsetEnd>
            <POS>VBN</POS>
            <NER>O</NER>
            <Speaker>PER0</Speaker>
          </token>
          <token id="17">
            <word>NEAR</word>
            <lemma>near</lemma>
            <CharacterOffsetBegin>52</CharacterOffsetBegin>
            <CharacterOffsetEnd>56</CharacterOffsetEnd>
            <POS>IN</POS>
            <NER>O</NER>
            <Speaker>PER0</Speaker>
          </token>
          <token id="18">
            <word>THE</word>
            <lemma>the</lemma>
            <CharacterOffsetBegin>57</CharacterOffsetBegin>
            <CharacterOffsetEnd>60</CharacterOffsetEnd>
            <POS>DT</POS>
            <NER>O</NER>
            <Speaker>PER0</Speaker>
          </token>
          <token id="19">
            <word>U.S.</word>
            <lemma>U.S.</lemma>
            <CharacterOffsetBegin>61</CharacterOffsetBegin>
            <CharacterOffsetEnd>65</CharacterOffsetEnd>
            <POS>NNP</POS>
            <NER>LOCATION</NER>
            <Speaker>PER0</Speaker>
          </token>
          <token id="20">
            <word>EMBASSY</word>
            <lemma>EMBASSY</lemma>
            <CharacterOffsetBegin>66</CharacterOffsetBegin>
            <CharacterOffsetEnd>73</CharacterOffsetEnd>
            <POS>NNP</POS>
            <NER>O</NER>
            <Speaker>PER0</Speaker>
          </token>
          <token id="21">
            <word>IN</word>
            <lemma>in</lemma>
            <CharacterOffsetBegin>74</CharacterOffsetBegin>
            <CharacterOffsetEnd>76</CharacterOffsetEnd>
            <POS>IN</POS>
            <NER>O</NER>
            <Speaker>PER0</Speaker>
          </token>
          <token id="22">
            <word>THIS</word>
            <lemma>this</lemma>
            <CharacterOffsetBegin>77</CharacterOffsetBegin>
            <CharacterOffsetEnd>81</CharacterOffsetEnd>
            <POS>DT</POS>
            <NER>O</NER>
            <Speaker>PER0</Speaker>
          </token>
          <token id="23">
            <word>CAPITAL</word>
            <lemma>capital</lemma>
            <CharacterOffsetBegin>82</CharacterOffsetBegin>
            <CharacterOffsetEnd>89</CharacterOffsetEnd>
            <POS>NN</POS>
            <NER>O</NER>
            <Speaker>PER0</Speaker>
          </token>
          <token id="24">
            <word>WAS</word>
            <lemma>be</lemma>
            <CharacterOffsetBegin>90</CharacterOffsetBegin>
            <CharacterOffsetEnd>93</CharacterOffsetEnd>
            <POS>VBD</POS>
            <NER>O</NER>
            <Speaker>PER0</Speaker>
          </token>
          <token id="25">
            <word>DEFUSED</word>
            <lemma>defuse</lemma>
            <CharacterOffsetBegin>94</CharacterOffsetBegin>
            <CharacterOffsetEnd>101</CharacterOffsetEnd>
            <POS>VBN</POS>
            <NER>O</NER>
            <Speaker>PER0</Speaker>
          </token>
          <token id="26">
            <word>TODAY</word>
            <lemma>today</lemma>
            <CharacterOffsetBegin>102</CharacterOffsetBegin>
            <CharacterOffsetEnd>107</CharacterOffsetEnd>
            <POS>NN</POS>
            <NER>DATE</NER>
            <NormalizedNER>THIS P1D</NormalizedNER>
            <Speaker>PER0</Speaker>
            <Timex tid="t2" type="DATE"/>
          </token>
          <token id="27">
            <word>BY</word>
            <lemma>by</lemma>
            <CharacterOffsetBegin>108</CharacterOffsetBegin>
            <CharacterOffsetEnd>110</CharacterOffsetEnd>
            <POS>IN</POS>
            <NER>O</NER>
            <Speaker>PER0</Speaker>
          </token>
          <token id="28">
            <word>THE</word>
            <lemma>the</lemma>
            <CharacterOffsetBegin>111</CharacterOffsetBegin>
            <CharacterOffsetEnd>114</CharacterOffsetEnd>
            <POS>DT</POS>
            <NER>O</NER>
            <Speaker>PER0</Speaker>
          </token>
          <token id="29">
            <word>POLICE</word>
            <lemma>police</lemma>
            <CharacterOffsetBegin>115</CharacterOffsetBegin>
            <CharacterOffsetEnd>121</CharacterOffsetEnd>
            <POS>NN</POS>
            <NER>O</NER>
            <Speaker>PER0</Speaker>
          </token>
          <token id="30">
            <word>.</word>
            <lemma>.</lemma>
            <CharacterOffsetBegin>121</CharacterOffsetBegin>
            <CharacterOffsetEnd>122</CharacterOffsetEnd>
            <POS>.</POS>
            <NER>O</NER>
            <Speaker>PER0</Speaker>
          </token>
        </tokens>
        <parse>(ROOT (S (NP (NP (NNP LA) (NNP PAZ)) (, ,) (NP (NP (CD 21) (NNP MAR) (CD 89)) (PRN (-LRB- -LRB-) (NP (NN EFE)) (-RRB- -RRB-)))) (: --) (NP (NP (-LRB- -LSB-) (NN TEXT)) (PP (-RRB- -RSB-) (NP (NP (DT A) (NN BOMB)) (VP (VBN PLANTED) (PP (IN NEAR) (NP (NP (DT THE) (NNP U.S.) (NNP EMBASSY)) (PP (IN IN) (NP (DT THIS) (NN CAPITAL))))))))) (VP (VBD WAS) (VP (VBN DEFUSED) (NP-TMP (NN TODAY)) (PP (IN BY) (NP (DT THE) (NN POLICE))))) (. .))) </parse>
        <dependencies type="basic-dependencies">
          <dep type="root">
            <governor idx="0">ROOT</governor>
            <dependent idx="25">DEFUSED</dependent>
          </dep>
          <dep type="compound">
            <governor idx="2">PAZ</governor>
            <dependent idx="1">LA</dependent>
          </dep>
          <dep type="nsubjpass">
            <governor idx="25">DEFUSED</governor>
            <dependent idx="2">PAZ</dependent>
          </dep>
          <dep type="nummod">
            <governor idx="5">MAR</governor>
            <dependent idx="4">21</dependent>
          </dep>
          <dep type="appos">
            <governor idx="2">PAZ</governor>
            <dependent idx="5">MAR</dependent>
          </dep>
          <dep type="nummod">
            <governor idx="5">MAR</governor>
            <dependent idx="6">89</dependent>
          </dep>
          <dep type="appos">
            <governor idx="5">MAR</governor>
            <dependent idx="8">EFE</dependent>
          </dep>
          <dep type="nsubjpass">
            <governor idx="25">DEFUSED</governor>
            <dependent idx="12">TEXT</dependent>
          </dep>
          <dep type="det">
            <governor idx="15">BOMB</governor>
            <dependent idx="14">A</dependent>
          </dep>
          <dep type="nmod">
            <governor idx="12">TEXT</governor>
            <dependent idx="15">BOMB</dependent>
          </dep>
          <dep type="acl">
            <governor idx="15">BOMB</governor>
            <dependent idx="16">PLANTED</dependent>
          </dep>
          <dep type="case">
            <governor idx="20">EMBASSY</governor>
            <dependent idx="17">NEAR</dependent>
          </dep>
          <dep type="det">
            <governor idx="20">EMBASSY</governor>
            <dependent idx="18">THE</dependent>
          </dep>
          <dep type="compound">
            <governor idx="20">EMBASSY</governor>
            <dependent idx="19">U.S.</dependent>
          </dep>
          <dep type="nmod">
            <governor idx="16">PLANTED</governor>
            <dependent idx="20">EMBASSY</dependent>
          </dep>
          <dep type="case">
            <governor idx="23">CAPITAL</governor>
            <dependent idx="21">IN</dependent>
          </dep>
          <dep type="det">
            <governor idx="23">CAPITAL</governor>
            <dependent idx="22">THIS</dependent>
          </dep>
          <dep type="nmod">
            <governor idx="20">EMBASSY</governor>
            <dependent idx="23">CAPITAL</dependent>
          </dep>
          <dep type="auxpass">
            <governor idx="25">DEFUSED</governor>
            <dependent idx="24">WAS</dependent>
          </dep>
          <dep type="nmod:tmod">
            <governor idx="25">DEFUSED</governor>
            <dependent idx="26">TODAY</dependent>
          </dep>
          <dep type="case">
            <governor idx="29">POLICE</governor>
            <dependent idx="27">BY</dependent>
          </dep>
          <dep type="det">
            <governor idx="29">POLICE</governor>
            <dependent idx="28">THE</dependent>
          </dep>
          <dep type="nmod">
            <governor idx="25">DEFUSED</governor>
            <dependent idx="29">POLICE</dependent>
          </dep>
        </dependencies>
        <dependencies type="collapsed-dependencies">
          <dep type="root">
            <governor idx="0">ROOT</governor>
            <dependent idx="25">DEFUSED</dependent>
          </dep>
          <dep type="compound">
            <governor idx="2">PAZ</governor>
            <dependent idx="1">LA</dependent>
          </dep>
          <dep type="nsubjpass">
            <governor idx="25">DEFUSED</governor>
            <dependent idx="2">PAZ</dependent>
          </dep>
          <dep type="nummod">
            <governor idx="5">MAR</governor>
            <dependent idx="4">21</dependent>
          </dep>
          <dep type="appos">
            <governor idx="2">PAZ</governor>
            <dependent idx="5">MAR</dependent>
          </dep>
          <dep type="nummod">
            <governor idx="5">MAR</governor>
            <dependent idx="6">89</dependent>
          </dep>
          <dep type="appos">
            <governor idx="5">MAR</governor>
            <dependent idx="8">EFE</dependent>
          </dep>
          <dep type="nsubjpass">
            <governor idx="25">DEFUSED</governor>
            <dependent idx="12">TEXT</dependent>
          </dep>
          <dep type="det">
            <governor idx="15">BOMB</governor>
            <dependent idx="14">A</dependent>
          </dep>
          <dep type="nmod">
            <governor idx="12">TEXT</governor>
            <dependent idx="15">BOMB</dependent>
          </dep>
          <dep type="acl">
            <governor idx="15">BOMB</governor>
            <dependent idx="16">PLANTED</dependent>
          </dep>
          <dep type="case">
            <governor idx="20">EMBASSY</governor>
            <dependent idx="17">NEAR</dependent>
          </dep>
          <dep type="det">
            <governor idx="20">EMBASSY</governor>
            <dependent idx="18">THE</dependent>
          </dep>
          <dep type="compound">
            <governor idx="20">EMBASSY</governor>
            <dependent idx="19">U.S.</dependent>
          </dep>
          <dep type="nmod:near">
            <governor idx="16">PLANTED</governor>
            <dependent idx="20">EMBASSY</dependent>
          </dep>
          <dep type="case">
            <governor idx="23">CAPITAL</governor>
            <dependent idx="21">IN</dependent>
          </dep>
          <dep type="det">
            <governor idx="23">CAPITAL</governor>
            <dependent idx="22">THIS</dependent>
          </dep>
          <dep type="nmod:in">
            <governor idx="20">EMBASSY</governor>
            <dependent idx="23">CAPITAL</dependent>
          </dep>
          <dep type="auxpass">
            <governor idx="25">DEFUSED</governor>
            <dependent idx="24">WAS</dependent>
          </dep>
          <dep type="nmod:tmod">
            <governor idx="25">DEFUSED</governor>
            <dependent idx="26">TODAY</dependent>
          </dep>
          <dep type="case">
            <governor idx="29">POLICE</governor>
            <dependent idx="27">BY</dependent>
          </dep>
          <dep type="det">
            <governor idx="29">POLICE</governor>
            <dependent idx="28">THE</dependent>
          </dep>
          <dep type="nmod:agent">
            <governor idx="25">DEFUSED</governor>
            <dependent idx="29">POLICE</dependent>
          </dep>
        </dependencies>
        <dependencies type="collapsed-ccprocessed-dependencies">
          <dep type="root">
            <governor idx="0">ROOT</governor>
            <dependent idx="25">DEFUSED</dependent>
          </dep>
          <dep type="compound">
            <governor idx="2">PAZ</governor>
            <dependent idx="1">LA</dependent>
          </dep>
          <dep type="nsubjpass">
            <governor idx="25">DEFUSED</governor>
            <dependent idx="2">PAZ</dependent>
          </dep>
          <dep type="nummod">
            <governor idx="5">MAR</governor>
            <dependent idx="4">21</dependent>
          </dep>
          <dep type="appos">
            <governor idx="2">PAZ</governor>
            <dependent idx="5">MAR</dependent>
          </dep>
          <dep type="nummod">
            <governor idx="5">MAR</governor>
            <dependent idx="6">89</dependent>
          </dep>
          <dep type="appos">
            <governor idx="5">MAR</governor>
            <dependent idx="8">EFE</dependent>
          </dep>
          <dep type="nsubjpass">
            <governor idx="25">DEFUSED</governor>
            <dependent idx="12">TEXT</dependent>
          </dep>
          <dep type="det">
            <governor idx="15">BOMB</governor>
            <dependent idx="14">A</dependent>
          </dep>
          <dep type="nmod">
            <governor idx="12">TEXT</governor>
            <dependent idx="15">BOMB</dependent>
          </dep>
          <dep type="acl">
            <governor idx="15">BOMB</governor>
            <dependent idx="16">PLANTED</dependent>
          </dep>
          <dep type="case">
            <governor idx="20">EMBASSY</governor>
            <dependent idx="17">NEAR</dependent>
          </dep>
          <dep type="det">
            <governor idx="20">EMBASSY</governor>
            <dependent idx="18">THE</dependent>
          </dep>
          <dep type="compound">
            <governor idx="20">EMBASSY</governor>
            <dependent idx="19">U.S.</dependent>
          </dep>
          <dep type="nmod:near">
            <governor idx="16">PLANTED</governor>
            <dependent idx="20">EMBASSY</dependent>
          </dep>
          <dep type="case">
            <governor idx="23">CAPITAL</governor>
            <dependent idx="21">IN</dependent>
          </dep>
          <dep type="det">
            <governor idx="23">CAPITAL</governor>
            <dependent idx="22">THIS</dependent>
          </dep>
          <dep type="nmod:in">
            <governor idx="20">EMBASSY</governor>
            <dependent idx="23">CAPITAL</dependent>
          </dep>
          <dep type="auxpass">
            <governor idx="25">DEFUSED</governor>
            <dependent idx="24">WAS</dependent>
          </dep>
          <dep type="nmod:tmod">
            <governor idx="25">DEFUSED</governor>
            <dependent idx="26">TODAY</dependent>
          </dep>
          <dep type="case">
            <governor idx="29">POLICE</governor>
            <dependent idx="27">BY</dependent>
          </dep>
          <dep type="det">
            <governor idx="29">POLICE</governor>
            <dependent idx="28">THE</dependent>
          </dep>
          <dep type="nmod:agent">
            <governor idx="25">DEFUSED</governor>
            <dependent idx="29">POLICE</dependent>
          </dep>
        </dependencies>
      </sentence>
      <sentence id="2">
        <tokens>
          <token id="1">
            <word>ACCORDING</word>
            <lemma>accord</lemma>
            <CharacterOffsetBegin>127</CharacterOffsetBegin>
            <CharacterOffsetEnd>136</CharacterOffsetEnd>
            <POS>VBG</POS>
            <NER>O</NER>
            <Speaker>PER0</Speaker>
          </token>
          <token id="2">
            <word>TO</word>
            <lemma>to</lemma>
            <CharacterOffsetBegin>137</CharacterOffsetBegin>
            <CharacterOffsetEnd>139</CharacterOffsetEnd>
            <POS>TO</POS>
            <NER>O</NER>
            <Speaker>PER0</Speaker>
          </token>
          <token id="3">
            <word>EARLY</word>
            <lemma>early</lemma>
            <CharacterOffsetBegin>140</CharacterOffsetBegin>
            <CharacterOffsetEnd>145</CharacterOffsetEnd>
            <POS>JJ</POS>
            <NER>O</NER>
            <Speaker>PER0</Speaker>
          </token>
          <token id="4">
            <word>REPORTS</word>
            <lemma>report</lemma>
            <CharacterOffsetBegin>146</CharacterOffsetBegin>
            <CharacterOffsetEnd>153</CharacterOffsetEnd>
            <POS>NNS</POS>
            <NER>O</NER>
            <Speaker>PER0</Speaker>
          </token>
          <token id="5">
            <word>FROM</word>
            <lemma>from</lemma>
            <CharacterOffsetBegin>154</CharacterOffsetBegin>
            <CharacterOffsetEnd>158</CharacterOffsetEnd>
            <POS>IN</POS>
            <NER>O</NER>
            <Speaker>PER0</Speaker>
          </token>
          <token id="6">
            <word>THE</word>
            <lemma>the</lemma>
            <CharacterOffsetBegin>159</CharacterOffsetBegin>
            <CharacterOffsetEnd>162</CharacterOffsetEnd>
            <POS>DT</POS>
            <NER>O</NER>
            <Speaker>PER0</Speaker>
          </token>
          <token id="7">
            <word>BOMB</word>
            <lemma>bomb</lemma>
            <CharacterOffsetBegin>163</CharacterOffsetBegin>
            <CharacterOffsetEnd>167</CharacterOffsetEnd>
            <POS>NN</POS>
            <NER>O</NER>
            <Speaker>PER0</Speaker>
          </token>
          <token id="8">
            <word>SQUAD</word>
            <lemma>squad</lemma>
            <CharacterOffsetBegin>168</CharacterOffsetBegin>
            <CharacterOffsetEnd>173</CharacterOffsetEnd>
            <POS>NN</POS>
            <NER>O</NER>
            <Speaker>PER0</Speaker>
          </token>
          <token id="9">
            <word>,</word>
            <lemma>,</lemma>
            <CharacterOffsetBegin>173</CharacterOffsetBegin>
            <CharacterOffsetEnd>174</CharacterOffsetEnd>
            <POS>,</POS>
            <NER>O</NER>
            <Speaker>PER0</Speaker>
          </token>
          <token id="10">
            <word>WHICH</word>
            <lemma>which</lemma>
            <CharacterOffsetBegin>175</CharacterOffsetBegin>
            <CharacterOffsetEnd>180</CharacterOffsetEnd>
            <POS>WDT</POS>
            <NER>O</NER>
            <Speaker>PER0</Speaker>
          </token>
          <token id="11">
            <word>IS</word>
            <lemma>be</lemma>
            <CharacterOffsetBegin>181</CharacterOffsetBegin>
            <CharacterOffsetEnd>183</CharacterOffsetEnd>
            <POS>VBZ</POS>
            <NER>O</NER>
            <Speaker>PER0</Speaker>
          </token>
          <token id="12">
            <word>SUBORDINATE</word>
            <lemma>subordinate</lemma>
            <CharacterOffsetBegin>184</CharacterOffsetBegin>
            <CharacterOffsetEnd>195</CharacterOffsetEnd>
            <POS>JJ</POS>
            <NER>O</NER>
            <Speaker>PER0</Speaker>
          </token>
          <token id="13">
            <word>TO</word>
            <lemma>to</lemma>
            <CharacterOffsetBegin>196</CharacterOffsetBegin>
            <CharacterOffsetEnd>198</CharacterOffsetEnd>
            <POS>TO</POS>
            <NER>O</NER>
            <Speaker>PER0</Speaker>
          </token>
          <token id="14">
            <word>THE</word>
            <lemma>the</lemma>
            <CharacterOffsetBegin>199</CharacterOffsetBegin>
            <CharacterOffsetEnd>202</CharacterOffsetEnd>
            <POS>DT</POS>
            <NER>O</NER>
            <Speaker>PER0</Speaker>
          </token>
          <token id="15">
            <word>FIRE</word>
            <lemma>FIRE</lemma>
            <CharacterOffsetBegin>203</CharacterOffsetBegin>
            <CharacterOffsetEnd>207</CharacterOffsetEnd>
            <POS>NNP</POS>
            <NER>O</NER>
            <Speaker>PER0</Speaker>
          </token>
          <token id="16">
            <word>DEPARTMENT</word>
            <lemma>DEPARTMENT</lemma>
            <CharacterOffsetBegin>208</CharacterOffsetBegin>
            <CharacterOffsetEnd>218</CharacterOffsetEnd>
            <POS>NNP</POS>
            <NER>O</NER>
            <Speaker>PER0</Speaker>
          </token>
          <token id="17">
            <word>,</word>
            <lemma>,</lemma>
            <CharacterOffsetBegin>218</CharacterOffsetBegin>
            <CharacterOffsetEnd>219</CharacterOffsetEnd>
            <POS>,</POS>
            <NER>O</NER>
            <Speaker>PER0</Speaker>
          </token>
          <token id="18">
            <word>AN</word>
            <lemma>a</lemma>
            <CharacterOffsetBegin>220</CharacterOffsetBegin>
            <CharacterOffsetEnd>222</CharacterOffsetEnd>
            <POS>DT</POS>
            <NER>O</NER>
            <Speaker>PER0</Speaker>
          </token>
          <token id="19">
            <word>ANONYMOUS</word>
            <lemma>anonymous</lemma>
            <CharacterOffsetBegin>223</CharacterOffsetBegin>
            <CharacterOffsetEnd>232</CharacterOffsetEnd>
            <POS>JJ</POS>
            <NER>O</NER>
            <Speaker>PER0</Speaker>
          </token>
          <token id="20">
            <word>CALL</word>
            <lemma>call</lemma>
            <CharacterOffsetBegin>233</CharacterOffsetBegin>
            <CharacterOffsetEnd>237</CharacterOffsetEnd>
            <POS>NN</POS>
            <NER>O</NER>
            <Speaker>PER0</Speaker>
          </token>
          <token id="21">
            <word>RECEIVED</word>
            <lemma>receive</lemma>
            <CharacterOffsetBegin>238</CharacterOffsetBegin>
            <CharacterOffsetEnd>246</CharacterOffsetEnd>
            <POS>VBD</POS>
            <NER>O</NER>
            <Speaker>PER0</Speaker>
          </token>
          <token id="22">
            <word>AT</word>
            <lemma>at</lemma>
            <CharacterOffsetBegin>247</CharacterOffsetBegin>
            <CharacterOffsetEnd>249</CharacterOffsetEnd>
            <POS>IN</POS>
            <NER>O</NER>
            <Speaker>PER0</Speaker>
          </token>
          <token id="23">
            <word>THE</word>
            <lemma>the</lemma>
            <CharacterOffsetBegin>250</CharacterOffsetBegin>
            <CharacterOffsetEnd>253</CharacterOffsetEnd>
            <POS>DT</POS>
            <NER>O</NER>
            <Speaker>PER0</Speaker>
          </token>
          <token id="24">
            <word>U.S.</word>
            <lemma>U.S.</lemma>
            <CharacterOffsetBegin>254</CharacterOffsetBegin>
            <CharacterOffsetEnd>258</CharacterOffsetEnd>
            <POS>NNP</POS>
            <NER>LOCATION</NER>
            <Speaker>PER0</Speaker>
          </token>
          <token id="25">
            <word>EMBASSY</word>
            <lemma>EMBASSY</lemma>
            <CharacterOffsetBegin>259</CharacterOffsetBegin>
            <CharacterOffsetEnd>266</CharacterOffsetEnd>
            <POS>NNP</POS>
            <NER>O</NER>
            <Speaker>PER0</Speaker>
          </token>
          <token id="26">
            <word>REPORTED</word>
            <lemma>report</lemma>
            <CharacterOffsetBegin>267</CharacterOffsetBegin>
            <CharacterOffsetEnd>275</CharacterOffsetEnd>
            <POS>VBD</POS>
            <NER>O</NER>
            <Speaker>PER0</Speaker>
          </token>
          <token id="27">
            <word>THAT</word>
            <lemma>that</lemma>
            <CharacterOffsetBegin>276</CharacterOffsetBegin>
            <CharacterOffsetEnd>280</CharacterOffsetEnd>
            <POS>IN</POS>
            <NER>O</NER>
            <Speaker>PER0</Speaker>
          </token>
          <token id="28">
            <word>THE</word>
            <lemma>the</lemma>
            <CharacterOffsetBegin>281</CharacterOffsetBegin>
            <CharacterOffsetEnd>284</CharacterOffsetEnd>
            <POS>DT</POS>
            <NER>O</NER>
            <Speaker>PER0</Speaker>
          </token>
          <token id="29">
            <word>BOMB</word>
            <lemma>bomb</lemma>
            <CharacterOffsetBegin>285</CharacterOffsetBegin>
            <CharacterOffsetEnd>289</CharacterOffsetEnd>
            <POS>NN</POS>
            <NER>O</NER>
            <Speaker>PER0</Speaker>
          </token>
          <token id="30">
            <word>WAS</word>
            <lemma>be</lemma>
            <CharacterOffsetBegin>290</CharacterOffsetBegin>
            <CharacterOffsetEnd>293</CharacterOffsetEnd>
            <POS>VBD</POS>
            <NER>O</NER>
            <Speaker>PER0</Speaker>
          </token>
          <token id="31">
            <word>ABOUT</word>
            <lemma>about</lemma>
            <CharacterOffsetBegin>294</CharacterOffsetBegin>
            <CharacterOffsetEnd>299</CharacterOffsetEnd>
            <POS>IN</POS>
            <NER>O</NER>
            <Speaker>PER0</Speaker>
          </token>
          <token id="32">
            <word>TO</word>
            <lemma>to</lemma>
            <CharacterOffsetBegin>300</CharacterOffsetBegin>
            <CharacterOffsetEnd>302</CharacterOffsetEnd>
            <POS>TO</POS>
            <NER>O</NER>
            <Speaker>PER0</Speaker>
          </token>
          <token id="33">
            <word>EXPLODE</word>
            <lemma>explode</lemma>
            <CharacterOffsetBegin>303</CharacterOffsetBegin>
            <CharacterOffsetEnd>310</CharacterOffsetEnd>
            <POS>VB</POS>
            <NER>O</NER>
            <Speaker>PER0</Speaker>
          </token>
          <token id="34">
            <word>.</word>
            <lemma>.</lemma>
            <CharacterOffsetBegin>310</CharacterOffsetBegin>
            <CharacterOffsetEnd>311</CharacterOffsetEnd>
            <POS>.</POS>
            <NER>O</NER>
            <Speaker>PER0</Speaker>
          </token>
        </tokens>
        <parse>(ROOT (S (PP (VBG ACCORDING) (PP (TO TO) (NP (NP (JJ EARLY) (NNS REPORTS)) (PP (IN FROM) (NP (NP (DT THE) (NN BOMB) (NN SQUAD)) (, ,) (SBAR (WHNP (WDT WHICH)) (S (VP (VBZ IS) (ADJP (JJ SUBORDINATE) (PP (TO TO) (NP (DT THE) (NNP FIRE) (NNP DEPARTMENT)))))))))))) (, ,) (NP (NP (DT AN) (JJ ANONYMOUS) (NN CALL)) (VP (VBD RECEIVED) (PP (IN AT) (NP (DT THE) (NNP U.S.) (NNP EMBASSY))))) (VP (VBD REPORTED) (SBAR (IN THAT) (S (NP (DT THE) (NN BOMB)) (VP (VBD WAS) (VP (IN ABOUT) (S (VP (TO TO) (VP (VB EXPLODE))))))))) (. .))) </parse>
        <dependencies type="basic-dependencies">
          <dep type="root">
            <governor idx="0">ROOT</governor>
            <dependent idx="26">REPORTED</dependent>
          </dep>
          <dep type="case">
            <governor idx="4">REPORTS</governor>
            <dependent idx="1">ACCORDING</dependent>
          </dep>
          <dep type="case">
            <governor idx="4">REPORTS</governor>
            <dependent idx="2">TO</dependent>
          </dep>
          <dep type="amod">
            <governor idx="4">REPORTS</governor>
            <dependent idx="3">EARLY</dependent>
          </dep>
          <dep type="advcl">
            <governor idx="26">REPORTED</governor>
            <dependent idx="4">REPORTS</dependent>
          </dep>
          <dep type="case">
            <governor idx="8">SQUAD</governor>
            <dependent idx="5">FROM</dependent>
          </dep>
          <dep type="det">
            <governor idx="8">SQUAD</governor>
            <dependent idx="6">THE</dependent>
          </dep>
          <dep type="compound">
            <governor idx="8">SQUAD</governor>
            <dependent idx="7">BOMB</dependent>
          </dep>
          <dep type="nmod">
            <governor idx="4">REPORTS</governor>
            <dependent idx="8">SQUAD</dependent>
          </dep>
          <dep type="nsubj">
            <governor idx="12">SUBORDINATE</governor>
            <dependent idx="10">WHICH</dependent>
          </dep>
          <dep type="cop">
            <governor idx="12">SUBORDINATE</governor>
            <dependent idx="11">IS</dependent>
          </dep>
          <dep type="acl:relcl">
            <governor idx="8">SQUAD</governor>
            <dependent idx="12">SUBORDINATE</dependent>
          </dep>
          <dep type="case">
            <governor idx="16">DEPARTMENT</governor>
            <dependent idx="13">TO</dependent>
          </dep>
          <dep type="det">
            <governor idx="16">DEPARTMENT</governor>
            <dependent idx="14">THE</dependent>
          </dep>
          <dep type="compound">
            <governor idx="16">DEPARTMENT</governor>
            <dependent idx="15">FIRE</dependent>
          </dep>
          <dep type="nmod">
            <governor idx="12">SUBORDINATE</governor>
            <dependent idx="16">DEPARTMENT</dependent>
          </dep>
          <dep type="det">
            <governor idx="20">CALL</governor>
            <dependent idx="18">AN</dependent>
          </dep>
          <dep type="amod">
            <governor idx="20">CALL</governor>
            <dependent idx="19">ANONYMOUS</dependent>
          </dep>
          <dep type="nsubj">
            <governor idx="26">REPORTED</governor>
            <dependent idx="20">CALL</dependent>
          </dep>
          <dep type="acl">
            <governor idx="20">CALL</governor>
            <dependent idx="21">RECEIVED</dependent>
          </dep>
          <dep type="case">
            <governor idx="25">EMBASSY</governor>
            <dependent idx="22">AT</dependent>
          </dep>
          <dep type="det">
            <governor idx="25">EMBASSY</governor>
            <dependent idx="23">THE</dependent>
          </dep>
          <dep type="compound">
            <governor idx="25">EMBASSY</governor>
            <dependent idx="24">U.S.</dependent>
          </dep>
          <dep type="nmod">
            <governor idx="21">RECEIVED</governor>
            <dependent idx="25">EMBASSY</dependent>
          </dep>
          <dep type="mark">
            <governor idx="31">ABOUT</governor>
            <dependent idx="27">THAT</dependent>
          </dep>
          <dep type="det">
            <governor idx="29">BOMB</governor>
            <dependent idx="28">THE</dependent>
          </dep>
          <dep type="nsubj">
            <governor idx="31">ABOUT</governor>
            <dependent idx="29">BOMB</dependent>
          </dep>
          <dep type="aux">
            <governor idx="31">ABOUT</governor>
            <dependent idx="30">WAS</dependent>
          </dep>
          <dep type="ccomp">
            <governor idx="26">REPORTED</governor>
            <dependent idx="31">ABOUT</dependent>
          </dep>
          <dep type="mark">
            <governor idx="33">EXPLODE</governor>
            <dependent idx="32">TO</dependent>
          </dep>
          <dep type="xcomp">
            <governor idx="31">ABOUT</governor>
            <dependent idx="33">EXPLODE</dependent>
          </dep>
        </dependencies>
        <dependencies type="collapsed-dependencies">
          <dep type="root">
            <governor idx="0">ROOT</governor>
            <dependent idx="26">REPORTED</dependent>
          </dep>
          <dep type="case">
            <governor idx="4">REPORTS</governor>
            <dependent idx="1">ACCORDING</dependent>
          </dep>
          <dep type="mwe">
            <governor idx="1">ACCORDING</governor>
            <dependent idx="2">TO</dependent>
          </dep>
          <dep type="amod">
            <governor idx="4">REPORTS</governor>
            <dependent idx="3">EARLY</dependent>
          </dep>
          <dep type="advcl:according_to">
            <governor idx="26">REPORTED</governor>
            <dependent idx="4">REPORTS</dependent>
          </dep>
          <dep type="case">
            <governor idx="8">SQUAD</governor>
            <dependent idx="5">FROM</dependent>
          </dep>
          <dep type="det">
            <governor idx="8">SQUAD</governor>
            <dependent idx="6">THE</dependent>
          </dep>
          <dep type="compound">
            <governor idx="8">SQUAD</governor>
            <dependent idx="7">BOMB</dependent>
          </dep>
          <dep type="nmod:from">
            <governor idx="4">REPORTS</governor>
            <dependent idx="8">SQUAD</dependent>
          </dep>
          <dep type="nsubj">
            <governor idx="12">SUBORDINATE</governor>
            <dependent idx="10">WHICH</dependent>
          </dep>
          <dep type="cop">
            <governor idx="12">SUBORDINATE</governor>
            <dependent idx="11">IS</dependent>
          </dep>
          <dep type="acl:relcl">
            <governor idx="8">SQUAD</governor>
            <dependent idx="12">SUBORDINATE</dependent>
          </dep>
          <dep type="case">
            <governor idx="16">DEPARTMENT</governor>
            <dependent idx="13">TO</dependent>
          </dep>
          <dep type="det">
            <governor idx="16">DEPARTMENT</governor>
            <dependent idx="14">THE</dependent>
          </dep>
          <dep type="compound">
            <governor idx="16">DEPARTMENT</governor>
            <dependent idx="15">FIRE</dependent>
          </dep>
          <dep type="nmod:to">
            <governor idx="12">SUBORDINATE</governor>
            <dependent idx="16">DEPARTMENT</dependent>
          </dep>
          <dep type="det">
            <governor idx="20">CALL</governor>
            <dependent idx="18">AN</dependent>
          </dep>
          <dep type="amod">
            <governor idx="20">CALL</governor>
            <dependent idx="19">ANONYMOUS</dependent>
          </dep>
          <dep type="nsubj">
            <governor idx="26">REPORTED</governor>
            <dependent idx="20">CALL</dependent>
          </dep>
          <dep type="acl">
            <governor idx="20">CALL</governor>
            <dependent idx="21">RECEIVED</dependent>
          </dep>
          <dep type="case">
            <governor idx="25">EMBASSY</governor>
            <dependent idx="22">AT</dependent>
          </dep>
          <dep type="det">
            <governor idx="25">EMBASSY</governor>
            <dependent idx="23">THE</dependent>
          </dep>
          <dep type="compound">
            <governor idx="25">EMBASSY</governor>
            <dependent idx="24">U.S.</dependent>
          </dep>
          <dep type="nmod:at">
            <governor idx="21">RECEIVED</governor>
            <dependent idx="25">EMBASSY</dependent>
          </dep>
          <dep type="mark">
            <governor idx="31">ABOUT</governor>
            <dependent idx="27">THAT</dependent>
          </dep>
          <dep type="det">
            <governor idx="29">BOMB</governor>
            <dependent idx="28">THE</dependent>
          </dep>
          <dep type="nsubj">
            <governor idx="31">ABOUT</governor>
            <dependent idx="29">BOMB</dependent>
          </dep>
          <dep type="aux">
            <governor idx="31">ABOUT</governor>
            <dependent idx="30">WAS</dependent>
          </dep>
          <dep type="ccomp">
            <governor idx="26">REPORTED</governor>
            <dependent idx="31">ABOUT</dependent>
          </dep>
          <dep type="mark">
            <governor idx="33">EXPLODE</governor>
            <dependent idx="32">TO</dependent>
          </dep>
          <dep type="xcomp">
            <governor idx="31">ABOUT</governor>
            <dependent idx="33">EXPLODE</dependent>
          </dep>
        </dependencies>
        <dependencies type="collapsed-ccprocessed-dependencies">
          <dep type="root">
            <governor idx="0">ROOT</governor>
            <dependent idx="26">REPORTED</dependent>
          </dep>
          <dep type="case">
            <governor idx="4">REPORTS</governor>
            <dependent idx="1">ACCORDING</dependent>
          </dep>
          <dep type="mwe">
            <governor idx="1">ACCORDING</governor>
            <dependent idx="2">TO</dependent>
          </dep>
          <dep type="amod">
            <governor idx="4">REPORTS</governor>
            <dependent idx="3">EARLY</dependent>
          </dep>
          <dep type="advcl:according_to">
            <governor idx="26">REPORTED</governor>
            <dependent idx="4">REPORTS</dependent>
          </dep>
          <dep type="case">
            <governor idx="8">SQUAD</governor>
            <dependent idx="5">FROM</dependent>
          </dep>
          <dep type="det">
            <governor idx="8">SQUAD</governor>
            <dependent idx="6">THE</dependent>
          </dep>
          <dep type="compound">
            <governor idx="8">SQUAD</governor>
            <dependent idx="7">BOMB</dependent>
          </dep>
          <dep type="nmod:from">
            <governor idx="4">REPORTS</governor>
            <dependent idx="8">SQUAD</dependent>
          </dep>
          <dep type="nsubj">
            <governor idx="12">SUBORDINATE</governor>
            <dependent idx="10">WHICH</dependent>
          </dep>
          <dep type="cop">
            <governor idx="12">SUBORDINATE</governor>
            <dependent idx="11">IS</dependent>
          </dep>
          <dep type="acl:relcl">
            <governor idx="8">SQUAD</governor>
            <dependent idx="12">SUBORDINATE</dependent>
          </dep>
          <dep type="case">
            <governor idx="16">DEPARTMENT</governor>
            <dependent idx="13">TO</dependent>
          </dep>
          <dep type="det">
            <governor idx="16">DEPARTMENT</governor>
            <dependent idx="14">THE</dependent>
          </dep>
          <dep type="compound">
            <governor idx="16">DEPARTMENT</governor>
            <dependent idx="15">FIRE</dependent>
          </dep>
          <dep type="nmod:to">
            <governor idx="12">SUBORDINATE</governor>
            <dependent idx="16">DEPARTMENT</dependent>
          </dep>
          <dep type="det">
            <governor idx="20">CALL</governor>
            <dependent idx="18">AN</dependent>
          </dep>
          <dep type="amod">
            <governor idx="20">CALL</governor>
            <dependent idx="19">ANONYMOUS</dependent>
          </dep>
          <dep type="nsubj">
            <governor idx="26">REPORTED</governor>
            <dependent idx="20">CALL</dependent>
          </dep>
          <dep type="acl">
            <governor idx="20">CALL</governor>
            <dependent idx="21">RECEIVED</dependent>
          </dep>
          <dep type="case">
            <governor idx="25">EMBASSY</governor>
            <dependent idx="22">AT</dependent>
          </dep>
          <dep type="det">
            <governor idx="25">EMBASSY</governor>
            <dependent idx="23">THE</dependent>
          </dep>
          <dep type="compound">
            <governor idx="25">EMBASSY</governor>
            <dependent idx="24">U.S.</dependent>
          </dep>
          <dep type="nmod:at">
            <governor idx="21">RECEIVED</governor>
            <dependent idx="25">EMBASSY</dependent>
          </dep>
          <dep type="mark">
            <governor idx="31">ABOUT</governor>
            <dependent idx="27">THAT</dependent>
          </dep>
          <dep type="det">
            <governor idx="29">BOMB</governor>
            <dependent idx="28">THE</dependent>
          </dep>
          <dep type="nsubj">
            <governor idx="31">ABOUT</governor>
            <dependent idx="29">BOMB</dependent>
          </dep>
          <dep type="aux">
            <governor idx="31">ABOUT</governor>
            <dependent idx="30">WAS</dependent>
          </dep>
          <dep type="ccomp">
            <governor idx="26">REPORTED</governor>
            <dependent idx="31">ABOUT</dependent>
          </dep>
          <dep type="mark">
            <governor idx="33">EXPLODE</governor>
            <dependent idx="32">TO</dependent>
          </dep>
          <dep type="xcomp">
            <governor idx="31">ABOUT</governor>
            <dependent idx="33">EXPLODE</dependent>
          </dep>
        </dependencies>
      </sentence>
      <sentence id="3">
        <tokens>
          <token id="1">
            <word>THE</word>
            <lemma>the</lemma>
            <CharacterOffsetBegin>318</CharacterOffsetBegin>
            <CharacterOffsetEnd>321</CharacterOffsetEnd>
            <POS>DT</POS>
            <NER>O</NER>
            <Speaker>PER0</Speaker>
          </token>
          <token id="2">
            <word>AMERICAN</word>
            <lemma>AMERICAN</lemma>
            <CharacterOffsetBegin>322</CharacterOffsetBegin>
            <CharacterOffsetEnd>330</CharacterOffsetEnd>
            <POS>NNP</POS>
            <NER>MISC</NER>
            <Speaker>PER0</Speaker>
          </token>
          <token id="3">
            <word>EMBASSY</word>
            <lemma>EMBASSY</lemma>
            <CharacterOffsetBegin>331</CharacterOffsetBegin>
            <CharacterOffsetEnd>338</CharacterOffsetEnd>
            <POS>NNP</POS>
            <NER>O</NER>
            <Speaker>PER0</Speaker>
          </token>
          <token id="4">
            <word>IN</word>
            <lemma>in</lemma>
            <CharacterOffsetBegin>339</CharacterOffsetBegin>
            <CharacterOffsetEnd>341</CharacterOffsetEnd>
            <POS>IN</POS>
            <NER>O</NER>
            <Speaker>PER0</Speaker>
          </token>
          <token id="5">
            <word>LA</word>
            <lemma>LA</lemma>
            <CharacterOffsetBegin>342</CharacterOffsetBegin>
            <CharacterOffsetEnd>344</CharacterOffsetEnd>
            <POS>NNP</POS>
            <NER>LOCATION</NER>
            <Speaker>PER0</Speaker>
          </token>
          <token id="6">
            <word>PAZ</word>
            <lemma>PAZ</lemma>
            <CharacterOffsetBegin>345</CharacterOffsetBegin>
            <CharacterOffsetEnd>348</CharacterOffsetEnd>
            <POS>NNP</POS>
            <NER>LOCATION</NER>
            <Speaker>PER0</Speaker>
          </token>
          <token id="7">
            <word>IS</word>
            <lemma>be</lemma>
            <CharacterOffsetBegin>349</CharacterOffsetBegin>
            <CharacterOffsetEnd>351</CharacterOffsetEnd>
            <POS>VBZ</POS>
            <NER>O</NER>
            <Speaker>PER0</Speaker>
          </token>
          <token id="8">
            <word>3</word>
            <lemma>3</lemma>
            <CharacterOffsetBegin>352</CharacterOffsetBegin>
            <CharacterOffsetEnd>353</CharacterOffsetEnd>
            <POS>CD</POS>
            <NER>NUMBER</NER>
            <NormalizedNER>3.0</NormalizedNER>
            <Speaker>PER0</Speaker>
          </token>
          <token id="9">
            <word>BLOCKS</word>
            <lemma>block</lemma>
            <CharacterOffsetBegin>354</CharacterOffsetBegin>
            <CharacterOffsetEnd>360</CharacterOffsetEnd>
            <POS>NNS</POS>
            <NER>O</NER>
            <Speaker>PER0</Speaker>
          </token>
          <token id="10">
            <word>FROM</word>
            <lemma>from</lemma>
            <CharacterOffsetBegin>361</CharacterOffsetBegin>
            <CharacterOffsetEnd>365</CharacterOffsetEnd>
            <POS>IN</POS>
            <NER>O</NER>
            <Speaker>PER0</Speaker>
          </token>
          <token id="11">
            <word>THE</word>
            <lemma>the</lemma>
            <CharacterOffsetBegin>366</CharacterOffsetBegin>
            <CharacterOffsetEnd>369</CharacterOffsetEnd>
            <POS>DT</POS>
            <NER>O</NER>
            <Speaker>PER0</Speaker>
          </token>
          <token id="12">
            <word>PLAZA</word>
            <lemma>PLAZA</lemma>
            <CharacterOffsetBegin>370</CharacterOffsetBegin>
            <CharacterOffsetEnd>375</CharacterOffsetEnd>
            <POS>NNP</POS>
            <NER>O</NER>
            <Speaker>PER0</Speaker>
          </token>
          <token id="13">
            <word>DE</word>
            <lemma>DE</lemma>
            <CharacterOffsetBegin>376</CharacterOffsetBegin>
            <CharacterOffsetEnd>378</CharacterOffsetEnd>
            <POS>NNP</POS>
            <NER>ORGANIZATION</NER>
            <Speaker>PER0</Speaker>
          </token>
          <token id="14">
            <word>ARMAS</word>
            <lemma>ARMAS</lemma>
            <CharacterOffsetBegin>379</CharacterOffsetBegin>
            <CharacterOffsetEnd>384</CharacterOffsetEnd>
            <POS>NNP</POS>
            <NER>ORGANIZATION</NER>
            <Speaker>PER0</Speaker>
          </token>
          <token id="15">
            <word>AND</word>
            <lemma>and</lemma>
            <CharacterOffsetBegin>385</CharacterOffsetBegin>
            <CharacterOffsetEnd>388</CharacterOffsetEnd>
            <POS>CC</POS>
            <NER>O</NER>
            <Speaker>PER0</Speaker>
          </token>
          <token id="16">
            <word>3</word>
            <lemma>3</lemma>
            <CharacterOffsetBegin>389</CharacterOffsetBegin>
            <CharacterOffsetEnd>390</CharacterOffsetEnd>
            <POS>CD</POS>
            <NER>NUMBER</NER>
            <NormalizedNER>3.0</NormalizedNER>
            <Speaker>PER0</Speaker>
          </token>
          <token id="17">
            <word>BLOCKS</word>
            <lemma>block</lemma>
            <CharacterOffsetBegin>391</CharacterOffsetBegin>
            <CharacterOffsetEnd>397</CharacterOffsetEnd>
            <POS>NNS</POS>
            <NER>O</NER>
            <Speaker>PER0</Speaker>
          </token>
          <token id="18">
            <word>FROM</word>
            <lemma>from</lemma>
            <CharacterOffsetBegin>398</CharacterOffsetBegin>
            <CharacterOffsetEnd>402</CharacterOffsetEnd>
            <POS>IN</POS>
            <NER>O</NER>
            <Speaker>PER0</Speaker>
          </token>
          <token id="19">
            <word>THE</word>
            <lemma>the</lemma>
            <CharacterOffsetBegin>403</CharacterOffsetBegin>
            <CharacterOffsetEnd>406</CharacterOffsetEnd>
            <POS>DT</POS>
            <NER>O</NER>
            <Speaker>PER0</Speaker>
          </token>
          <token id="20">
            <word>GOVERNMENT</word>
            <lemma>government</lemma>
            <CharacterOffsetBegin>407</CharacterOffsetBegin>
            <CharacterOffsetEnd>417</CharacterOffsetEnd>
            <POS>NN</POS>
            <NER>O</NER>
            <Speaker>PER0</Speaker>
          </token>
          <token id="21">
            <word>PALACE</word>
            <lemma>palace</lemma>
            <CharacterOffsetBegin>418</CharacterOffsetBegin>
            <CharacterOffsetEnd>424</CharacterOffsetEnd>
            <POS>NN</POS>
            <NER>O</NER>
            <Speaker>PER0</Speaker>
          </token>
          <token id="22">
            <word>,</word>
            <lemma>,</lemma>
            <CharacterOffsetBegin>424</CharacterOffsetBegin>
            <CharacterOffsetEnd>425</CharacterOffsetEnd>
            <POS>,</POS>
            <NER>O</NER>
            <Speaker>PER0</Speaker>
          </token>
          <token id="23">
            <word>AND</word>
            <lemma>and</lemma>
            <CharacterOffsetBegin>426</CharacterOffsetBegin>
            <CharacterOffsetEnd>429</CharacterOffsetEnd>
            <POS>CC</POS>
            <NER>O</NER>
            <Speaker>PER0</Speaker>
          </token>
          <token id="24">
            <word>THE</word>
            <lemma>the</lemma>
            <CharacterOffsetBegin>430</CharacterOffsetBegin>
            <CharacterOffsetEnd>433</CharacterOffsetEnd>
            <POS>DT</POS>
            <NER>O</NER>
            <Speaker>PER0</Speaker>
          </token>
          <token id="25">
            <word>LEGISLATIVE</word>
            <lemma>legislative</lemma>
            <CharacterOffsetBegin>434</CharacterOffsetBegin>
            <CharacterOffsetEnd>445</CharacterOffsetEnd>
            <POS>JJ</POS>
            <NER>O</NER>
            <Speaker>PER0</Speaker>
          </token>
          <token id="26">
            <word>PALACE</word>
            <lemma>palace</lemma>
            <CharacterOffsetBegin>446</CharacterOffsetBegin>
            <CharacterOffsetEnd>452</CharacterOffsetEnd>
            <POS>NN</POS>
            <NER>O</NER>
            <Speaker>PER0</Speaker>
          </token>
          <token id="27">
            <word>.</word>
            <lemma>.</lemma>
            <CharacterOffsetBegin>452</CharacterOffsetBegin>
            <CharacterOffsetEnd>453</CharacterOffsetEnd>
            <POS>.</POS>
            <NER>O</NER>
            <Speaker>PER0</Speaker>
          </token>
        </tokens>
        <parse>(ROOT (S (NP (NP (DT THE) (NNP AMERICAN) (NNP EMBASSY)) (PP (IN IN) (NP (NNP LA) (NNP PAZ)))) (VP (VBZ IS) (NP (NP (NP (CD 3) (NNS BLOCKS)) (PP (IN FROM) (NP (DT THE) (NNP PLAZA) (NNP DE) (NNP ARMAS)))) (CC AND) (NP (NP (CD 3) (NNS BLOCKS)) (PP (IN FROM) (NP (DT THE) (NN GOVERNMENT) (NN PALACE)))) (, ,) (CC AND) (NP (DT THE) (JJ LEGISLATIVE) (NN PALACE)))) (. .))) </parse>
        <dependencies type="basic-dependencies">
          <dep type="root">
            <governor idx="0">ROOT</governor>
            <dependent idx="9">BLOCKS</dependent>
          </dep>
          <dep type="det">
            <governor idx="3">EMBASSY</governor>
            <dependent idx="1">THE</dependent>
          </dep>
          <dep type="compound">
            <governor idx="3">EMBASSY</governor>
            <dependent idx="2">AMERICAN</dependent>
          </dep>
          <dep type="nsubj">
            <governor idx="9">BLOCKS</governor>
            <dependent idx="3">EMBASSY</dependent>
          </dep>
          <dep type="case">
            <governor idx="6">PAZ</governor>
            <dependent idx="4">IN</dependent>
          </dep>
          <dep type="compound">
            <governor idx="6">PAZ</governor>
            <dependent idx="5">LA</dependent>
          </dep>
          <dep type="nmod">
            <governor idx="3">EMBASSY</governor>
            <dependent idx="6">PAZ</dependent>
          </dep>
          <dep type="cop">
            <governor idx="9">BLOCKS</governor>
            <dependent idx="7">IS</dependent>
          </dep>
          <dep type="nummod">
            <governor idx="9">BLOCKS</governor>
            <dependent idx="8">3</dependent>
          </dep>
          <dep type="case">
            <governor idx="14">ARMAS</governor>
            <dependent idx="10">FROM</dependent>
          </dep>
          <dep type="det">
            <governor idx="14">ARMAS</governor>
            <dependent idx="11">THE</dependent>
          </dep>
          <dep type="compound">
            <governor idx="14">ARMAS</governor>
            <dependent idx="12">PLAZA</dependent>
          </dep>
          <dep type="compound">
            <governor idx="14">ARMAS</governor>
            <dependent idx="13">DE</dependent>
          </dep>
          <dep type="nmod">
            <governor idx="9">BLOCKS</governor>
            <dependent idx="14">ARMAS</dependent>
          </dep>
          <dep type="cc">
            <governor idx="9">BLOCKS</governor>
            <dependent idx="15">AND</dependent>
          </dep>
          <dep type="nummod">
            <governor idx="17">BLOCKS</governor>
            <dependent idx="16">3</dependent>
          </dep>
          <dep type="conj">
            <governor idx="9">BLOCKS</governor>
            <dependent idx="17">BLOCKS</dependent>
          </dep>
          <dep type="case">
            <governor idx="21">PALACE</governor>
            <dependent idx="18">FROM</dependent>
          </dep>
          <dep type="det">
            <governor idx="21">PALACE</governor>
            <dependent idx="19">THE</dependent>
          </dep>
          <dep type="compound">
            <governor idx="21">PALACE</governor>
            <dependent idx="20">GOVERNMENT</dependent>
          </dep>
          <dep type="nmod">
            <governor idx="17">BLOCKS</governor>
            <dependent idx="21">PALACE</dependent>
          </dep>
          <dep type="cc">
            <governor idx="9">BLOCKS</governor>
            <dependent idx="23">AND</dependent>
          </dep>
          <dep type="det">
            <governor idx="26">PALACE</governor>
            <dependent idx="24">THE</dependent>
          </dep>
          <dep type="amod">
            <governor idx="26">PALACE</governor>
            <dependent idx="25">LEGISLATIVE</dependent>
          </dep>
          <dep type="conj">
            <governor idx="9">BLOCKS</governor>
            <dependent idx="26">PALACE</dependent>
          </dep>
        </dependencies>
        <dependencies type="collapsed-dependencies">
          <dep type="root">
            <governor idx="0">ROOT</governor>
            <dependent idx="9">BLOCKS</dependent>
          </dep>
          <dep type="det">
            <governor idx="3">EMBASSY</governor>
            <dependent idx="1">THE</dependent>
          </dep>
          <dep type="compound">
            <governor idx="3">EMBASSY</governor>
            <dependent idx="2">AMERICAN</dependent>
          </dep>
          <dep type="nsubj">
            <governor idx="9">BLOCKS</governor>
            <dependent idx="3">EMBASSY</dependent>
          </dep>
          <dep type="case">
            <governor idx="6">PAZ</governor>
            <dependent idx="4">IN</dependent>
          </dep>
          <dep type="compound">
            <governor idx="6">PAZ</governor>
            <dependent idx="5">LA</dependent>
          </dep>
          <dep type="nmod:in">
            <governor idx="3">EMBASSY</governor>
            <dependent idx="6">PAZ</dependent>
          </dep>
          <dep type="cop">
            <governor idx="9">BLOCKS</governor>
            <dependent idx="7">IS</dependent>
          </dep>
          <dep type="nummod">
            <governor idx="9">BLOCKS</governor>
            <dependent idx="8">3</dependent>
          </dep>
          <dep type="case">
            <governor idx="14">ARMAS</governor>
            <dependent idx="10">FROM</dependent>
          </dep>
          <dep type="det">
            <governor idx="14">ARMAS</governor>
            <dependent idx="11">THE</dependent>
          </dep>
          <dep type="compound">
            <governor idx="14">ARMAS</governor>
            <dependent idx="12">PLAZA</dependent>
          </dep>
          <dep type="compound">
            <governor idx="14">ARMAS</governor>
            <dependent idx="13">DE</dependent>
          </dep>
          <dep type="nmod:from">
            <governor idx="9">BLOCKS</governor>
            <dependent idx="14">ARMAS</dependent>
          </dep>
          <dep type="cc">
            <governor idx="9">BLOCKS</governor>
            <dependent idx="15">AND</dependent>
          </dep>
          <dep type="nummod">
            <governor idx="17">BLOCKS</governor>
            <dependent idx="16">3</dependent>
          </dep>
          <dep type="conj:and">
            <governor idx="9">BLOCKS</governor>
            <dependent idx="17">BLOCKS</dependent>
          </dep>
          <dep type="case">
            <governor idx="21">PALACE</governor>
            <dependent idx="18">FROM</dependent>
          </dep>
          <dep type="det">
            <governor idx="21">PALACE</governor>
            <dependent idx="19">THE</dependent>
          </dep>
          <dep type="compound">
            <governor idx="21">PALACE</governor>
            <dependent idx="20">GOVERNMENT</dependent>
          </dep>
          <dep type="nmod:from">
            <governor idx="17">BLOCKS</governor>
            <dependent idx="21">PALACE</dependent>
          </dep>
          <dep type="cc">
            <governor idx="9">BLOCKS</governor>
            <dependent idx="23">AND</dependent>
          </dep>
          <dep type="det">
            <governor idx="26">PALACE</governor>
            <dependent idx="24">THE</dependent>
          </dep>
          <dep type="amod">
            <governor idx="26">PALACE</governor>
            <dependent idx="25">LEGISLATIVE</dependent>
          </dep>
          <dep type="conj:and">
            <governor idx="9">BLOCKS</governor>
            <dependent idx="26">PALACE</dependent>
          </dep>
        </dependencies>
        <dependencies type="collapsed-ccprocessed-dependencies">
          <dep type="root">
            <governor idx="0">ROOT</governor>
            <dependent idx="9">BLOCKS</dependent>
          </dep>
          <dep type="det">
            <governor idx="3">EMBASSY</governor>
            <dependent idx="1">THE</dependent>
          </dep>
          <dep type="compound">
            <governor idx="3">EMBASSY</governor>
            <dependent idx="2">AMERICAN</dependent>
          </dep>
          <dep type="nsubj">
            <governor idx="9">BLOCKS</governor>
            <dependent idx="3">EMBASSY</dependent>
          </dep>
          <dep type="case">
            <governor idx="6">PAZ</governor>
            <dependent idx="4">IN</dependent>
          </dep>
          <dep type="compound">
            <governor idx="6">PAZ</governor>
            <dependent idx="5">LA</dependent>
          </dep>
          <dep type="nmod:in">
            <governor idx="3">EMBASSY</governor>
            <dependent idx="6">PAZ</dependent>
          </dep>
          <dep type="cop">
            <governor idx="9">BLOCKS</governor>
            <dependent idx="7">IS</dependent>
          </dep>
          <dep type="nummod">
            <governor idx="9">BLOCKS</governor>
            <dependent idx="8">3</dependent>
          </dep>
          <dep type="case">
            <governor idx="14">ARMAS</governor>
            <dependent idx="10">FROM</dependent>
          </dep>
          <dep type="det">
            <governor idx="14">ARMAS</governor>
            <dependent idx="11">THE</dependent>
          </dep>
          <dep type="compound">
            <governor idx="14">ARMAS</governor>
            <dependent idx="12">PLAZA</dependent>
          </dep>
          <dep type="compound">
            <governor idx="14">ARMAS</governor>
            <dependent idx="13">DE</dependent>
          </dep>
          <dep type="nmod:from">
            <governor idx="9">BLOCKS</governor>
            <dependent idx="14">ARMAS</dependent>
          </dep>
          <dep type="cc">
            <governor idx="9">BLOCKS</governor>
            <dependent idx="15">AND</dependent>
          </dep>
          <dep type="nummod">
            <governor idx="17">BLOCKS</governor>
            <dependent idx="16">3</dependent>
          </dep>
          <dep type="conj:and">
            <governor idx="9">BLOCKS</governor>
            <dependent idx="17">BLOCKS</dependent>
          </dep>
          <dep type="case">
            <governor idx="21">PALACE</governor>
            <dependent idx="18">FROM</dependent>
          </dep>
          <dep type="det">
            <governor idx="21">PALACE</governor>
            <dependent idx="19">THE</dependent>
          </dep>
          <dep type="compound">
            <governor idx="21">PALACE</governor>
            <dependent idx="20">GOVERNMENT</dependent>
          </dep>
          <dep type="nmod:from">
            <governor idx="17">BLOCKS</governor>
            <dependent idx="21">PALACE</dependent>
          </dep>
          <dep type="cc">
            <governor idx="9">BLOCKS</governor>
            <dependent idx="23">AND</dependent>
          </dep>
          <dep type="det">
            <governor idx="26">PALACE</governor>
            <dependent idx="24">THE</dependent>
          </dep>
          <dep type="amod">
            <governor idx="26">PALACE</governor>
            <dependent idx="25">LEGISLATIVE</dependent>
          </dep>
          <dep type="conj:and">
            <governor idx="9">BLOCKS</governor>
            <dependent idx="26">PALACE</dependent>
          </dep>
        </dependencies>
      </sentence>
      <sentence id="4">
        <tokens>
          <token id="1">
            <word>A</word>
            <lemma>a</lemma>
            <CharacterOffsetBegin>458</CharacterOffsetBegin>
            <CharacterOffsetEnd>459</CharacterOffsetEnd>
            <POS>DT</POS>
            <NER>O</NER>
            <Speaker>PER0</Speaker>
          </token>
          <token id="2">
            <word>TEAM</word>
            <lemma>team</lemma>
            <CharacterOffsetBegin>460</CharacterOffsetBegin>
            <CharacterOffsetEnd>464</CharacterOffsetEnd>
            <POS>NN</POS>
            <NER>O</NER>
            <Speaker>PER0</Speaker>
          </token>
          <token id="3">
            <word>FROM</word>
            <lemma>from</lemma>
            <CharacterOffsetBegin>465</CharacterOffsetBegin>
            <CharacterOffsetEnd>469</CharacterOffsetEnd>
            <POS>IN</POS>
            <NER>O</NER>
            <Speaker>PER0</Speaker>
          </token>
          <token id="4">
            <word>THE</word>
            <lemma>the</lemma>
            <CharacterOffsetBegin>470</CharacterOffsetBegin>
            <CharacterOffsetEnd>473</CharacterOffsetEnd>
            <POS>DT</POS>
            <NER>O</NER>
            <Speaker>PER0</Speaker>
          </token>
          <token id="5">
            <word>BOLIVIAN</word>
            <lemma>bolivian</lemma>
            <CharacterOffsetBegin>474</CharacterOffsetBegin>
            <CharacterOffsetEnd>482</CharacterOffsetEnd>
            <POS>JJ</POS>
            <NER>MISC</NER>
            <Speaker>PER0</Speaker>
          </token>
          <token id="6">
            <word>BOMB</word>
            <lemma>bomb</lemma>
            <CharacterOffsetBegin>483</CharacterOffsetBegin>
            <CharacterOffsetEnd>487</CharacterOffsetEnd>
            <POS>NN</POS>
            <NER>O</NER>
            <Speaker>PER0</Speaker>
          </token>
          <token id="7">
            <word>SQUAD</word>
            <lemma>squad</lemma>
            <CharacterOffsetBegin>488</CharacterOffsetBegin>
            <CharacterOffsetEnd>493</CharacterOffsetEnd>
            <POS>NN</POS>
            <NER>O</NER>
            <Speaker>PER0</Speaker>
          </token>
          <token id="8">
            <word>MANAGED</word>
            <lemma>manage</lemma>
            <CharacterOffsetBegin>494</CharacterOffsetBegin>
            <CharacterOffsetEnd>501</CharacterOffsetEnd>
            <POS>VBD</POS>
            <NER>O</NER>
            <Speaker>PER0</Speaker>
          </token>
          <token id="9">
            <word>TO</word>
            <lemma>to</lemma>
            <CharacterOffsetBegin>502</CharacterOffsetBegin>
            <CharacterOffsetEnd>504</CharacterOffsetEnd>
            <POS>TO</POS>
            <NER>O</NER>
            <Speaker>PER0</Speaker>
          </token>
          <token id="10">
            <word>LOCATE</word>
            <lemma>locate</lemma>
            <CharacterOffsetBegin>505</CharacterOffsetBegin>
            <CharacterOffsetEnd>511</CharacterOffsetEnd>
            <POS>VB</POS>
            <NER>O</NER>
            <Speaker>PER0</Speaker>
          </token>
          <token id="11">
            <word>AND</word>
            <lemma>and</lemma>
            <CharacterOffsetBegin>512</CharacterOffsetBegin>
            <CharacterOffsetEnd>515</CharacterOffsetEnd>
            <POS>CC</POS>
            <NER>O</NER>
            <Speaker>PER0</Speaker>
          </token>
          <token id="12">
            <word>DEFUSE</word>
            <lemma>defuse</lemma>
            <CharacterOffsetBegin>516</CharacterOffsetBegin>
            <CharacterOffsetEnd>522</CharacterOffsetEnd>
            <POS>VB</POS>
            <NER>O</NER>
            <Speaker>PER0</Speaker>
          </token>
          <token id="13">
            <word>THE</word>
            <lemma>the</lemma>
            <CharacterOffsetBegin>523</CharacterOffsetBegin>
            <CharacterOffsetEnd>526</CharacterOffsetEnd>
            <POS>DT</POS>
            <NER>O</NER>
            <Speaker>PER0</Speaker>
          </token>
          <token id="14">
            <word>BOMB</word>
            <lemma>bomb</lemma>
            <CharacterOffsetBegin>527</CharacterOffsetBegin>
            <CharacterOffsetEnd>531</CharacterOffsetEnd>
            <POS>NN</POS>
            <NER>O</NER>
            <Speaker>PER0</Speaker>
          </token>
          <token id="15">
            <word>AT</word>
            <lemma>at</lemma>
            <CharacterOffsetBegin>532</CharacterOffsetBegin>
            <CharacterOffsetEnd>534</CharacterOffsetEnd>
            <POS>IN</POS>
            <NER>O</NER>
            <Speaker>PER0</Speaker>
          </token>
          <token id="16">
            <word>1810</word>
            <lemma>1810</lemma>
            <CharacterOffsetBegin>535</CharacterOffsetBegin>
            <CharacterOffsetEnd>539</CharacterOffsetEnd>
            <POS>CD</POS>
            <NER>DATE</NER>
            <NormalizedNER>1810</NormalizedNER>
            <Speaker>PER0</Speaker>
            <Timex tid="t3" type="DATE">1810</Timex>
          </token>
          <token id="17">
            <word>-LRB-</word>
            <lemma>-lrb-</lemma>
            <CharacterOffsetBegin>540</CharacterOffsetBegin>
            <CharacterOffsetEnd>541</CharacterOffsetEnd>
            <POS>-LRB-</POS>
            <NER>O</NER>
            <Speaker>PER0</Speaker>
          </token>
          <token id="18">
            <word>2210</word>
            <lemma>2210</lemma>
            <CharacterOffsetBegin>541</CharacterOffsetBegin>
            <CharacterOffsetEnd>545</CharacterOffsetEnd>
            <POS>CD</POS>
            <NER>DATE</NER>
            <NormalizedNER>2210</NormalizedNER>
            <Speaker>PER0</Speaker>
            <Timex tid="t4" type="DATE">2210</Timex>
          </token>
          <token id="19">
            <word>GMT</word>
            <lemma>GMT</lemma>
            <CharacterOffsetBegin>546</CharacterOffsetBegin>
            <CharacterOffsetEnd>549</CharacterOffsetEnd>
            <POS>NNP</POS>
            <NER>MISC</NER>
            <Speaker>PER0</Speaker>
          </token>
          <token id="20">
            <word>-RRB-</word>
            <lemma>-rrb-</lemma>
            <CharacterOffsetBegin>549</CharacterOffsetBegin>
            <CharacterOffsetEnd>550</CharacterOffsetEnd>
            <POS>-RRB-</POS>
            <NER>O</NER>
            <Speaker>PER0</Speaker>
          </token>
          <token id="21">
            <word>.</word>
            <lemma>.</lemma>
            <CharacterOffsetBegin>550</CharacterOffsetBegin>
            <CharacterOffsetEnd>551</CharacterOffsetEnd>
            <POS>.</POS>
            <NER>O</NER>
            <Speaker>PER0</Speaker>
          </token>
        </tokens>
        <parse>(ROOT (S (NP (NP (DT A) (NN TEAM)) (PP (IN FROM) (NP (DT THE) (JJ BOLIVIAN) (NN BOMB) (NN SQUAD)))) (VP (VBD MANAGED) (S (VP (TO TO) (VP (VB LOCATE) (CC AND) (VB DEFUSE) (NP (NP (DT THE) (NN BOMB)) (PP (IN AT) (NP (NP (CD 1810)) (PRN (-LRB- -LRB-) (NP (NP (CD 2210)) (NP (NNP GMT))) (-RRB- -RRB-))))))))) (. .))) </parse>
        <dependencies type="basic-dependencies">
          <dep type="root">
            <governor idx="0">ROOT</governor>
            <dependent idx="8">MANAGED</dependent>
          </dep>
          <dep type="det">
            <governor idx="2">TEAM</governor>
            <dependent idx="1">A</dependent>
          </dep>
          <dep type="nsubj">
            <governor idx="8">MANAGED</governor>
            <dependent idx="2">TEAM</dependent>
          </dep>
          <dep type="case">
            <governor idx="7">SQUAD</governor>
            <dependent idx="3">FROM</dependent>
          </dep>
          <dep type="det">
            <governor idx="7">SQUAD</governor>
            <dependent idx="4">THE</dependent>
          </dep>
          <dep type="amod">
            <governor idx="7">SQUAD</governor>
            <dependent idx="5">BOLIVIAN</dependent>
          </dep>
          <dep type="compound">
            <governor idx="7">SQUAD</governor>
            <dependent idx="6">BOMB</dependent>
          </dep>
          <dep type="nmod">
            <governor idx="2">TEAM</governor>
            <dependent idx="7">SQUAD</dependent>
          </dep>
          <dep type="mark">
            <governor idx="10">LOCATE</governor>
            <dependent idx="9">TO</dependent>
          </dep>
          <dep type="xcomp">
            <governor idx="8">MANAGED</governor>
            <dependent idx="10">LOCATE</dependent>
          </dep>
          <dep type="cc">
            <governor idx="10">LOCATE</governor>
            <dependent idx="11">AND</dependent>
          </dep>
          <dep type="conj">
            <governor idx="10">LOCATE</governor>
            <dependent idx="12">DEFUSE</dependent>
          </dep>
          <dep type="det">
            <governor idx="14">BOMB</governor>
            <dependent idx="13">THE</dependent>
          </dep>
          <dep type="dobj">
            <governor idx="10">LOCATE</governor>
            <dependent idx="14">BOMB</dependent>
          </dep>
          <dep type="case">
            <governor idx="16">1810</governor>
            <dependent idx="15">AT</dependent>
          </dep>
          <dep type="nmod">
            <governor idx="14">BOMB</governor>
            <dependent idx="16">1810</dependent>
          </dep>
          <dep type="dep">
            <governor idx="16">1810</governor>
            <dependent idx="18">2210</dependent>
          </dep>
          <dep type="appos">
            <governor idx="18">2210</governor>
            <dependent idx="19">GMT</dependent>
          </dep>
        </dependencies>
        <dependencies type="collapsed-dependencies">
          <dep type="root">
            <governor idx="0">ROOT</governor>
            <dependent idx="8">MANAGED</dependent>
          </dep>
          <dep type="det">
            <governor idx="2">TEAM</governor>
            <dependent idx="1">A</dependent>
          </dep>
          <dep type="nsubj">
            <governor idx="8">MANAGED</governor>
            <dependent idx="2">TEAM</dependent>
          </dep>
          <dep type="case">
            <governor idx="7">SQUAD</governor>
            <dependent idx="3">FROM</dependent>
          </dep>
          <dep type="det">
            <governor idx="7">SQUAD</governor>
            <dependent idx="4">THE</dependent>
          </dep>
          <dep type="amod">
            <governor idx="7">SQUAD</governor>
            <dependent idx="5">BOLIVIAN</dependent>
          </dep>
          <dep type="compound">
            <governor idx="7">SQUAD</governor>
            <dependent idx="6">BOMB</dependent>
          </dep>
          <dep type="nmod:from">
            <governor idx="2">TEAM</governor>
            <dependent idx="7">SQUAD</dependent>
          </dep>
          <dep type="mark">
            <governor idx="10">LOCATE</governor>
            <dependent idx="9">TO</dependent>
          </dep>
          <dep type="xcomp">
            <governor idx="8">MANAGED</governor>
            <dependent idx="10">LOCATE</dependent>
          </dep>
          <dep type="cc">
            <governor idx="10">LOCATE</governor>
            <dependent idx="11">AND</dependent>
          </dep>
          <dep type="conj:and">
            <governor idx="10">LOCATE</governor>
            <dependent idx="12">DEFUSE</dependent>
          </dep>
          <dep type="det">
            <governor idx="14">BOMB</governor>
            <dependent idx="13">THE</dependent>
          </dep>
          <dep type="dobj">
            <governor idx="10">LOCATE</governor>
            <dependent idx="14">BOMB</dependent>
          </dep>
          <dep type="case">
            <governor idx="16">1810</governor>
            <dependent idx="15">AT</dependent>
          </dep>
          <dep type="nmod:at">
            <governor idx="14">BOMB</governor>
            <dependent idx="16">1810</dependent>
          </dep>
          <dep type="dep">
            <governor idx="16">1810</governor>
            <dependent idx="18">2210</dependent>
          </dep>
          <dep type="appos">
            <governor idx="18">2210</governor>
            <dependent idx="19">GMT</dependent>
          </dep>
        </dependencies>
        <dependencies type="collapsed-ccprocessed-dependencies">
          <dep type="root">
            <governor idx="0">ROOT</governor>
            <dependent idx="8">MANAGED</dependent>
          </dep>
          <dep type="det">
            <governor idx="2">TEAM</governor>
            <dependent idx="1">A</dependent>
          </dep>
          <dep type="nsubj">
            <governor idx="8">MANAGED</governor>
            <dependent idx="2">TEAM</dependent>
          </dep>
          <dep type="case">
            <governor idx="7">SQUAD</governor>
            <dependent idx="3">FROM</dependent>
          </dep>
          <dep type="det">
            <governor idx="7">SQUAD</governor>
            <dependent idx="4">THE</dependent>
          </dep>
          <dep type="amod">
            <governor idx="7">SQUAD</governor>
            <dependent idx="5">BOLIVIAN</dependent>
          </dep>
          <dep type="compound">
            <governor idx="7">SQUAD</governor>
            <dependent idx="6">BOMB</dependent>
          </dep>
          <dep type="nmod:from">
            <governor idx="2">TEAM</governor>
            <dependent idx="7">SQUAD</dependent>
          </dep>
          <dep type="mark">
            <governor idx="10">LOCATE</governor>
            <dependent idx="9">TO</dependent>
          </dep>
          <dep type="xcomp">
            <governor idx="8">MANAGED</governor>
            <dependent idx="10">LOCATE</dependent>
          </dep>
          <dep type="cc">
            <governor idx="10">LOCATE</governor>
            <dependent idx="11">AND</dependent>
          </dep>
          <dep type="xcomp" extra="true">
            <governor idx="8">MANAGED</governor>
            <dependent idx="12">DEFUSE</dependent>
          </dep>
          <dep type="conj:and">
            <governor idx="10">LOCATE</governor>
            <dependent idx="12">DEFUSE</dependent>
          </dep>
          <dep type="det">
            <governor idx="14">BOMB</governor>
            <dependent idx="13">THE</dependent>
          </dep>
          <dep type="dobj">
            <governor idx="10">LOCATE</governor>
            <dependent idx="14">BOMB</dependent>
          </dep>
          <dep type="case">
            <governor idx="16">1810</governor>
            <dependent idx="15">AT</dependent>
          </dep>
          <dep type="nmod:at">
            <governor idx="14">BOMB</governor>
            <dependent idx="16">1810</dependent>
          </dep>
          <dep type="dep">
            <governor idx="16">1810</governor>
            <dependent idx="18">2210</dependent>
          </dep>
          <dep type="appos">
            <governor idx="18">2210</governor>
            <dependent idx="19">GMT</dependent>
          </dep>
        </dependencies>
      </sentence>
      <sentence id="5">
        <tokens>
          <token id="1">
            <word>NO</word>
            <lemma>no</lemma>
            <CharacterOffsetBegin>558</CharacterOffsetBegin>
            <CharacterOffsetEnd>560</CharacterOffsetEnd>
            <POS>DT</POS>
            <NER>O</NER>
            <Speaker>PER0</Speaker>
          </token>
          <token id="2">
            <word>PERSON</word>
            <lemma>person</lemma>
            <CharacterOffsetBegin>561</CharacterOffsetBegin>
            <CharacterOffsetEnd>567</CharacterOffsetEnd>
            <POS>NN</POS>
            <NER>O</NER>
            <Speaker>PER0</Speaker>
          </token>
          <token id="3">
            <word>OR</word>
            <lemma>or</lemma>
            <CharacterOffsetBegin>568</CharacterOffsetBegin>
            <CharacterOffsetEnd>570</CharacterOffsetEnd>
            <POS>CC</POS>
            <NER>O</NER>
            <Speaker>PER0</Speaker>
          </token>
          <token id="4">
            <word>TERRORIST</word>
            <lemma>terrorist</lemma>
            <CharacterOffsetBegin>571</CharacterOffsetBegin>
            <CharacterOffsetEnd>580</CharacterOffsetEnd>
            <POS>JJ</POS>
            <NER>O</NER>
            <Speaker>PER0</Speaker>
          </token>
          <token id="5">
            <word>ORGANIZATION</word>
            <lemma>organization</lemma>
            <CharacterOffsetBegin>581</CharacterOffsetBegin>
            <CharacterOffsetEnd>593</CharacterOffsetEnd>
            <POS>NN</POS>
            <NER>O</NER>
            <Speaker>PER0</Speaker>
          </token>
          <token id="6">
            <word>HAS</word>
            <lemma>have</lemma>
            <CharacterOffsetBegin>594</CharacterOffsetBegin>
            <CharacterOffsetEnd>597</CharacterOffsetEnd>
            <POS>VBZ</POS>
            <NER>O</NER>
            <Speaker>PER0</Speaker>
          </token>
          <token id="7">
            <word>YET</word>
            <lemma>yet</lemma>
            <CharacterOffsetBegin>598</CharacterOffsetBegin>
            <CharacterOffsetEnd>601</CharacterOffsetEnd>
            <POS>RB</POS>
            <NER>O</NER>
            <Speaker>PER0</Speaker>
          </token>
          <token id="8">
            <word>CLAIMED</word>
            <lemma>claim</lemma>
            <CharacterOffsetBegin>602</CharacterOffsetBegin>
            <CharacterOffsetEnd>609</CharacterOffsetEnd>
            <POS>VBN</POS>
            <NER>O</NER>
            <Speaker>PER0</Speaker>
          </token>
          <token id="9">
            <word>RESPONSIBILITY</word>
            <lemma>responsibility</lemma>
            <CharacterOffsetBegin>610</CharacterOffsetBegin>
            <CharacterOffsetEnd>624</CharacterOffsetEnd>
            <POS>NN</POS>
            <NER>O</NER>
            <Speaker>PER0</Speaker>
          </token>
          <token id="10">
            <word>FOR</word>
            <lemma>for</lemma>
            <CharacterOffsetBegin>625</CharacterOffsetBegin>
            <CharacterOffsetEnd>628</CharacterOffsetEnd>
            <POS>IN</POS>
            <NER>O</NER>
            <Speaker>PER0</Speaker>
          </token>
          <token id="11">
            <word>PLANTING</word>
            <lemma>plant</lemma>
            <CharacterOffsetBegin>629</CharacterOffsetBegin>
            <CharacterOffsetEnd>637</CharacterOffsetEnd>
            <POS>VBG</POS>
            <NER>O</NER>
            <Speaker>PER0</Speaker>
          </token>
          <token id="12">
            <word>THE</word>
            <lemma>the</lemma>
            <CharacterOffsetBegin>638</CharacterOffsetBegin>
            <CharacterOffsetEnd>641</CharacterOffsetEnd>
            <POS>DT</POS>
            <NER>O</NER>
            <Speaker>PER0</Speaker>
          </token>
          <token id="13">
            <word>BOMB</word>
            <lemma>bomb</lemma>
            <CharacterOffsetBegin>642</CharacterOffsetBegin>
            <CharacterOffsetEnd>646</CharacterOffsetEnd>
            <POS>NN</POS>
            <NER>O</NER>
            <Speaker>PER0</Speaker>
          </token>
          <token id="14">
            <word>.</word>
            <lemma>.</lemma>
            <CharacterOffsetBegin>646</CharacterOffsetBegin>
            <CharacterOffsetEnd>647</CharacterOffsetEnd>
            <POS>.</POS>
            <NER>O</NER>
            <Speaker>PER0</Speaker>
          </token>
        </tokens>
        <parse>(ROOT (S (NP (NP (DT NO) (NN PERSON)) (CC OR) (NP (JJ TERRORIST) (NN ORGANIZATION))) (VP (VBZ HAS) (ADVP (RB YET)) (VP (VBN CLAIMED) (NP (NN RESPONSIBILITY)) (PP (IN FOR) (S (VP (VBG PLANTING) (NP (DT THE) (NN BOMB))))))) (. .))) </parse>
        <dependencies type="basic-dependencies">
          <dep type="root">
            <governor idx="0">ROOT</governor>
            <dependent idx="8">CLAIMED</dependent>
          </dep>
          <dep type="neg">
            <governor idx="2">PERSON</governor>
            <dependent idx="1">NO</dependent>
          </dep>
          <dep type="nsubj">
            <governor idx="8">CLAIMED</governor>
            <dependent idx="2">PERSON</dependent>
          </dep>
          <dep type="cc">
            <governor idx="2">PERSON</governor>
            <dependent idx="3">OR</dependent>
          </dep>
          <dep type="amod">
            <governor idx="5">ORGANIZATION</governor>
            <dependent idx="4">TERRORIST</dependent>
          </dep>
          <dep type="conj">
            <governor idx="2">PERSON</governor>
            <dependent idx="5">ORGANIZATION</dependent>
          </dep>
          <dep type="aux">
            <governor idx="8">CLAIMED</governor>
            <dependent idx="6">HAS</dependent>
          </dep>
          <dep type="advmod">
            <governor idx="8">CLAIMED</governor>
            <dependent idx="7">YET</dependent>
          </dep>
          <dep type="dobj">
            <governor idx="8">CLAIMED</governor>
            <dependent idx="9">RESPONSIBILITY</dependent>
          </dep>
          <dep type="mark">
            <governor idx="11">PLANTING</governor>
            <dependent idx="10">FOR</dependent>
          </dep>
          <dep type="advcl">
            <governor idx="8">CLAIMED</governor>
            <dependent idx="11">PLANTING</dependent>
          </dep>
          <dep type="det">
            <governor idx="13">BOMB</governor>
            <dependent idx="12">THE</dependent>
          </dep>
          <dep type="dobj">
            <governor idx="11">PLANTING</governor>
            <dependent idx="13">BOMB</dependent>
          </dep>
        </dependencies>
        <dependencies type="collapsed-dependencies">
          <dep type="root">
            <governor idx="0">ROOT</governor>
            <dependent idx="8">CLAIMED</dependent>
          </dep>
          <dep type="neg">
            <governor idx="2">PERSON</governor>
            <dependent idx="1">NO</dependent>
          </dep>
          <dep type="nsubj">
            <governor idx="8">CLAIMED</governor>
            <dependent idx="2">PERSON</dependent>
          </dep>
          <dep type="cc">
            <governor idx="2">PERSON</governor>
            <dependent idx="3">OR</dependent>
          </dep>
          <dep type="amod">
            <governor idx="5">ORGANIZATION</governor>
            <dependent idx="4">TERRORIST</dependent>
          </dep>
          <dep type="conj:or">
            <governor idx="2">PERSON</governor>
            <dependent idx="5">ORGANIZATION</dependent>
          </dep>
          <dep type="aux">
            <governor idx="8">CLAIMED</governor>
            <dependent idx="6">HAS</dependent>
          </dep>
          <dep type="advmod">
            <governor idx="8">CLAIMED</governor>
            <dependent idx="7">YET</dependent>
          </dep>
          <dep type="dobj">
            <governor idx="8">CLAIMED</governor>
            <dependent idx="9">RESPONSIBILITY</dependent>
          </dep>
          <dep type="mark">
            <governor idx="11">PLANTING</governor>
            <dependent idx="10">FOR</dependent>
          </dep>
          <dep type="advcl">
            <governor idx="8">CLAIMED</governor>
            <dependent idx="11">PLANTING</dependent>
          </dep>
          <dep type="det">
            <governor idx="13">BOMB</governor>
            <dependent idx="12">THE</dependent>
          </dep>
          <dep type="dobj">
            <governor idx="11">PLANTING</governor>
            <dependent idx="13">BOMB</dependent>
          </dep>
        </dependencies>
        <dependencies type="collapsed-ccprocessed-dependencies">
          <dep type="root">
            <governor idx="0">ROOT</governor>
            <dependent idx="8">CLAIMED</dependent>
          </dep>
          <dep type="neg">
            <governor idx="2">PERSON</governor>
            <dependent idx="1">NO</dependent>
          </dep>
          <dep type="nsubj">
            <governor idx="8">CLAIMED</governor>
            <dependent idx="2">PERSON</dependent>
          </dep>
          <dep type="cc">
            <governor idx="2">PERSON</governor>
            <dependent idx="3">OR</dependent>
          </dep>
          <dep type="amod">
            <governor idx="5">ORGANIZATION</governor>
            <dependent idx="4">TERRORIST</dependent>
          </dep>
          <dep type="conj:or">
            <governor idx="2">PERSON</governor>
            <dependent idx="5">ORGANIZATION</dependent>
          </dep>
          <dep type="nsubj" extra="true">
            <governor idx="8">CLAIMED</governor>
            <dependent idx="5">ORGANIZATION</dependent>
          </dep>
          <dep type="aux">
            <governor idx="8">CLAIMED</governor>
            <dependent idx="6">HAS</dependent>
          </dep>
          <dep type="advmod">
            <governor idx="8">CLAIMED</governor>
            <dependent idx="7">YET</dependent>
          </dep>
          <dep type="dobj">
            <governor idx="8">CLAIMED</governor>
            <dependent idx="9">RESPONSIBILITY</dependent>
          </dep>
          <dep type="mark">
            <governor idx="11">PLANTING</governor>
            <dependent idx="10">FOR</dependent>
          </dep>
          <dep type="advcl">
            <governor idx="8">CLAIMED</governor>
            <dependent idx="11">PLANTING</dependent>
          </dep>
          <dep type="det">
            <governor idx="13">BOMB</governor>
            <dependent idx="12">THE</dependent>
          </dep>
          <dep type="dobj">
            <governor idx="11">PLANTING</governor>
            <dependent idx="13">BOMB</dependent>
          </dep>
        </dependencies>
      </sentence>
    </sentences>
    <coreference>
      <coreference>
        <mention representative="true">
          <sentence>1</sentence>
          <start>1</start>
          <end>3</end>
          <head>2</head>
          <text>LA PAZ</text>
        </mention>
        <mention>
          <sentence>3</sentence>
          <start>5</start>
          <end>7</end>
          <head>6</head>
          <text>LA PAZ</text>
        </mention>
      </coreference>
      <coreference>
        <mention representative="true">
          <sentence>1</sentence>
          <start>14</start>
          <end>24</end>
          <head>15</head>
          <text>A BOMB PLANTED NEAR THE U.S. EMBASSY IN THIS CAPITAL</text>
        </mention>
        <mention>
          <sentence>2</sentence>
          <start>28</start>
          <end>30</end>
          <head>29</head>
          <text>THE BOMB</text>
        </mention>
        <mention>
          <sentence>5</sentence>
          <start>12</start>
          <end>14</end>
          <head>13</head>
          <text>THE BOMB</text>
        </mention>
      </coreference>
      <coreference>
        <mention representative="true">
          <sentence>1</sentence>
          <start>18</start>
          <end>24</end>
          <head>20</head>
          <text>THE U.S. EMBASSY IN THIS CAPITAL</text>
        </mention>
        <mention>
          <sentence>2</sentence>
          <start>23</start>
          <end>26</end>
          <head>25</head>
          <text>THE U.S. EMBASSY</text>
        </mention>
      </coreference>
      <coreference>
        <mention representative="true">
          <sentence>3</sentence>
          <start>8</start>
          <end>9</end>
          <head>8</head>
          <text>3</text>
        </mention>
        <mention>
          <sentence>3</sentence>
          <start>16</start>
          <end>17</end>
          <head>16</head>
          <text>3</text>
        </mention>
      </coreference>
    </coreference>
  </document>
</root>
