<?xml version="1.0" encoding="ASCII"?>
<?xml-stylesheet href="CoreNLP-to-HTML.xsl" type="text/xsl"?>
<root>
  <document>
    <sentences>
      <sentence id="1">
        <tokens>
          <token id="1">
            <word>MANAGUA</word>
            <lemma>MANAGUA</lemma>
            <CharacterOffsetBegin>3</CharacterOffsetBegin>
            <CharacterOffsetEnd>10</CharacterOffsetEnd>
            <POS>NNP</POS>
            <NER>LOCATION</NER>
            <Speaker>PER0</Speaker>
          </token>
          <token id="2">
            <word>-LRB-</word>
            <lemma>-lrb-</lemma>
            <CharacterOffsetBegin>11</CharacterOffsetBegin>
            <CharacterOffsetEnd>12</CharacterOffsetEnd>
            <POS>-LRB-</POS>
            <NER>O</NER>
            <Speaker>PER0</Speaker>
          </token>
          <token id="3">
            <word>NICARAGUA</word>
            <lemma>NICARAGUA</lemma>
            <CharacterOffsetBegin>12</CharacterOffsetBegin>
            <CharacterOffsetEnd>21</CharacterOffsetEnd>
            <POS>NNP</POS>
            <NER>LOCATION</NER>
            <Speaker>PER0</Speaker>
          </token>
          <token id="4">
            <word>-RRB-</word>
            <lemma>-rrb-</lemma>
            <CharacterOffsetBegin>21</CharacterOffsetBegin>
            <CharacterOffsetEnd>22</CharacterOffsetEnd>
            <POS>-RRB-</POS>
            <NER>O</NER>
            <Speaker>PER0</Speaker>
          </token>
          <token id="5">
            <word>,</word>
            <lemma>,</lemma>
            <CharacterOffsetBegin>22</CharacterOffsetBegin>
            <CharacterOffsetEnd>23</CharacterOffsetEnd>
            <POS>,</POS>
            <NER>O</NER>
            <Speaker>PER0</Speaker>
          </token>
          <token id="6">
            <word>10</word>
            <lemma>10</lemma>
            <CharacterOffsetBegin>24</CharacterOffsetBegin>
            <CharacterOffsetEnd>26</CharacterOffsetEnd>
            <POS>CD</POS>
            <NER>DATE</NER>
            <NormalizedNER>XXXX-04-10</NormalizedNER>
            <Speaker>PER0</Speaker>
            <Timex tid="t1" type="DATE">XXXX-04-10</Timex>
          </token>
          <token id="7">
            <word>APR</word>
            <lemma>apr</lemma>
            <CharacterOffsetBegin>27</CharacterOffsetBegin>
            <CharacterOffsetEnd>30</CharacterOffsetEnd>
            <POS>NN</POS>
            <NER>DATE</NER>
            <NormalizedNER>XXXX-04-10</NormalizedNER>
            <Speaker>PER0</Speaker>
            <Timex tid="t1" type="DATE">XXXX-04-10</Timex>
          </token>
          <token id="8">
            <word>89</word>
            <lemma>89</lemma>
            <CharacterOffsetBegin>31</CharacterOffsetBegin>
            <CharacterOffsetEnd>33</CharacterOffsetEnd>
            <POS>CD</POS>
            <NER>NUMBER</NER>
            <NormalizedNER>89.0</NormalizedNER>
            <Speaker>PER0</Speaker>
          </token>
          <token id="9">
            <word>-LRB-</word>
            <lemma>-lrb-</lemma>
            <CharacterOffsetBegin>34</CharacterOffsetBegin>
            <CharacterOffsetEnd>35</CharacterOffsetEnd>
            <POS>-LRB-</POS>
            <NER>O</NER>
            <Speaker>PER0</Speaker>
          </token>
          <token id="10">
            <word>RADIO</word>
            <lemma>radio</lemma>
            <CharacterOffsetBegin>35</CharacterOffsetBegin>
            <CharacterOffsetEnd>40</CharacterOffsetEnd>
            <POS>NN</POS>
            <NER>O</NER>
            <Speaker>PER0</Speaker>
          </token>
          <token id="11">
            <word>SANDINO</word>
            <lemma>sandino</lemma>
            <CharacterOffsetBegin>41</CharacterOffsetBegin>
            <CharacterOffsetEnd>48</CharacterOffsetEnd>
            <POS>NN</POS>
            <NER>O</NER>
            <Speaker>PER0</Speaker>
          </token>
          <token id="12">
            <word>-RRB-</word>
            <lemma>-rrb-</lemma>
            <CharacterOffsetBegin>48</CharacterOffsetBegin>
            <CharacterOffsetEnd>49</CharacterOffsetEnd>
            <POS>-RRB-</POS>
            <NER>O</NER>
            <Speaker>PER0</Speaker>
          </token>
          <token id="13">
            <word>--</word>
            <lemma>--</lemma>
            <CharacterOffsetBegin>50</CharacterOffsetBegin>
            <CharacterOffsetEnd>52</CharacterOffsetEnd>
            <POS>:</POS>
            <NER>O</NER>
            <Speaker>PER0</Speaker>
          </token>
          <token id="14">
            <word>-LSB-</word>
            <lemma>-lsb-</lemma>
            <CharacterOffsetBegin>53</CharacterOffsetBegin>
            <CharacterOffsetEnd>54</CharacterOffsetEnd>
            <POS>-LRB-</POS>
            <NER>O</NER>
            <Speaker>PER0</Speaker>
          </token>
          <token id="15">
            <word>TEXT</word>
            <lemma>text</lemma>
            <CharacterOffsetBegin>54</CharacterOffsetBegin>
            <CharacterOffsetEnd>58</CharacterOffsetEnd>
            <POS>NN</POS>
            <NER>O</NER>
            <Speaker>PER0</Speaker>
          </token>
          <token id="16">
            <word>-RSB-</word>
            <lemma>-rsb-</lemma>
            <CharacterOffsetBegin>58</CharacterOffsetBegin>
            <CharacterOffsetEnd>59</CharacterOffsetEnd>
            <POS>-RRB-</POS>
            <NER>O</NER>
            <Speaker>PER0</Speaker>
          </token>
          <token id="17">
            <word>A</word>
            <lemma>a</lemma>
            <CharacterOffsetBegin>60</CharacterOffsetBegin>
            <CharacterOffsetEnd>61</CharacterOffsetEnd>
            <POS>DT</POS>
            <NER>O</NER>
            <Speaker>PER0</Speaker>
          </token>
          <token id="18">
            <word>MILITARY</word>
            <lemma>military</lemma>
            <CharacterOffsetBegin>62</CharacterOffsetBegin>
            <CharacterOffsetEnd>70</CharacterOffsetEnd>
            <POS>JJ</POS>
            <NER>O</NER>
            <Speaker>PER0</Speaker>
          </token>
          <token id="19">
            <word>PATRIOTIC</word>
            <lemma>patriotic</lemma>
            <CharacterOffsetBegin>71</CharacterOffsetBegin>
            <CharacterOffsetEnd>80</CharacterOffsetEnd>
            <POS>JJ</POS>
            <NER>O</NER>
            <Speaker>PER0</Speaker>
          </token>
          <token id="20">
            <word>SERVICE</word>
            <lemma>service</lemma>
            <CharacterOffsetBegin>81</CharacterOffsetBegin>
            <CharacterOffsetEnd>88</CharacterOffsetEnd>
            <POS>NN</POS>
            <NER>O</NER>
            <Speaker>PER0</Speaker>
          </token>
          <token id="21">
            <word>-LSB-</word>
            <lemma>-lsb-</lemma>
            <CharacterOffsetBegin>89</CharacterOffsetBegin>
            <CharacterOffsetEnd>90</CharacterOffsetEnd>
            <POS>-LRB-</POS>
            <NER>O</NER>
            <Speaker>PER0</Speaker>
          </token>
          <token id="22">
            <word>SMP</word>
            <lemma>smp</lemma>
            <CharacterOffsetBegin>90</CharacterOffsetBegin>
            <CharacterOffsetEnd>93</CharacterOffsetEnd>
            <POS>NN</POS>
            <NER>O</NER>
            <Speaker>PER0</Speaker>
          </token>
          <token id="23">
            <word>-RSB-</word>
            <lemma>-rsb-</lemma>
            <CharacterOffsetBegin>93</CharacterOffsetBegin>
            <CharacterOffsetEnd>94</CharacterOffsetEnd>
            <POS>-RRB-</POS>
            <NER>O</NER>
            <Speaker>PER0</Speaker>
          </token>
          <token id="24">
            <word>YOUTH</word>
            <lemma>youth</lemma>
            <CharacterOffsetBegin>95</CharacterOffsetBegin>
            <CharacterOffsetEnd>100</CharacterOffsetEnd>
            <POS>NN</POS>
            <NER>O</NER>
            <Speaker>PER0</Speaker>
          </token>
          <token id="25">
            <word>WAS</word>
            <lemma>be</lemma>
            <CharacterOffsetBegin>101</CharacterOffsetBegin>
            <CharacterOffsetEnd>104</CharacterOffsetEnd>
            <POS>VBD</POS>
            <NER>O</NER>
            <Speaker>PER0</Speaker>
          </token>
          <token id="26">
            <word>KILLED</word>
            <lemma>kill</lemma>
            <CharacterOffsetBegin>105</CharacterOffsetBegin>
            <CharacterOffsetEnd>111</CharacterOffsetEnd>
            <POS>VBN</POS>
            <NER>O</NER>
            <Speaker>PER0</Speaker>
          </token>
          <token id="27">
            <word>AND</word>
            <lemma>and</lemma>
            <CharacterOffsetBegin>112</CharacterOffsetBegin>
            <CharacterOffsetEnd>115</CharacterOffsetEnd>
            <POS>CC</POS>
            <NER>O</NER>
            <Speaker>PER0</Speaker>
          </token>
          <token id="28">
            <word>A</word>
            <lemma>a</lemma>
            <CharacterOffsetBegin>116</CharacterOffsetBegin>
            <CharacterOffsetEnd>117</CharacterOffsetEnd>
            <POS>DT</POS>
            <NER>DURATION</NER>
            <NormalizedNER>PT1S</NormalizedNER>
            <Speaker>PER0</Speaker>
            <Timex tid="t2" type="DURATION">PT1S</Timex>
          </token>
          <token id="29">
            <word>SECOND</word>
            <lemma>second</lemma>
            <CharacterOffsetBegin>118</CharacterOffsetBegin>
            <CharacterOffsetEnd>124</CharacterOffsetEnd>
            <POS>JJ</POS>
            <NER>DURATION</NER>
            <NormalizedNER>PT1S</NormalizedNER>
            <Speaker>PER0</Speaker>
            <Timex tid="t2" type="DURATION">PT1S</Timex>
          </token>
          <token id="30">
            <word>ONE</word>
            <lemma>one</lemma>
            <CharacterOffsetBegin>125</CharacterOffsetBegin>
            <CharacterOffsetEnd>128</CharacterOffsetEnd>
            <POS>CD</POS>
            <NER>NUMBER</NER>
            <NormalizedNER>1.0</NormalizedNER>
            <Speaker>PER0</Speaker>
          </token>
          <token id="31">
            <word>INJURED</word>
            <lemma>injure</lemma>
            <CharacterOffsetBegin>129</CharacterOffsetBegin>
            <CharacterOffsetEnd>136</CharacterOffsetEnd>
            <POS>VBN</POS>
            <NER>O</NER>
            <Speaker>PER0</Speaker>
          </token>
          <token id="32">
            <word>DURING</word>
            <lemma>during</lemma>
            <CharacterOffsetBegin>137</CharacterOffsetBegin>
            <CharacterOffsetEnd>143</CharacterOffsetEnd>
            <POS>IN</POS>
            <NER>O</NER>
            <Speaker>PER0</Speaker>
          </token>
          <token id="33">
            <word>A</word>
            <lemma>a</lemma>
            <CharacterOffsetBegin>144</CharacterOffsetBegin>
            <CharacterOffsetEnd>145</CharacterOffsetEnd>
            <POS>DT</POS>
            <NER>O</NER>
            <Speaker>PER0</Speaker>
          </token>
          <token id="34">
            <word>HONDURAN</word>
            <lemma>honduran</lemma>
            <CharacterOffsetBegin>146</CharacterOffsetBegin>
            <CharacterOffsetEnd>154</CharacterOffsetEnd>
            <POS>JJ</POS>
            <NER>MISC</NER>
            <Speaker>PER0</Speaker>
          </token>
          <token id="35">
            <word>ARMY</word>
            <lemma>army</lemma>
            <CharacterOffsetBegin>155</CharacterOffsetBegin>
            <CharacterOffsetEnd>159</CharacterOffsetEnd>
            <POS>NN</POS>
            <NER>O</NER>
            <Speaker>PER0</Speaker>
          </token>
          <token id="36">
            <word>ATTACK</word>
            <lemma>attack</lemma>
            <CharacterOffsetBegin>160</CharacterOffsetBegin>
            <CharacterOffsetEnd>166</CharacterOffsetEnd>
            <POS>NN</POS>
            <NER>O</NER>
            <Speaker>PER0</Speaker>
          </token>
          <token id="37">
            <word>AT</word>
            <lemma>at</lemma>
            <CharacterOffsetBegin>167</CharacterOffsetBegin>
            <CharacterOffsetEnd>169</CharacterOffsetEnd>
            <POS>IN</POS>
            <NER>O</NER>
            <Speaker>PER0</Speaker>
          </token>
          <token id="38">
            <word>EL</word>
            <lemma>EL</lemma>
            <CharacterOffsetBegin>170</CharacterOffsetBegin>
            <CharacterOffsetEnd>172</CharacterOffsetEnd>
            <POS>NNP</POS>
            <NER>LOCATION</NER>
            <Speaker>PER0</Speaker>
          </token>
          <token id="39">
            <word>PASO</word>
            <lemma>PASO</lemma>
            <CharacterOffsetBegin>173</CharacterOffsetBegin>
            <CharacterOffsetEnd>177</CharacterOffsetEnd>
            <POS>NNP</POS>
            <NER>LOCATION</NER>
            <Speaker>PER0</Speaker>
          </token>
          <token id="40">
            <word>NARANJO</word>
            <lemma>NARANJO</lemma>
            <CharacterOffsetBegin>178</CharacterOffsetBegin>
            <CharacterOffsetEnd>185</CharacterOffsetEnd>
            <POS>NNP</POS>
            <NER>LOCATION</NER>
            <Speaker>PER0</Speaker>
          </token>
          <token id="41">
            <word>,</word>
            <lemma>,</lemma>
            <CharacterOffsetBegin>185</CharacterOffsetBegin>
            <CharacterOffsetEnd>186</CharacterOffsetEnd>
            <POS>,</POS>
            <NER>O</NER>
            <Speaker>PER0</Speaker>
          </token>
          <token id="42">
            <word>SOMOTILLO</word>
            <lemma>SOMOTILLO</lemma>
            <CharacterOffsetBegin>187</CharacterOffsetBegin>
            <CharacterOffsetEnd>196</CharacterOffsetEnd>
            <POS>NNP</POS>
            <NER>O</NER>
            <Speaker>PER0</Speaker>
          </token>
          <token id="43">
            <word>,</word>
            <lemma>,</lemma>
            <CharacterOffsetBegin>196</CharacterOffsetBegin>
            <CharacterOffsetEnd>197</CharacterOffsetEnd>
            <POS>,</POS>
            <NER>O</NER>
            <Speaker>PER0</Speaker>
          </token>
          <token id="44">
            <word>CHINANDEGA</word>
            <lemma>CHINANDEGA</lemma>
            <CharacterOffsetBegin>198</CharacterOffsetBegin>
            <CharacterOffsetEnd>208</CharacterOffsetEnd>
            <POS>NNP</POS>
            <NER>LOCATION</NER>
            <Speaker>PER0</Speaker>
          </token>
          <token id="45">
            <word>DEPARTMENT</word>
            <lemma>DEPARTMENT</lemma>
            <CharacterOffsetBegin>209</CharacterOffsetBegin>
            <CharacterOffsetEnd>219</CharacterOffsetEnd>
            <POS>NNP</POS>
            <NER>O</NER>
            <Speaker>PER0</Speaker>
          </token>
          <token id="46">
            <word>.</word>
            <lemma>.</lemma>
            <CharacterOffsetBegin>219</CharacterOffsetBegin>
            <CharacterOffsetEnd>220</CharacterOffsetEnd>
            <POS>.</POS>
            <NER>O</NER>
            <Speaker>PER0</Speaker>
          </token>
        </tokens>
        <parse>(ROOT (NP (NP (NP (NNP MANAGUA)) (PRN (-LRB- -LRB-) (NP (NNP NICARAGUA)) (-RRB- -RRB-)) (, ,) (NP (NP (CD 10) (NN APR)) (NP (NP (CD 89)) (PRN (-LRB- -LRB-) (NP (NN RADIO) (NN SANDINO)) (-RRB- -RRB-))))) (: --) (NP (NP (-LRB- -LSB-) (NN TEXT)) (-RRB- -RSB-) (NP (DT A) (JJ MILITARY) (JJ PATRIOTIC) (NN SERVICE)) (-LRB- -LSB-) (NP (NP (NN SMP)) (SBAR (S (NP (-RRB- -RSB-) (NN YOUTH)) (VP (VBD WAS) (VP (VBN KILLED)))))) (CC AND) (NP (NP (DT A) (JJ SECOND) (CD ONE)) (VP (VBN INJURED) (PP (IN DURING) (NP (NP (DT A) (JJ HONDURAN) (NN ARMY) (NN ATTACK)) (PP (IN AT) (NP (NAC (NNP EL) (NNP PASO) (NNP NARANJO) (, ,) (NNP SOMOTILLO) (, ,)) (NNP CHINANDEGA) (NNP DEPARTMENT)))))))) (. .))) </parse>
        <dependencies type="basic-dependencies">
          <dep type="root">
            <governor idx="0">ROOT</governor>
            <dependent idx="1">MANAGUA</dependent>
          </dep>
          <dep type="appos">
            <governor idx="1">MANAGUA</governor>
            <dependent idx="3">NICARAGUA</dependent>
          </dep>
          <dep type="nummod">
            <governor idx="7">APR</governor>
            <dependent idx="6">10</dependent>
          </dep>
          <dep type="appos">
            <governor idx="1">MANAGUA</governor>
            <dependent idx="7">APR</dependent>
          </dep>
          <dep type="dep">
            <governor idx="7">APR</governor>
            <dependent idx="8">89</dependent>
          </dep>
          <dep type="compound">
            <governor idx="11">SANDINO</governor>
            <dependent idx="10">RADIO</dependent>
          </dep>
          <dep type="appos">
            <governor idx="8">89</governor>
            <dependent idx="11">SANDINO</dependent>
          </dep>
          <dep type="dep">
            <governor idx="1">MANAGUA</governor>
            <dependent idx="15">TEXT</dependent>
          </dep>
          <dep type="det">
            <governor idx="20">SERVICE</governor>
            <dependent idx="17">A</dependent>
          </dep>
          <dep type="amod">
            <governor idx="20">SERVICE</governor>
            <dependent idx="18">MILITARY</dependent>
          </dep>
          <dep type="amod">
            <governor idx="20">SERVICE</governor>
            <dependent idx="19">PATRIOTIC</dependent>
          </dep>
          <dep type="conj">
            <governor idx="15">TEXT</governor>
            <dependent idx="20">SERVICE</dependent>
          </dep>
          <dep type="conj">
            <governor idx="15">TEXT</governor>
            <dependent idx="22">SMP</dependent>
          </dep>
          <dep type="nsubjpass">
            <governor idx="26">KILLED</governor>
            <dependent idx="24">YOUTH</dependent>
          </dep>
          <dep type="auxpass">
            <governor idx="26">KILLED</governor>
            <dependent idx="25">WAS</dependent>
          </dep>
          <dep type="acl:relcl">
            <governor idx="22">SMP</governor>
            <dependent idx="26">KILLED</dependent>
          </dep>
          <dep type="cc">
            <governor idx="15">TEXT</governor>
            <dependent idx="27">AND</dependent>
          </dep>
          <dep type="det">
            <governor idx="30">ONE</governor>
            <dependent idx="28">A</dependent>
          </dep>
          <dep type="amod">
            <governor idx="30">ONE</governor>
            <dependent idx="29">SECOND</dependent>
          </dep>
          <dep type="conj">
            <governor idx="15">TEXT</governor>
            <dependent idx="30">ONE</dependent>
          </dep>
          <dep type="acl">
            <governor idx="30">ONE</governor>
            <dependent idx="31">INJURED</dependent>
          </dep>
          <dep type="case">
            <governor idx="36">ATTACK</governor>
            <dependent idx="32">DURING</dependent>
          </dep>
          <dep type="det">
            <governor idx="36">ATTACK</governor>
            <dependent idx="33">A</dependent>
          </dep>
          <dep type="amod">
            <governor idx="36">ATTACK</governor>
            <dependent idx="34">HONDURAN</dependent>
          </dep>
          <dep type="compound">
            <governor idx="36">ATTACK</governor>
            <dependent idx="35">ARMY</dependent>
          </dep>
          <dep type="nmod">
            <governor idx="31">INJURED</governor>
            <dependent idx="36">ATTACK</dependent>
          </dep>
          <dep type="case">
            <governor idx="45">DEPARTMENT</governor>
            <dependent idx="37">AT</dependent>
          </dep>
          <dep type="dep">
            <governor idx="45">DEPARTMENT</governor>
            <dependent idx="38">EL</dependent>
          </dep>
          <dep type="compound">
            <governor idx="38">EL</governor>
            <dependent idx="39">PASO</dependent>
          </dep>
          <dep type="compound">
            <governor idx="38">EL</governor>
            <dependent idx="40">NARANJO</dependent>
          </dep>
          <dep type="dep">
            <governor idx="38">EL</governor>
            <dependent idx="42">SOMOTILLO</dependent>
          </dep>
          <dep type="compound">
            <governor idx="45">DEPARTMENT</governor>
            <dependent idx="44">CHINANDEGA</dependent>
          </dep>
          <dep type="nmod">
            <governor idx="36">ATTACK</governor>
            <dependent idx="45">DEPARTMENT</dependent>
          </dep>
        </dependencies>
        <dependencies type="collapsed-dependencies">
          <dep type="root">
            <governor idx="0">ROOT</governor>
            <dependent idx="1">MANAGUA</dependent>
          </dep>
          <dep type="appos">
            <governor idx="1">MANAGUA</governor>
            <dependent idx="3">NICARAGUA</dependent>
          </dep>
          <dep type="nummod">
            <governor idx="7">APR</governor>
            <dependent idx="6">10</dependent>
          </dep>
          <dep type="appos">
            <governor idx="1">MANAGUA</governor>
            <dependent idx="7">APR</dependent>
          </dep>
          <dep type="dep">
            <governor idx="7">APR</governor>
            <dependent idx="8">89</dependent>
          </dep>
          <dep type="compound">
            <governor idx="11">SANDINO</governor>
            <dependent idx="10">RADIO</dependent>
          </dep>
          <dep type="appos">
            <governor idx="8">89</governor>
            <dependent idx="11">SANDINO</dependent>
          </dep>
          <dep type="dep">
            <governor idx="1">MANAGUA</governor>
            <dependent idx="15">TEXT</dependent>
          </dep>
          <dep type="det">
            <governor idx="20">SERVICE</governor>
            <dependent idx="17">A</dependent>
          </dep>
          <dep type="amod">
            <governor idx="20">SERVICE</governor>
            <dependent idx="18">MILITARY</dependent>
          </dep>
          <dep type="amod">
            <governor idx="20">SERVICE</governor>
            <dependent idx="19">PATRIOTIC</dependent>
          </dep>
          <dep type="conj:and">
            <governor idx="15">TEXT</governor>
            <dependent idx="20">SERVICE</dependent>
          </dep>
          <dep type="conj:and">
            <governor idx="15">TEXT</governor>
            <dependent idx="22">SMP</dependent>
          </dep>
          <dep type="nsubjpass">
            <governor idx="26">KILLED</governor>
            <dependent idx="24">YOUTH</dependent>
          </dep>
          <dep type="auxpass">
            <governor idx="26">KILLED</governor>
            <dependent idx="25">WAS</dependent>
          </dep>
          <dep type="acl:relcl">
            <governor idx="22">SMP</governor>
            <dependent idx="26">KILLED</dependent>
          </dep>
          <dep type="cc">
            <governor idx="15">TEXT</governor>
            <dependent idx="27">AND</dependent>
          </dep>
          <dep type="det">
            <governor idx="30">ONE</governor>
            <dependent idx="28">A</dependent>
          </dep>
          <dep type="amod">
            <governor idx="30">ONE</governor>
            <dependent idx="29">SECOND</dependent>
          </dep>
          <dep type="conj:and">
            <governor idx="15">TEXT</governor>
            <dependent idx="30">ONE</dependent>
          </dep>
          <dep type="acl">
            <governor idx="30">ONE</governor>
            <dependent idx="31">INJURED</dependent>
          </dep>
          <dep type="case">
            <governor idx="36">ATTACK</governor>
            <dependent idx="32">DURING</dependent>
          </dep>
          <dep type="det">
            <governor idx="36">ATTACK</governor>
            <dependent idx="33">A</dependent>
          </dep>
          <dep type="amod">
            <governor idx="36">ATTACK</governor>
            <dependent idx="34">HONDURAN</dependent>
          </dep>
          <dep type="compound">
            <governor idx="36">ATTACK</governor>
            <dependent idx="35">ARMY</dependent>
          </dep>
          <dep type="nmod:during">
            <governor idx="31">INJURED</governor>
            <dependent idx="36">ATTACK</dependent>
          </dep>
          <dep type="case">
            <governor idx="45">DEPARTMENT</governor>
            <dependent idx="37">AT</dependent>
          </dep>
          <dep type="dep">
            <governor idx="45">DEPARTMENT</governor>
            <dependent idx="38">EL</dependent>
          </dep>
          <dep type="compound">
            <governor idx="38">EL</governor>
            <dependent idx="39">PASO</dependent>
          </dep>
          <dep type="compound">
            <governor idx="38">EL</governor>
            <dependent idx="40">NARANJO</dependent>
          </dep>
          <dep type="dep">
            <governor idx="38">EL</governor>
            <dependent idx="42">SOMOTILLO</dependent>
          </dep>
          <dep type="compound">
            <governor idx="45">DEPARTMENT</governor>
            <dependent idx="44">CHINANDEGA</dependent>
          </dep>
          <dep type="nmod:at">
            <governor idx="36">ATTACK</governor>
            <dependent idx="45">DEPARTMENT</dependent>
          </dep>
        </dependencies>
        <dependencies type="collapsed-ccprocessed-dependencies">
          <dep type="root">
            <governor idx="0">ROOT</governor>
            <dependent idx="1">MANAGUA</dependent>
          </dep>
          <dep type="appos">
            <governor idx="1">MANAGUA</governor>
            <dependent idx="3">NICARAGUA</dependent>
          </dep>
          <dep type="nummod">
            <governor idx="7">APR</governor>
            <dependent idx="6">10</dependent>
          </dep>
          <dep type="appos">
            <governor idx="1">MANAGUA</governor>
            <dependent idx="7">APR</dependent>
          </dep>
          <dep type="dep">
            <governor idx="7">APR</governor>
            <dependent idx="8">89</dependent>
          </dep>
          <dep type="compound">
            <governor idx="11">SANDINO</governor>
            <dependent idx="10">RADIO</dependent>
          </dep>
          <dep type="appos">
            <governor idx="8">89</governor>
            <dependent idx="11">SANDINO</dependent>
          </dep>
          <dep type="dep">
            <governor idx="1">MANAGUA</governor>
            <dependent idx="15">TEXT</dependent>
          </dep>
          <dep type="det">
            <governor idx="20">SERVICE</governor>
            <dependent idx="17">A</dependent>
          </dep>
          <dep type="amod">
            <governor idx="20">SERVICE</governor>
            <dependent idx="18">MILITARY</dependent>
          </dep>
          <dep type="amod">
            <governor idx="20">SERVICE</governor>
            <dependent idx="19">PATRIOTIC</dependent>
          </dep>
          <dep type="dep" extra="true">
            <governor idx="1">MANAGUA</governor>
            <dependent idx="20">SERVICE</dependent>
          </dep>
          <dep type="conj:and">
            <governor idx="15">TEXT</governor>
            <dependent idx="20">SERVICE</dependent>
          </dep>
          <dep type="dep" extra="true">
            <governor idx="1">MANAGUA</governor>
            <dependent idx="22">SMP</dependent>
          </dep>
          <dep type="conj:and">
            <governor idx="15">TEXT</governor>
            <dependent idx="22">SMP</dependent>
          </dep>
          <dep type="nsubjpass">
            <governor idx="26">KILLED</governor>
            <dependent idx="24">YOUTH</dependent>
          </dep>
          <dep type="auxpass">
            <governor idx="26">KILLED</governor>
            <dependent idx="25">WAS</dependent>
          </dep>
          <dep type="acl:relcl">
            <governor idx="22">SMP</governor>
            <dependent idx="26">KILLED</dependent>
          </dep>
          <dep type="cc">
            <governor idx="15">TEXT</governor>
            <dependent idx="27">AND</dependent>
          </dep>
          <dep type="det">
            <governor idx="30">ONE</governor>
            <dependent idx="28">A</dependent>
          </dep>
          <dep type="amod">
            <governor idx="30">ONE</governor>
            <dependent idx="29">SECOND</dependent>
          </dep>
          <dep type="dep" extra="true">
            <governor idx="1">MANAGUA</governor>
            <dependent idx="30">ONE</dependent>
          </dep>
          <dep type="conj:and">
            <governor idx="15">TEXT</governor>
            <dependent idx="30">ONE</dependent>
          </dep>
          <dep type="acl">
            <governor idx="30">ONE</governor>
            <dependent idx="31">INJURED</dependent>
          </dep>
          <dep type="case">
            <governor idx="36">ATTACK</governor>
            <dependent idx="32">DURING</dependent>
          </dep>
          <dep type="det">
            <governor idx="36">ATTACK</governor>
            <dependent idx="33">A</dependent>
          </dep>
          <dep type="amod">
            <governor idx="36">ATTACK</governor>
            <dependent idx="34">HONDURAN</dependent>
          </dep>
          <dep type="compound">
            <governor idx="36">ATTACK</governor>
            <dependent idx="35">ARMY</dependent>
          </dep>
          <dep type="nmod:during">
            <governor idx="31">INJURED</governor>
            <dependent idx="36">ATTACK</dependent>
          </dep>
          <dep type="case">
            <governor idx="45">DEPARTMENT</governor>
            <dependent idx="37">AT</dependent>
          </dep>
          <dep type="dep">
            <governor idx="45">DEPARTMENT</governor>
            <dependent idx="38">EL</dependent>
          </dep>
          <dep type="compound">
            <governor idx="38">EL</governor>
            <dependent idx="39">PASO</dependent>
          </dep>
          <dep type="compound">
            <governor idx="38">EL</governor>
            <dependent idx="40">NARANJO</dependent>
          </dep>
          <dep type="dep">
            <governor idx="38">EL</governor>
            <dependent idx="42">SOMOTILLO</dependent>
          </dep>
          <dep type="compound">
            <governor idx="45">DEPARTMENT</governor>
            <dependent idx="44">CHINANDEGA</dependent>
          </dep>
          <dep type="nmod:at">
            <governor idx="36">ATTACK</governor>
            <dependent idx="45">DEPARTMENT</dependent>
          </dep>
        </dependencies>
      </sentence>
      <sentence id="2">
        <tokens>
          <token id="1">
            <word>-LSB-</word>
            <lemma>-lsb-</lemma>
            <CharacterOffsetBegin>225</CharacterOffsetBegin>
            <CharacterOffsetEnd>226</CharacterOffsetEnd>
            <POS>-LRB-</POS>
            <NER>O</NER>
            <Speaker>PER0</Speaker>
          </token>
          <token id="2">
            <word>THE</word>
            <lemma>the</lemma>
            <CharacterOffsetBegin>226</CharacterOffsetBegin>
            <CharacterOffsetEnd>229</CharacterOffsetEnd>
            <POS>DT</POS>
            <NER>O</NER>
            <Speaker>PER0</Speaker>
          </token>
          <token id="3">
            <word>-RSB-</word>
            <lemma>-rsb-</lemma>
            <CharacterOffsetBegin>229</CharacterOffsetBegin>
            <CharacterOffsetEnd>230</CharacterOffsetEnd>
            <POS>-RRB-</POS>
            <NER>O</NER>
            <Speaker>PER0</Speaker>
          </token>
          <token id="4">
            <word>NICARAGUAN</word>
            <lemma>nicaraguan</lemma>
            <CharacterOffsetBegin>231</CharacterOffsetBegin>
            <CharacterOffsetEnd>241</CharacterOffsetEnd>
            <POS>JJ</POS>
            <NER>MISC</NER>
            <Speaker>PER0</Speaker>
          </token>
          <token id="5">
            <word>-LSB-</word>
            <lemma>-lsb-</lemma>
            <CharacterOffsetBegin>242</CharacterOffsetBegin>
            <CharacterOffsetEnd>243</CharacterOffsetEnd>
            <POS>-LRB-</POS>
            <NER>O</NER>
            <Speaker>PER0</Speaker>
          </token>
          <token id="6">
            <word>DEFENSE</word>
            <lemma>defense</lemma>
            <CharacterOffsetBegin>243</CharacterOffsetBegin>
            <CharacterOffsetEnd>250</CharacterOffsetEnd>
            <POS>NN</POS>
            <NER>O</NER>
            <Speaker>PER0</Speaker>
          </token>
          <token id="7">
            <word>-RSB-</word>
            <lemma>-rsb-</lemma>
            <CharacterOffsetBegin>250</CharacterOffsetBegin>
            <CharacterOffsetEnd>251</CharacterOffsetEnd>
            <POS>-RRB-</POS>
            <NER>O</NER>
            <Speaker>PER0</Speaker>
          </token>
          <token id="8">
            <word>MINISTRY</word>
            <lemma>ministry</lemma>
            <CharacterOffsetBegin>252</CharacterOffsetBegin>
            <CharacterOffsetEnd>260</CharacterOffsetEnd>
            <POS>NN</POS>
            <NER>O</NER>
            <Speaker>PER0</Speaker>
          </token>
          <token id="9">
            <word>REPORTED</word>
            <lemma>report</lemma>
            <CharacterOffsetBegin>261</CharacterOffsetBegin>
            <CharacterOffsetEnd>269</CharacterOffsetEnd>
            <POS>VBD</POS>
            <NER>O</NER>
            <Speaker>PER0</Speaker>
          </token>
          <token id="10">
            <word>THAT</word>
            <lemma>that</lemma>
            <CharacterOffsetBegin>270</CharacterOffsetBegin>
            <CharacterOffsetEnd>274</CharacterOffsetEnd>
            <POS>IN</POS>
            <NER>O</NER>
            <Speaker>PER0</Speaker>
          </token>
          <token id="11">
            <word>A</word>
            <lemma>a</lemma>
            <CharacterOffsetBegin>275</CharacterOffsetBegin>
            <CharacterOffsetEnd>276</CharacterOffsetEnd>
            <POS>DT</POS>
            <NER>O</NER>
            <Speaker>PER0</Speaker>
          </token>
          <token id="12">
            <word>-LSB-</word>
            <lemma>-lsb-</lemma>
            <CharacterOffsetBegin>277</CharacterOffsetBegin>
            <CharacterOffsetEnd>278</CharacterOffsetEnd>
            <POS>-LRB-</POS>
            <NER>O</NER>
            <Speaker>PER0</Speaker>
          </token>
          <token id="13">
            <word>HONDURAN</word>
            <lemma>honduran</lemma>
            <CharacterOffsetBegin>278</CharacterOffsetBegin>
            <CharacterOffsetEnd>286</CharacterOffsetEnd>
            <POS>JJ</POS>
            <NER>MISC</NER>
            <Speaker>PER0</Speaker>
          </token>
          <token id="14">
            <word>-RSB-</word>
            <lemma>-rsb-</lemma>
            <CharacterOffsetBegin>286</CharacterOffsetBegin>
            <CharacterOffsetEnd>287</CharacterOffsetEnd>
            <POS>-RRB-</POS>
            <NER>O</NER>
            <Speaker>PER0</Speaker>
          </token>
          <token id="15">
            <word>ARMY</word>
            <lemma>ARMY</lemma>
            <CharacterOffsetBegin>288</CharacterOffsetBegin>
            <CharacterOffsetEnd>292</CharacterOffsetEnd>
            <POS>NNP</POS>
            <NER>O</NER>
            <Speaker>PER0</Speaker>
          </token>
          <token id="16">
            <word>PATROL</word>
            <lemma>PATROL</lemma>
            <CharacterOffsetBegin>293</CharacterOffsetBegin>
            <CharacterOffsetEnd>299</CharacterOffsetEnd>
            <POS>NNP</POS>
            <NER>O</NER>
            <Speaker>PER0</Speaker>
          </token>
          <token id="17">
            <word>ATTACKED</word>
            <lemma>attack</lemma>
            <CharacterOffsetBegin>300</CharacterOffsetBegin>
            <CharacterOffsetEnd>308</CharacterOffsetEnd>
            <POS>VBD</POS>
            <NER>O</NER>
            <Speaker>PER0</Speaker>
          </token>
          <token id="18">
            <word>A</word>
            <lemma>a</lemma>
            <CharacterOffsetBegin>309</CharacterOffsetBegin>
            <CharacterOffsetEnd>310</CharacterOffsetEnd>
            <POS>DT</POS>
            <NER>O</NER>
            <Speaker>PER0</Speaker>
          </token>
          <token id="19">
            <word>-LSB-</word>
            <lemma>-lsb-</lemma>
            <CharacterOffsetBegin>311</CharacterOffsetBegin>
            <CharacterOffsetEnd>312</CharacterOffsetEnd>
            <POS>-LRB-</POS>
            <NER>O</NER>
            <Speaker>PER0</Speaker>
          </token>
          <token id="20">
            <word>NICARAGUAN</word>
            <lemma>nicaraguan</lemma>
            <CharacterOffsetBegin>312</CharacterOffsetBegin>
            <CharacterOffsetEnd>322</CharacterOffsetEnd>
            <POS>JJ</POS>
            <NER>MISC</NER>
            <Speaker>PER0</Speaker>
          </token>
          <token id="21">
            <word>BORDER</word>
            <lemma>border</lemma>
            <CharacterOffsetBegin>323</CharacterOffsetBegin>
            <CharacterOffsetEnd>329</CharacterOffsetEnd>
            <POS>NN</POS>
            <NER>O</NER>
            <Speaker>PER0</Speaker>
          </token>
          <token id="22">
            <word>PATROL</word>
            <lemma>patrol</lemma>
            <CharacterOffsetBegin>330</CharacterOffsetBegin>
            <CharacterOffsetEnd>336</CharacterOffsetEnd>
            <POS>NN</POS>
            <NER>O</NER>
            <Speaker>PER0</Speaker>
          </token>
          <token id="23">
            <word>UNIT</word>
            <lemma>unit</lemma>
            <CharacterOffsetBegin>337</CharacterOffsetBegin>
            <CharacterOffsetEnd>341</CharacterOffsetEnd>
            <POS>NN</POS>
            <NER>O</NER>
            <Speaker>PER0</Speaker>
          </token>
          <token id="24">
            <word>YESTERDAY</word>
            <lemma>yesterday</lemma>
            <CharacterOffsetBegin>342</CharacterOffsetBegin>
            <CharacterOffsetEnd>351</CharacterOffsetEnd>
            <POS>NN</POS>
            <NER>DATE</NER>
            <NormalizedNER>OFFSET P-1D INTERSECT MO</NormalizedNER>
            <Speaker>PER0</Speaker>
            <Timex tid="t3" type="DATE"/>
          </token>
          <token id="25">
            <word>MORNING</word>
            <lemma>morning</lemma>
            <CharacterOffsetBegin>352</CharacterOffsetBegin>
            <CharacterOffsetEnd>359</CharacterOffsetEnd>
            <POS>NN</POS>
            <NER>DATE</NER>
            <NormalizedNER>OFFSET P-1D INTERSECT MO</NormalizedNER>
            <Speaker>PER0</Speaker>
            <Timex tid="t3" type="DATE"/>
          </token>
          <token id="26">
            <word>WHEN</word>
            <lemma>when</lemma>
            <CharacterOffsetBegin>360</CharacterOffsetBegin>
            <CharacterOffsetEnd>364</CharacterOffsetEnd>
            <POS>WRB</POS>
            <NER>O</NER>
            <Speaker>PER0</Speaker>
          </token>
          <token id="27">
            <word>THE</word>
            <lemma>the</lemma>
            <CharacterOffsetBegin>365</CharacterOffsetBegin>
            <CharacterOffsetEnd>368</CharacterOffsetEnd>
            <POS>DT</POS>
            <NER>O</NER>
            <Speaker>PER0</Speaker>
          </token>
          <token id="28">
            <word>-RSB-</word>
            <lemma>-rsb-</lemma>
            <CharacterOffsetBegin>368</CharacterOffsetBegin>
            <CharacterOffsetEnd>369</CharacterOffsetEnd>
            <POS>-RRB-</POS>
            <NER>O</NER>
            <Speaker>PER0</Speaker>
          </token>
          <token id="29">
            <word>NICARAGUAN</word>
            <lemma>nicaraguan</lemma>
            <CharacterOffsetBegin>370</CharacterOffsetBegin>
            <CharacterOffsetEnd>380</CharacterOffsetEnd>
            <POS>JJ</POS>
            <NER>MISC</NER>
            <Speaker>PER0</Speaker>
          </token>
          <token id="30">
            <word>UNIT</word>
            <lemma>unit</lemma>
            <CharacterOffsetBegin>381</CharacterOffsetBegin>
            <CharacterOffsetEnd>385</CharacterOffsetEnd>
            <POS>NN</POS>
            <NER>O</NER>
            <Speaker>PER0</Speaker>
          </token>
          <token id="31">
            <word>WAS</word>
            <lemma>be</lemma>
            <CharacterOffsetBegin>386</CharacterOffsetBegin>
            <CharacterOffsetEnd>389</CharacterOffsetEnd>
            <POS>VBD</POS>
            <NER>O</NER>
            <Speaker>PER0</Speaker>
          </token>
          <token id="32">
            <word>CONDUCTING</word>
            <lemma>conduct</lemma>
            <CharacterOffsetBegin>390</CharacterOffsetBegin>
            <CharacterOffsetEnd>400</CharacterOffsetEnd>
            <POS>VBG</POS>
            <NER>O</NER>
            <Speaker>PER0</Speaker>
          </token>
          <token id="33">
            <word>ITS</word>
            <lemma>its</lemma>
            <CharacterOffsetBegin>401</CharacterOffsetBegin>
            <CharacterOffsetEnd>404</CharacterOffsetEnd>
            <POS>PRP$</POS>
            <NER>O</NER>
            <Speaker>PER0</Speaker>
          </token>
          <token id="34">
            <word>ROUTINE</word>
            <lemma>routine</lemma>
            <CharacterOffsetBegin>405</CharacterOffsetBegin>
            <CharacterOffsetEnd>412</CharacterOffsetEnd>
            <POS>JJ</POS>
            <NER>O</NER>
            <Speaker>PER0</Speaker>
          </token>
          <token id="35">
            <word>PATROLS</word>
            <lemma>patrol</lemma>
            <CharacterOffsetBegin>413</CharacterOffsetBegin>
            <CharacterOffsetEnd>420</CharacterOffsetEnd>
            <POS>NNS</POS>
            <NER>O</NER>
            <Speaker>PER0</Speaker>
          </token>
          <token id="36">
            <word>.</word>
            <lemma>.</lemma>
            <CharacterOffsetBegin>420</CharacterOffsetBegin>
            <CharacterOffsetEnd>421</CharacterOffsetEnd>
            <POS>.</POS>
            <NER>O</NER>
            <Speaker>PER0</Speaker>
          </token>
        </tokens>
        <parse>(ROOT (S (PP (-LRB- -LSB-) (NP (DT THE) (-RRB- -RSB-) (JJ NICARAGUAN) (-LRB- -LSB-) (NN DEFENSE))) (-RRB- -RSB-) (NP (NN MINISTRY)) (VP (VBD REPORTED) (SBAR (IN THAT) (S (NP (DT A) (-LRB- -LSB-) (JJ HONDURAN) (-RRB- -RSB-) (NNP ARMY) (NNP PATROL)) (VP (VBD ATTACKED) (NP (DT A) (-LRB- -LSB-) (JJ NICARAGUAN) (NN BORDER) (NN PATROL) (NN UNIT) (NN YESTERDAY)) (NP-TMP (NN MORNING)) (SBAR (WHADVP (WRB WHEN)) (S (NP (DT THE) (-RRB- -RSB-) (JJ NICARAGUAN) (NN UNIT)) (VP (VBD WAS) (VP (VBG CONDUCTING) (NP (PRP$ ITS) (JJ ROUTINE) (NNS PATROLS)))))))))) (. .))) </parse>
        <dependencies type="basic-dependencies">
          <dep type="root">
            <governor idx="0">ROOT</governor>
            <dependent idx="9">REPORTED</dependent>
          </dep>
          <dep type="det">
            <governor idx="6">DEFENSE</governor>
            <dependent idx="2">THE</dependent>
          </dep>
          <dep type="amod">
            <governor idx="6">DEFENSE</governor>
            <dependent idx="4">NICARAGUAN</dependent>
          </dep>
          <dep type="nmod">
            <governor idx="9">REPORTED</governor>
            <dependent idx="6">DEFENSE</dependent>
          </dep>
          <dep type="nsubj">
            <governor idx="9">REPORTED</governor>
            <dependent idx="8">MINISTRY</dependent>
          </dep>
          <dep type="mark">
            <governor idx="17">ATTACKED</governor>
            <dependent idx="10">THAT</dependent>
          </dep>
          <dep type="det">
            <governor idx="16">PATROL</governor>
            <dependent idx="11">A</dependent>
          </dep>
          <dep type="amod">
            <governor idx="16">PATROL</governor>
            <dependent idx="13">HONDURAN</dependent>
          </dep>
          <dep type="compound">
            <governor idx="16">PATROL</governor>
            <dependent idx="15">ARMY</dependent>
          </dep>
          <dep type="nsubj">
            <governor idx="17">ATTACKED</governor>
            <dependent idx="16">PATROL</dependent>
          </dep>
          <dep type="ccomp">
            <governor idx="9">REPORTED</governor>
            <dependent idx="17">ATTACKED</dependent>
          </dep>
          <dep type="det">
            <governor idx="24">YESTERDAY</governor>
            <dependent idx="18">A</dependent>
          </dep>
          <dep type="amod">
            <governor idx="24">YESTERDAY</governor>
            <dependent idx="20">NICARAGUAN</dependent>
          </dep>
          <dep type="compound">
            <governor idx="24">YESTERDAY</governor>
            <dependent idx="21">BORDER</dependent>
          </dep>
          <dep type="compound">
            <governor idx="24">YESTERDAY</governor>
            <dependent idx="22">PATROL</dependent>
          </dep>
          <dep type="compound">
            <governor idx="24">YESTERDAY</governor>
            <dependent idx="23">UNIT</dependent>
          </dep>
          <dep type="dobj">
            <governor idx="17">ATTACKED</governor>
            <dependent idx="24">YESTERDAY</dependent>
          </dep>
          <dep type="nmod:tmod">
            <governor idx="17">ATTACKED</governor>
            <dependent idx="25">MORNING</dependent>
          </dep>
          <dep type="advmod">
            <governor idx="32">CONDUCTING</governor>
            <dependent idx="26">WHEN</dependent>
          </dep>
          <dep type="det">
            <governor idx="30">UNIT</governor>
            <dependent idx="27">THE</dependent>
          </dep>
          <dep type="amod">
            <governor idx="30">UNIT</governor>
            <dependent idx="29">NICARAGUAN</dependent>
          </dep>
          <dep type="nsubj">
            <governor idx="32">CONDUCTING</governor>
            <dependent idx="30">UNIT</dependent>
          </dep>
          <dep type="aux">
            <governor idx="32">CONDUCTING</governor>
            <dependent idx="31">WAS</dependent>
          </dep>
          <dep type="advcl">
            <governor idx="17">ATTACKED</governor>
            <dependent idx="32">CONDUCTING</dependent>
          </dep>
          <dep type="nmod:poss">
            <governor idx="35">PATROLS</governor>
            <dependent idx="33">ITS</dependent>
          </dep>
          <dep type="amod">
            <governor idx="35">PATROLS</governor>
            <dependent idx="34">ROUTINE</dependent>
          </dep>
          <dep type="dobj">
            <governor idx="32">CONDUCTING</governor>
            <dependent idx="35">PATROLS</dependent>
          </dep>
        </dependencies>
        <dependencies type="collapsed-dependencies">
          <dep type="root">
            <governor idx="0">ROOT</governor>
            <dependent idx="9">REPORTED</dependent>
          </dep>
          <dep type="det">
            <governor idx="6">DEFENSE</governor>
            <dependent idx="2">THE</dependent>
          </dep>
          <dep type="amod">
            <governor idx="6">DEFENSE</governor>
            <dependent idx="4">NICARAGUAN</dependent>
          </dep>
          <dep type="nmod">
            <governor idx="9">REPORTED</governor>
            <dependent idx="6">DEFENSE</dependent>
          </dep>
          <dep type="nsubj">
            <governor idx="9">REPORTED</governor>
            <dependent idx="8">MINISTRY</dependent>
          </dep>
          <dep type="mark">
            <governor idx="17">ATTACKED</governor>
            <dependent idx="10">THAT</dependent>
          </dep>
          <dep type="det">
            <governor idx="16">PATROL</governor>
            <dependent idx="11">A</dependent>
          </dep>
          <dep type="amod">
            <governor idx="16">PATROL</governor>
            <dependent idx="13">HONDURAN</dependent>
          </dep>
          <dep type="compound">
            <governor idx="16">PATROL</governor>
            <dependent idx="15">ARMY</dependent>
          </dep>
          <dep type="nsubj">
            <governor idx="17">ATTACKED</governor>
            <dependent idx="16">PATROL</dependent>
          </dep>
          <dep type="ccomp">
            <governor idx="9">REPORTED</governor>
            <dependent idx="17">ATTACKED</dependent>
          </dep>
          <dep type="det">
            <governor idx="24">YESTERDAY</governor>
            <dependent idx="18">A</dependent>
          </dep>
          <dep type="amod">
            <governor idx="24">YESTERDAY</governor>
            <dependent idx="20">NICARAGUAN</dependent>
          </dep>
          <dep type="compound">
            <governor idx="24">YESTERDAY</governor>
            <dependent idx="21">BORDER</dependent>
          </dep>
          <dep type="compound">
            <governor idx="24">YESTERDAY</governor>
            <dependent idx="22">PATROL</dependent>
          </dep>
          <dep type="compound">
            <governor idx="24">YESTERDAY</governor>
            <dependent idx="23">UNIT</dependent>
          </dep>
          <dep type="dobj">
            <governor idx="17">ATTACKED</governor>
            <dependent idx="24">YESTERDAY</dependent>
          </dep>
          <dep type="nmod:tmod">
            <governor idx="17">ATTACKED</governor>
            <dependent idx="25">MORNING</dependent>
          </dep>
          <dep type="advmod">
            <governor idx="32">CONDUCTING</governor>
            <dependent idx="26">WHEN</dependent>
          </dep>
          <dep type="det">
            <governor idx="30">UNIT</governor>
            <dependent idx="27">THE</dependent>
          </dep>
          <dep type="amod">
            <governor idx="30">UNIT</governor>
            <dependent idx="29">NICARAGUAN</dependent>
          </dep>
          <dep type="nsubj">
            <governor idx="32">CONDUCTING</governor>
            <dependent idx="30">UNIT</dependent>
          </dep>
          <dep type="aux">
            <governor idx="32">CONDUCTING</governor>
            <dependent idx="31">WAS</dependent>
          </dep>
          <dep type="advcl">
            <governor idx="17">ATTACKED</governor>
            <dependent idx="32">CONDUCTING</dependent>
          </dep>
          <dep type="nmod:poss">
            <governor idx="35">PATROLS</governor>
            <dependent idx="33">ITS</dependent>
          </dep>
          <dep type="amod">
            <governor idx="35">PATROLS</governor>
            <dependent idx="34">ROUTINE</dependent>
          </dep>
          <dep type="dobj">
            <governor idx="32">CONDUCTING</governor>
            <dependent idx="35">PATROLS</dependent>
          </dep>
        </dependencies>
        <dependencies type="collapsed-ccprocessed-dependencies">
          <dep type="root">
            <governor idx="0">ROOT</governor>
            <dependent idx="9">REPORTED</dependent>
          </dep>
          <dep type="det">
            <governor idx="6">DEFENSE</governor>
            <dependent idx="2">THE</dependent>
          </dep>
          <dep type="amod">
            <governor idx="6">DEFENSE</governor>
            <dependent idx="4">NICARAGUAN</dependent>
          </dep>
          <dep type="nmod">
            <governor idx="9">REPORTED</governor>
            <dependent idx="6">DEFENSE</dependent>
          </dep>
          <dep type="nsubj">
            <governor idx="9">REPORTED</governor>
            <dependent idx="8">MINISTRY</dependent>
          </dep>
          <dep type="mark">
            <governor idx="17">ATTACKED</governor>
            <dependent idx="10">THAT</dependent>
          </dep>
          <dep type="det">
            <governor idx="16">PATROL</governor>
            <dependent idx="11">A</dependent>
          </dep>
          <dep type="amod">
            <governor idx="16">PATROL</governor>
            <dependent idx="13">HONDURAN</dependent>
          </dep>
          <dep type="compound">
            <governor idx="16">PATROL</governor>
            <dependent idx="15">ARMY</dependent>
          </dep>
          <dep type="nsubj">
            <governor idx="17">ATTACKED</governor>
            <dependent idx="16">PATROL</dependent>
          </dep>
          <dep type="ccomp">
            <governor idx="9">REPORTED</governor>
            <dependent idx="17">ATTACKED</dependent>
          </dep>
          <dep type="det">
            <governor idx="24">YESTERDAY</governor>
            <dependent idx="18">A</dependent>
          </dep>
          <dep type="amod">
            <governor idx="24">YESTERDAY</governor>
            <dependent idx="20">NICARAGUAN</dependent>
          </dep>
          <dep type="compound">
            <governor idx="24">YESTERDAY</governor>
            <dependent idx="21">BORDER</dependent>
          </dep>
          <dep type="compound">
            <governor idx="24">YESTERDAY</governor>
            <dependent idx="22">PATROL</dependent>
          </dep>
          <dep type="compound">
            <governor idx="24">YESTERDAY</governor>
            <dependent idx="23">UNIT</dependent>
          </dep>
          <dep type="dobj">
            <governor idx="17">ATTACKED</governor>
            <dependent idx="24">YESTERDAY</dependent>
          </dep>
          <dep type="nmod:tmod">
            <governor idx="17">ATTACKED</governor>
            <dependent idx="25">MORNING</dependent>
          </dep>
          <dep type="advmod">
            <governor idx="32">CONDUCTING</governor>
            <dependent idx="26">WHEN</dependent>
          </dep>
          <dep type="det">
            <governor idx="30">UNIT</governor>
            <dependent idx="27">THE</dependent>
          </dep>
          <dep type="amod">
            <governor idx="30">UNIT</governor>
            <dependent idx="29">NICARAGUAN</dependent>
          </dep>
          <dep type="nsubj">
            <governor idx="32">CONDUCTING</governor>
            <dependent idx="30">UNIT</dependent>
          </dep>
          <dep type="aux">
            <governor idx="32">CONDUCTING</governor>
            <dependent idx="31">WAS</dependent>
          </dep>
          <dep type="advcl">
            <governor idx="17">ATTACKED</governor>
            <dependent idx="32">CONDUCTING</dependent>
          </dep>
          <dep type="nmod:poss">
            <governor idx="35">PATROLS</governor>
            <dependent idx="33">ITS</dependent>
          </dep>
          <dep type="amod">
            <governor idx="35">PATROLS</governor>
            <dependent idx="34">ROUTINE</dependent>
          </dep>
          <dep type="dobj">
            <governor idx="32">CONDUCTING</governor>
            <dependent idx="35">PATROLS</dependent>
          </dep>
        </dependencies>
      </sentence>
      <sentence id="3">
        <tokens>
          <token id="1">
            <word>-LSB-</word>
            <lemma>-lsb-</lemma>
            <CharacterOffsetBegin>426</CharacterOffsetBegin>
            <CharacterOffsetEnd>427</CharacterOffsetEnd>
            <POS>-LRB-</POS>
            <NER>O</NER>
            <Speaker>PER0</Speaker>
          </token>
          <token id="2">
            <word>THE</word>
            <lemma>the</lemma>
            <CharacterOffsetBegin>427</CharacterOffsetBegin>
            <CharacterOffsetEnd>430</CharacterOffsetEnd>
            <POS>DT</POS>
            <NER>O</NER>
            <Speaker>PER0</Speaker>
          </token>
          <token id="3">
            <word>-RSB-</word>
            <lemma>-rsb-</lemma>
            <CharacterOffsetBegin>430</CharacterOffsetBegin>
            <CharacterOffsetEnd>431</CharacterOffsetEnd>
            <POS>-RRB-</POS>
            <NER>O</NER>
            <Speaker>PER0</Speaker>
          </token>
          <token id="4">
            <word>HONDURAN</word>
            <lemma>honduran</lemma>
            <CharacterOffsetBegin>432</CharacterOffsetBegin>
            <CharacterOffsetEnd>440</CharacterOffsetEnd>
            <POS>JJ</POS>
            <NER>MISC</NER>
            <Speaker>PER0</Speaker>
          </token>
          <token id="5">
            <word>TROOPS</word>
            <lemma>troops</lemma>
            <CharacterOffsetBegin>441</CharacterOffsetBegin>
            <CharacterOffsetEnd>447</CharacterOffsetEnd>
            <POS>NNS</POS>
            <NER>O</NER>
            <Speaker>PER0</Speaker>
          </token>
          <token id="6">
            <word>USED</word>
            <lemma>use</lemma>
            <CharacterOffsetBegin>448</CharacterOffsetBegin>
            <CharacterOffsetEnd>452</CharacterOffsetEnd>
            <POS>VBN</POS>
            <NER>O</NER>
            <Speaker>PER0</Speaker>
          </token>
          <token id="7">
            <word>-LSB-</word>
            <lemma>-lsb-</lemma>
            <CharacterOffsetBegin>453</CharacterOffsetBegin>
            <CharacterOffsetEnd>454</CharacterOffsetEnd>
            <POS>-LRB-</POS>
            <NER>O</NER>
            <Speaker>PER0</Speaker>
          </token>
          <token id="8">
            <word>M-16</word>
            <lemma>M-16</lemma>
            <CharacterOffsetBegin>454</CharacterOffsetBegin>
            <CharacterOffsetEnd>458</CharacterOffsetEnd>
            <POS>NNP</POS>
            <NER>O</NER>
            <Speaker>PER0</Speaker>
          </token>
          <token id="9">
            <word>RIFLE</word>
            <lemma>RIFLE</lemma>
            <CharacterOffsetBegin>459</CharacterOffsetBegin>
            <CharacterOffsetEnd>464</CharacterOffsetEnd>
            <POS>NNP</POS>
            <NER>O</NER>
            <Speaker>PER0</Speaker>
          </token>
          <token id="10">
            <word>FIRE</word>
            <lemma>FIRE</lemma>
            <CharacterOffsetBegin>465</CharacterOffsetBegin>
            <CharacterOffsetEnd>469</CharacterOffsetEnd>
            <POS>NNP</POS>
            <NER>O</NER>
            <Speaker>PER0</Speaker>
          </token>
          <token id="11">
            <word>,</word>
            <lemma>,</lemma>
            <CharacterOffsetBegin>469</CharacterOffsetBegin>
            <CharacterOffsetEnd>470</CharacterOffsetEnd>
            <POS>,</POS>
            <NER>O</NER>
            <Speaker>PER0</Speaker>
          </token>
          <token id="12">
            <word>HEAVY</word>
            <lemma>heavy</lemma>
            <CharacterOffsetBegin>471</CharacterOffsetBegin>
            <CharacterOffsetEnd>476</CharacterOffsetEnd>
            <POS>JJ</POS>
            <NER>O</NER>
            <Speaker>PER0</Speaker>
          </token>
          <token id="13">
            <word>AND</word>
            <lemma>and</lemma>
            <CharacterOffsetBegin>477</CharacterOffsetBegin>
            <CharacterOffsetEnd>480</CharacterOffsetEnd>
            <POS>CC</POS>
            <NER>O</NER>
            <Speaker>PER0</Speaker>
          </token>
          <token id="14">
            <word>LIGHT</word>
            <lemma>light</lemma>
            <CharacterOffsetBegin>481</CharacterOffsetBegin>
            <CharacterOffsetEnd>486</CharacterOffsetEnd>
            <POS>JJ</POS>
            <NER>O</NER>
            <Speaker>PER0</Speaker>
          </token>
          <token id="15">
            <word>MACHINEGUNS</word>
            <lemma>machinegun</lemma>
            <CharacterOffsetBegin>487</CharacterOffsetBegin>
            <CharacterOffsetEnd>498</CharacterOffsetEnd>
            <POS>NNS</POS>
            <NER>O</NER>
            <Speaker>PER0</Speaker>
          </token>
          <token id="16">
            <word>,</word>
            <lemma>,</lemma>
            <CharacterOffsetBegin>498</CharacterOffsetBegin>
            <CharacterOffsetEnd>499</CharacterOffsetEnd>
            <POS>,</POS>
            <NER>O</NER>
            <Speaker>PER0</Speaker>
          </token>
          <token id="17">
            <word>AND</word>
            <lemma>and</lemma>
            <CharacterOffsetBegin>500</CharacterOffsetBegin>
            <CharacterOffsetEnd>503</CharacterOffsetEnd>
            <POS>CC</POS>
            <NER>O</NER>
            <Speaker>PER0</Speaker>
          </token>
          <token id="18">
            <word>-RSB-</word>
            <lemma>-rsb-</lemma>
            <CharacterOffsetBegin>503</CharacterOffsetBegin>
            <CharacterOffsetEnd>504</CharacterOffsetEnd>
            <POS>-RRB-</POS>
            <NER>O</NER>
            <Speaker>PER0</Speaker>
          </token>
          <token id="19">
            <word>M-79</word>
            <lemma>m-79</lemma>
            <CharacterOffsetBegin>505</CharacterOffsetBegin>
            <CharacterOffsetEnd>509</CharacterOffsetEnd>
            <POS>NN</POS>
            <NER>O</NER>
            <Speaker>PER0</Speaker>
          </token>
          <token id="20">
            <word>GRENADE</word>
            <lemma>GRENADE</lemma>
            <CharacterOffsetBegin>510</CharacterOffsetBegin>
            <CharacterOffsetEnd>517</CharacterOffsetEnd>
            <POS>NNP</POS>
            <NER>O</NER>
            <Speaker>PER0</Speaker>
          </token>
          <token id="21">
            <word>LAUNCHERS</word>
            <lemma>LAUNCHERS</lemma>
            <CharacterOffsetBegin>518</CharacterOffsetBegin>
            <CharacterOffsetEnd>527</CharacterOffsetEnd>
            <POS>NNP</POS>
            <NER>O</NER>
            <Speaker>PER0</Speaker>
          </token>
          <token id="22">
            <word>,</word>
            <lemma>,</lemma>
            <CharacterOffsetBegin>527</CharacterOffsetBegin>
            <CharacterOffsetEnd>528</CharacterOffsetEnd>
            <POS>,</POS>
            <NER>O</NER>
            <Speaker>PER0</Speaker>
          </token>
          <token id="23">
            <word>KILLING</word>
            <lemma>kill</lemma>
            <CharacterOffsetBegin>529</CharacterOffsetBegin>
            <CharacterOffsetEnd>536</CharacterOffsetEnd>
            <POS>VBG</POS>
            <NER>O</NER>
            <Speaker>PER0</Speaker>
          </token>
          <token id="24">
            <word>-LSB-</word>
            <lemma>-lsb-</lemma>
            <CharacterOffsetBegin>537</CharacterOffsetBegin>
            <CharacterOffsetEnd>538</CharacterOffsetEnd>
            <POS>-LRB-</POS>
            <NER>O</NER>
            <Speaker>PER0</Speaker>
          </token>
          <token id="25">
            <word>SMP</word>
            <lemma>smp</lemma>
            <CharacterOffsetBegin>538</CharacterOffsetBegin>
            <CharacterOffsetEnd>541</CharacterOffsetEnd>
            <POS>NN</POS>
            <NER>O</NER>
            <Speaker>PER0</Speaker>
          </token>
          <token id="26">
            <word>-RSB-</word>
            <lemma>-rsb-</lemma>
            <CharacterOffsetBegin>541</CharacterOffsetBegin>
            <CharacterOffsetEnd>542</CharacterOffsetEnd>
            <POS>-RRB-</POS>
            <NER>O</NER>
            <Speaker>PER0</Speaker>
          </token>
          <token id="27">
            <word>YOUTH</word>
            <lemma>youth</lemma>
            <CharacterOffsetBegin>543</CharacterOffsetBegin>
            <CharacterOffsetEnd>548</CharacterOffsetEnd>
            <POS>NN</POS>
            <NER>O</NER>
            <Speaker>PER0</Speaker>
          </token>
          <token id="28">
            <word>-LSB-</word>
            <lemma>-lsb-</lemma>
            <CharacterOffsetBegin>549</CharacterOffsetBegin>
            <CharacterOffsetEnd>550</CharacterOffsetEnd>
            <POS>-LRB-</POS>
            <NER>O</NER>
            <Speaker>PER0</Speaker>
          </token>
          <token id="29">
            <word>JESUS</word>
            <lemma>JESUS</lemma>
            <CharacterOffsetBegin>550</CharacterOffsetBegin>
            <CharacterOffsetEnd>555</CharacterOffsetEnd>
            <POS>NNP</POS>
            <NER>PERSON</NER>
            <Speaker>PER0</Speaker>
          </token>
          <token id="30">
            <word>-RSB-</word>
            <lemma>-rsb-</lemma>
            <CharacterOffsetBegin>555</CharacterOffsetBegin>
            <CharacterOffsetEnd>556</CharacterOffsetEnd>
            <POS>-RRB-</POS>
            <NER>O</NER>
            <Speaker>PER0</Speaker>
          </token>
          <token id="31">
            <word>MENDEZ</word>
            <lemma>MENDEZ</lemma>
            <CharacterOffsetBegin>557</CharacterOffsetBegin>
            <CharacterOffsetEnd>563</CharacterOffsetEnd>
            <POS>NNP</POS>
            <NER>PERSON</NER>
            <Speaker>PER0</Speaker>
          </token>
          <token id="32">
            <word>AND</word>
            <lemma>and</lemma>
            <CharacterOffsetBegin>564</CharacterOffsetBegin>
            <CharacterOffsetEnd>567</CharacterOffsetEnd>
            <POS>CC</POS>
            <NER>O</NER>
            <Speaker>PER0</Speaker>
          </token>
          <token id="33">
            <word>WOUNDING</word>
            <lemma>wound</lemma>
            <CharacterOffsetBegin>568</CharacterOffsetBegin>
            <CharacterOffsetEnd>576</CharacterOffsetEnd>
            <POS>VBG</POS>
            <NER>O</NER>
            <Speaker>PER0</Speaker>
          </token>
          <token id="34">
            <word>-LSB-</word>
            <lemma>-lsb-</lemma>
            <CharacterOffsetBegin>577</CharacterOffsetBegin>
            <CharacterOffsetEnd>578</CharacterOffsetEnd>
            <POS>-LRB-</POS>
            <NER>O</NER>
            <Speaker>PER0</Speaker>
          </token>
          <token id="35">
            <word>SMP</word>
            <lemma>smp</lemma>
            <CharacterOffsetBegin>578</CharacterOffsetBegin>
            <CharacterOffsetEnd>581</CharacterOffsetEnd>
            <POS>NN</POS>
            <NER>O</NER>
            <Speaker>PER0</Speaker>
          </token>
          <token id="36">
            <word>-RSB-</word>
            <lemma>-rsb-</lemma>
            <CharacterOffsetBegin>581</CharacterOffsetBegin>
            <CharacterOffsetEnd>582</CharacterOffsetEnd>
            <POS>-RRB-</POS>
            <NER>O</NER>
            <Speaker>PER0</Speaker>
          </token>
          <token id="37">
            <word>YOUTH</word>
            <lemma>youth</lemma>
            <CharacterOffsetBegin>583</CharacterOffsetBegin>
            <CharacterOffsetEnd>588</CharacterOffsetEnd>
            <POS>NN</POS>
            <NER>O</NER>
            <Speaker>PER0</Speaker>
          </token>
          <token id="38">
            <word>-LSB-</word>
            <lemma>-lsb-</lemma>
            <CharacterOffsetBegin>589</CharacterOffsetBegin>
            <CharacterOffsetEnd>590</CharacterOffsetEnd>
            <POS>-LRB-</POS>
            <NER>O</NER>
            <Speaker>PER0</Speaker>
          </token>
          <token id="39">
            <word>ANDRES</word>
            <lemma>ANDRES</lemma>
            <CharacterOffsetBegin>590</CharacterOffsetBegin>
            <CharacterOffsetEnd>596</CharacterOffsetEnd>
            <POS>NNP</POS>
            <NER>PERSON</NER>
            <Speaker>PER0</Speaker>
          </token>
          <token id="40">
            <word>SANTANA</word>
            <lemma>SANTANA</lemma>
            <CharacterOffsetBegin>597</CharacterOffsetBegin>
            <CharacterOffsetEnd>604</CharacterOffsetEnd>
            <POS>NNP</POS>
            <NER>PERSON</NER>
            <Speaker>PER0</Speaker>
          </token>
          <token id="41">
            <word>-RSB-</word>
            <lemma>-rsb-</lemma>
            <CharacterOffsetBegin>604</CharacterOffsetBegin>
            <CharacterOffsetEnd>605</CharacterOffsetEnd>
            <POS>-RRB-</POS>
            <NER>PERSON</NER>
            <Speaker>PER0</Speaker>
          </token>
          <token id="42">
            <word>MARTINEZ</word>
            <lemma>MARTINEZ</lemma>
            <CharacterOffsetBegin>606</CharacterOffsetBegin>
            <CharacterOffsetEnd>614</CharacterOffsetEnd>
            <POS>NNP</POS>
            <NER>PERSON</NER>
            <Speaker>PER0</Speaker>
          </token>
          <token id="43">
            <word>.</word>
            <lemma>.</lemma>
            <CharacterOffsetBegin>614</CharacterOffsetBegin>
            <CharacterOffsetEnd>615</CharacterOffsetEnd>
            <POS>.</POS>
            <NER>O</NER>
            <Speaker>PER0</Speaker>
          </token>
        </tokens>
        <parse>(ROOT (S (NP (-LRB- -LSB-) (DT THE) (-RRB- -RSB-) (JJ HONDURAN) (NNS TROOPS)) (VP (VBN USED) (S (VP (VP (-LRB- -LSB-) (NP (NP (NNP M-16) (NNP RIFLE) (NNP FIRE)) (, ,) (NP (JJ HEAVY) (CC AND) (JJ LIGHT) (NNS MACHINEGUNS)) (, ,) (CC AND) (NP (-RRB- -RSB-) (NN M-79) (NNP GRENADE) (NNP LAUNCHERS)))) (, ,) (VP (VBG KILLING) (NP (NP (NP (-LRB- -LSB-) (NN SMP) (-RRB- -RSB-)) (NN YOUTH)) (PP (-LRB- -LSB-) (NP (NNP JESUS) (-RRB- -RSB-) (NNP MENDEZ))))) (CC AND) (VP (VBG WOUNDING) (NP (NP (NP (-LRB- -LSB-) (NN SMP) (-RRB- -RSB-)) (NN YOUTH)) (PP (-LRB- -LSB-) (NP (NNP ANDRES) (NNP SANTANA) (-RRB- -RSB-) (NNP MARTINEZ)))))))) (. .))) </parse>
        <dependencies type="basic-dependencies">
          <dep type="root">
            <governor idx="0">ROOT</governor>
            <dependent idx="6">USED</dependent>
          </dep>
          <dep type="det">
            <governor idx="5">TROOPS</governor>
            <dependent idx="2">THE</dependent>
          </dep>
          <dep type="amod">
            <governor idx="5">TROOPS</governor>
            <dependent idx="4">HONDURAN</dependent>
          </dep>
          <dep type="nsubj">
            <governor idx="6">USED</governor>
            <dependent idx="5">TROOPS</dependent>
          </dep>
          <dep type="compound">
            <governor idx="10">FIRE</governor>
            <dependent idx="8">M-16</dependent>
          </dep>
          <dep type="compound">
            <governor idx="10">FIRE</governor>
            <dependent idx="9">RIFLE</dependent>
          </dep>
          <dep type="ccomp">
            <governor idx="6">USED</governor>
            <dependent idx="10">FIRE</dependent>
          </dep>
          <dep type="amod">
            <governor idx="15">MACHINEGUNS</governor>
            <dependent idx="12">HEAVY</dependent>
          </dep>
          <dep type="cc">
            <governor idx="12">HEAVY</governor>
            <dependent idx="13">AND</dependent>
          </dep>
          <dep type="conj">
            <governor idx="12">HEAVY</governor>
            <dependent idx="14">LIGHT</dependent>
          </dep>
          <dep type="conj">
            <governor idx="10">FIRE</governor>
            <dependent idx="15">MACHINEGUNS</dependent>
          </dep>
          <dep type="cc">
            <governor idx="10">FIRE</governor>
            <dependent idx="17">AND</dependent>
          </dep>
          <dep type="compound">
            <governor idx="21">LAUNCHERS</governor>
            <dependent idx="19">M-79</dependent>
          </dep>
          <dep type="compound">
            <governor idx="21">LAUNCHERS</governor>
            <dependent idx="20">GRENADE</dependent>
          </dep>
          <dep type="conj">
            <governor idx="10">FIRE</governor>
            <dependent idx="21">LAUNCHERS</dependent>
          </dep>
          <dep type="conj">
            <governor idx="10">FIRE</governor>
            <dependent idx="23">KILLING</dependent>
          </dep>
          <dep type="compound">
            <governor idx="27">YOUTH</governor>
            <dependent idx="25">SMP</dependent>
          </dep>
          <dep type="dobj">
            <governor idx="23">KILLING</governor>
            <dependent idx="27">YOUTH</dependent>
          </dep>
          <dep type="compound">
            <governor idx="31">MENDEZ</governor>
            <dependent idx="29">JESUS</dependent>
          </dep>
          <dep type="nmod">
            <governor idx="27">YOUTH</governor>
            <dependent idx="31">MENDEZ</dependent>
          </dep>
          <dep type="cc">
            <governor idx="10">FIRE</governor>
            <dependent idx="32">AND</dependent>
          </dep>
          <dep type="conj">
            <governor idx="10">FIRE</governor>
            <dependent idx="33">WOUNDING</dependent>
          </dep>
          <dep type="compound">
            <governor idx="37">YOUTH</governor>
            <dependent idx="35">SMP</dependent>
          </dep>
          <dep type="dobj">
            <governor idx="33">WOUNDING</governor>
            <dependent idx="37">YOUTH</dependent>
          </dep>
          <dep type="compound">
            <governor idx="42">MARTINEZ</governor>
            <dependent idx="39">ANDRES</dependent>
          </dep>
          <dep type="compound">
            <governor idx="42">MARTINEZ</governor>
            <dependent idx="40">SANTANA</dependent>
          </dep>
          <dep type="nmod">
            <governor idx="37">YOUTH</governor>
            <dependent idx="42">MARTINEZ</dependent>
          </dep>
        </dependencies>
        <dependencies type="collapsed-dependencies">
          <dep type="root">
            <governor idx="0">ROOT</governor>
            <dependent idx="6">USED</dependent>
          </dep>
          <dep type="det">
            <governor idx="5">TROOPS</governor>
            <dependent idx="2">THE</dependent>
          </dep>
          <dep type="amod">
            <governor idx="5">TROOPS</governor>
            <dependent idx="4">HONDURAN</dependent>
          </dep>
          <dep type="nsubj">
            <governor idx="6">USED</governor>
            <dependent idx="5">TROOPS</dependent>
          </dep>
          <dep type="compound">
            <governor idx="10">FIRE</governor>
            <dependent idx="8">M-16</dependent>
          </dep>
          <dep type="compound">
            <governor idx="10">FIRE</governor>
            <dependent idx="9">RIFLE</dependent>
          </dep>
          <dep type="ccomp">
            <governor idx="6">USED</governor>
            <dependent idx="10">FIRE</dependent>
          </dep>
          <dep type="amod">
            <governor idx="15">MACHINEGUNS</governor>
            <dependent idx="12">HEAVY</dependent>
          </dep>
          <dep type="cc">
            <governor idx="12">HEAVY</governor>
            <dependent idx="13">AND</dependent>
          </dep>
          <dep type="conj:and">
            <governor idx="12">HEAVY</governor>
            <dependent idx="14">LIGHT</dependent>
          </dep>
          <dep type="conj:and">
            <governor idx="10">FIRE</governor>
            <dependent idx="15">MACHINEGUNS</dependent>
          </dep>
          <dep type="cc">
            <governor idx="10">FIRE</governor>
            <dependent idx="17">AND</dependent>
          </dep>
          <dep type="compound">
            <governor idx="21">LAUNCHERS</governor>
            <dependent idx="19">M-79</dependent>
          </dep>
          <dep type="compound">
            <governor idx="21">LAUNCHERS</governor>
            <dependent idx="20">GRENADE</dependent>
          </dep>
          <dep type="conj:AND">
            <governor idx="10">FIRE</governor>
            <dependent idx="21">LAUNCHERS</dependent>
          </dep>
          <dep type="conj:AND">
            <governor idx="10">FIRE</governor>
            <dependent idx="23">KILLING</dependent>
          </dep>
          <dep type="compound">
            <governor idx="27">YOUTH</governor>
            <dependent idx="25">SMP</dependent>
          </dep>
          <dep type="dobj">
            <governor idx="23">KILLING</governor>
            <dependent idx="27">YOUTH</dependent>
          </dep>
          <dep type="compound">
            <governor idx="31">MENDEZ</governor>
            <dependent idx="29">JESUS</dependent>
          </dep>
          <dep type="nmod">
            <governor idx="27">YOUTH</governor>
            <dependent idx="31">MENDEZ</dependent>
          </dep>
          <dep type="cc">
            <governor idx="10">FIRE</governor>
            <dependent idx="32">AND</dependent>
          </dep>
          <dep type="conj:AND">
            <governor idx="10">FIRE</governor>
            <dependent idx="33">WOUNDING</dependent>
          </dep>
          <dep type="compound">
            <governor idx="37">YOUTH</governor>
            <dependent idx="35">SMP</dependent>
          </dep>
          <dep type="dobj">
            <governor idx="33">WOUNDING</governor>
            <dependent idx="37">YOUTH</dependent>
          </dep>
          <dep type="compound">
            <governor idx="42">MARTINEZ</governor>
            <dependent idx="39">ANDRES</dependent>
          </dep>
          <dep type="compound">
            <governor idx="42">MARTINEZ</governor>
            <dependent idx="40">SANTANA</dependent>
          </dep>
          <dep type="nmod">
            <governor idx="37">YOUTH</governor>
            <dependent idx="42">MARTINEZ</dependent>
          </dep>
        </dependencies>
        <dependencies type="collapsed-ccprocessed-dependencies">
          <dep type="root">
            <governor idx="0">ROOT</governor>
            <dependent idx="6">USED</dependent>
          </dep>
          <dep type="det">
            <governor idx="5">TROOPS</governor>
            <dependent idx="2">THE</dependent>
          </dep>
          <dep type="amod">
            <governor idx="5">TROOPS</governor>
            <dependent idx="4">HONDURAN</dependent>
          </dep>
          <dep type="nsubj">
            <governor idx="6">USED</governor>
            <dependent idx="5">TROOPS</dependent>
          </dep>
          <dep type="compound">
            <governor idx="10">FIRE</governor>
            <dependent idx="8">M-16</dependent>
          </dep>
          <dep type="compound">
            <governor idx="10">FIRE</governor>
            <dependent idx="9">RIFLE</dependent>
          </dep>
          <dep type="ccomp">
            <governor idx="6">USED</governor>
            <dependent idx="10">FIRE</dependent>
          </dep>
          <dep type="amod">
            <governor idx="15">MACHINEGUNS</governor>
            <dependent idx="12">HEAVY</dependent>
          </dep>
          <dep type="cc">
            <governor idx="12">HEAVY</governor>
            <dependent idx="13">AND</dependent>
          </dep>
          <dep type="conj:and">
            <governor idx="12">HEAVY</governor>
            <dependent idx="14">LIGHT</dependent>
          </dep>
          <dep type="amod" extra="true">
            <governor idx="15">MACHINEGUNS</governor>
            <dependent idx="14">LIGHT</dependent>
          </dep>
          <dep type="ccomp" extra="true">
            <governor idx="6">USED</governor>
            <dependent idx="15">MACHINEGUNS</dependent>
          </dep>
          <dep type="conj:and">
            <governor idx="10">FIRE</governor>
            <dependent idx="15">MACHINEGUNS</dependent>
          </dep>
          <dep type="cc">
            <governor idx="10">FIRE</governor>
            <dependent idx="17">AND</dependent>
          </dep>
          <dep type="compound">
            <governor idx="21">LAUNCHERS</governor>
            <dependent idx="19">M-79</dependent>
          </dep>
          <dep type="compound">
            <governor idx="21">LAUNCHERS</governor>
            <dependent idx="20">GRENADE</dependent>
          </dep>
          <dep type="ccomp" extra="true">
            <governor idx="6">USED</governor>
            <dependent idx="21">LAUNCHERS</dependent>
          </dep>
          <dep type="conj:AND">
            <governor idx="10">FIRE</governor>
            <dependent idx="21">LAUNCHERS</dependent>
          </dep>
          <dep type="ccomp" extra="true">
            <governor idx="6">USED</governor>
            <dependent idx="23">KILLING</dependent>
          </dep>
          <dep type="conj:AND">
            <governor idx="10">FIRE</governor>
            <dependent idx="23">KILLING</dependent>
          </dep>
          <dep type="compound">
            <governor idx="27">YOUTH</governor>
            <dependent idx="25">SMP</dependent>
          </dep>
          <dep type="dobj">
            <governor idx="23">KILLING</governor>
            <dependent idx="27">YOUTH</dependent>
          </dep>
          <dep type="compound">
            <governor idx="31">MENDEZ</governor>
            <dependent idx="29">JESUS</dependent>
          </dep>
          <dep type="nmod">
            <governor idx="27">YOUTH</governor>
            <dependent idx="31">MENDEZ</dependent>
          </dep>
          <dep type="cc">
            <governor idx="10">FIRE</governor>
            <dependent idx="32">AND</dependent>
          </dep>
          <dep type="ccomp" extra="true">
            <governor idx="6">USED</governor>
            <dependent idx="33">WOUNDING</dependent>
          </dep>
          <dep type="conj:AND">
            <governor idx="10">FIRE</governor>
            <dependent idx="33">WOUNDING</dependent>
          </dep>
          <dep type="compound">
            <governor idx="37">YOUTH</governor>
            <dependent idx="35">SMP</dependent>
          </dep>
          <dep type="dobj">
            <governor idx="33">WOUNDING</governor>
            <dependent idx="37">YOUTH</dependent>
          </dep>
          <dep type="compound">
            <governor idx="42">MARTINEZ</governor>
            <dependent idx="39">ANDRES</dependent>
          </dep>
          <dep type="compound">
            <governor idx="42">MARTINEZ</governor>
            <dependent idx="40">SANTANA</dependent>
          </dep>
          <dep type="nmod">
            <governor idx="37">YOUTH</governor>
            <dependent idx="42">MARTINEZ</dependent>
          </dep>
        </dependencies>
      </sentence>
    </sentences>
    <coreference>
      <coreference>
        <mention representative="true">
          <sentence>3</sentence>
          <start>24</start>
          <end>27</end>
          <head>25</head>
          <text>-LSB- SMP -RSB-</text>
        </mention>
        <mention>
          <sentence>1</sentence>
          <start>22</start>
          <end>27</end>
          <head>22</head>
          <text>SMP -RSB- YOUTH WAS KILLED</text>
        </mention>
        <mention>
          <sentence>3</sentence>
          <start>34</start>
          <end>37</end>
          <head>35</head>
          <text>-LSB- SMP -RSB-</text>
        </mention>
      </coreference>
      <coreference>
        <mention representative="true">
          <sentence>2</sentence>
          <start>27</start>
          <end>31</end>
          <head>30</head>
          <text>THE -RSB- NICARAGUAN UNIT</text>
        </mention>
        <mention>
          <sentence>2</sentence>
          <start>33</start>
          <end>34</end>
          <head>33</head>
          <text>ITS</text>
        </mention>
      </coreference>
    </coreference>
  </document>
</root>
