<?xml version="1.0" encoding="ASCII"?>
<?xml-stylesheet href="CoreNLP-to-HTML.xsl" type="text/xsl"?>
<root>
  <document>
    <sentences>
      <sentence id="1">
        <tokens>
          <token id="1">
            <word>BUENOS</word>
            <lemma>BUENOS</lemma>
            <CharacterOffsetBegin>3</CharacterOffsetBegin>
            <CharacterOffsetEnd>9</CharacterOffsetEnd>
            <POS>NNP</POS>
            <NER>LOCATION</NER>
            <Speaker>PER0</Speaker>
          </token>
          <token id="2">
            <word>AIRES</word>
            <lemma>AIRES</lemma>
            <CharacterOffsetBegin>10</CharacterOffsetBegin>
            <CharacterOffsetEnd>15</CharacterOffsetEnd>
            <POS>NNP</POS>
            <NER>LOCATION</NER>
            <Speaker>PER0</Speaker>
          </token>
          <token id="3">
            <word>,</word>
            <lemma>,</lemma>
            <CharacterOffsetBegin>15</CharacterOffsetBegin>
            <CharacterOffsetEnd>16</CharacterOffsetEnd>
            <POS>,</POS>
            <NER>O</NER>
            <Speaker>PER0</Speaker>
          </token>
          <token id="4">
            <word>30</word>
            <lemma>30</lemma>
            <CharacterOffsetBegin>17</CharacterOffsetBegin>
            <CharacterOffsetEnd>19</CharacterOffsetEnd>
            <POS>CD</POS>
            <NER>DATE</NER>
            <NormalizedNER>XXXX-05-30</NormalizedNER>
            <Speaker>PER0</Speaker>
            <Timex tid="t1" type="DATE">XXXX-05-30</Timex>
          </token>
          <token id="5">
            <word>MAY</word>
            <lemma>may</lemma>
            <CharacterOffsetBegin>20</CharacterOffsetBegin>
            <CharacterOffsetEnd>23</CharacterOffsetEnd>
            <POS>MD</POS>
            <NER>DATE</NER>
            <NormalizedNER>XXXX-05-30</NormalizedNER>
            <Speaker>PER0</Speaker>
            <Timex tid="t1" type="DATE">XXXX-05-30</Timex>
          </token>
          <token id="6">
            <word>89</word>
            <lemma>89</lemma>
            <CharacterOffsetBegin>24</CharacterOffsetBegin>
            <CharacterOffsetEnd>26</CharacterOffsetEnd>
            <POS>CD</POS>
            <NER>DATE</NER>
            <NormalizedNER>89 </NormalizedNER>
            <Speaker>PER0</Speaker>
          </token>
          <token id="7">
            <word>-LRB-</word>
            <lemma>-lrb-</lemma>
            <CharacterOffsetBegin>27</CharacterOffsetBegin>
            <CharacterOffsetEnd>28</CharacterOffsetEnd>
            <POS>-LRB-</POS>
            <NER>O</NER>
            <Speaker>PER0</Speaker>
          </token>
          <token id="8">
            <word>NA</word>
            <lemma>na</lemma>
            <CharacterOffsetBegin>28</CharacterOffsetBegin>
            <CharacterOffsetEnd>30</CharacterOffsetEnd>
            <POS>TO</POS>
            <NER>O</NER>
            <Speaker>PER0</Speaker>
          </token>
          <token id="9">
            <word>-RRB-</word>
            <lemma>-rrb-</lemma>
            <CharacterOffsetBegin>30</CharacterOffsetBegin>
            <CharacterOffsetEnd>31</CharacterOffsetEnd>
            <POS>-RRB-</POS>
            <NER>O</NER>
            <Speaker>PER0</Speaker>
          </token>
          <token id="10">
            <word>--</word>
            <lemma>--</lemma>
            <CharacterOffsetBegin>32</CharacterOffsetBegin>
            <CharacterOffsetEnd>34</CharacterOffsetEnd>
            <POS>:</POS>
            <NER>O</NER>
            <Speaker>PER0</Speaker>
          </token>
          <token id="11">
            <word>-LSB-</word>
            <lemma>-lsb-</lemma>
            <CharacterOffsetBegin>35</CharacterOffsetBegin>
            <CharacterOffsetEnd>36</CharacterOffsetEnd>
            <POS>-LRB-</POS>
            <NER>O</NER>
            <Speaker>PER0</Speaker>
          </token>
          <token id="12">
            <word>TEXT</word>
            <lemma>text</lemma>
            <CharacterOffsetBegin>36</CharacterOffsetBegin>
            <CharacterOffsetEnd>40</CharacterOffsetEnd>
            <POS>NN</POS>
            <NER>O</NER>
            <Speaker>PER0</Speaker>
          </token>
          <token id="13">
            <word>-RSB-</word>
            <lemma>-rsb-</lemma>
            <CharacterOffsetBegin>40</CharacterOffsetBegin>
            <CharacterOffsetEnd>41</CharacterOffsetEnd>
            <POS>-RRB-</POS>
            <NER>O</NER>
            <Speaker>PER0</Speaker>
          </token>
          <token id="14">
            <word>THE</word>
            <lemma>the</lemma>
            <CharacterOffsetBegin>42</CharacterOffsetBegin>
            <CharacterOffsetEnd>45</CharacterOffsetEnd>
            <POS>DT</POS>
            <NER>O</NER>
            <Speaker>PER0</Speaker>
          </token>
          <token id="15">
            <word>CIVIL</word>
            <lemma>civil</lemma>
            <CharacterOffsetBegin>46</CharacterOffsetBegin>
            <CharacterOffsetEnd>51</CharacterOffsetEnd>
            <POS>JJ</POS>
            <NER>O</NER>
            <Speaker>PER0</Speaker>
          </token>
          <token id="16">
            <word>DEFENSE</word>
            <lemma>defense</lemma>
            <CharacterOffsetBegin>52</CharacterOffsetBegin>
            <CharacterOffsetEnd>59</CharacterOffsetEnd>
            <POS>NN</POS>
            <NER>O</NER>
            <Speaker>PER0</Speaker>
          </token>
          <token id="17">
            <word>OFFICE</word>
            <lemma>office</lemma>
            <CharacterOffsetBegin>60</CharacterOffsetBegin>
            <CharacterOffsetEnd>66</CharacterOffsetEnd>
            <POS>NN</POS>
            <NER>O</NER>
            <Speaker>PER0</Speaker>
          </token>
          <token id="18">
            <word>HAS</word>
            <lemma>have</lemma>
            <CharacterOffsetBegin>67</CharacterOffsetBegin>
            <CharacterOffsetEnd>70</CharacterOffsetEnd>
            <POS>VBZ</POS>
            <NER>O</NER>
            <Speaker>PER0</Speaker>
          </token>
          <token id="19">
            <word>REPORTED</word>
            <lemma>report</lemma>
            <CharacterOffsetBegin>71</CharacterOffsetBegin>
            <CharacterOffsetEnd>79</CharacterOffsetEnd>
            <POS>VBN</POS>
            <NER>O</NER>
            <Speaker>PER0</Speaker>
          </token>
          <token id="20">
            <word>THAT</word>
            <lemma>that</lemma>
            <CharacterOffsetBegin>80</CharacterOffsetBegin>
            <CharacterOffsetEnd>84</CharacterOffsetEnd>
            <POS>IN</POS>
            <NER>O</NER>
            <Speaker>PER0</Speaker>
          </token>
          <token id="21">
            <word>FOUR</word>
            <lemma>four</lemma>
            <CharacterOffsetBegin>85</CharacterOffsetBegin>
            <CharacterOffsetEnd>89</CharacterOffsetEnd>
            <POS>CD</POS>
            <NER>NUMBER</NER>
            <NormalizedNER>4.0</NormalizedNER>
            <Speaker>PER0</Speaker>
          </token>
          <token id="22">
            <word>PEOPLE</word>
            <lemma>people</lemma>
            <CharacterOffsetBegin>90</CharacterOffsetBegin>
            <CharacterOffsetEnd>96</CharacterOffsetEnd>
            <POS>NNS</POS>
            <NER>O</NER>
            <Speaker>PER0</Speaker>
          </token>
          <token id="23">
            <word>MAY</word>
            <lemma>may</lemma>
            <CharacterOffsetBegin>97</CharacterOffsetBegin>
            <CharacterOffsetEnd>100</CharacterOffsetEnd>
            <POS>MD</POS>
            <NER>O</NER>
            <Speaker>PER0</Speaker>
          </token>
          <token id="24">
            <word>HAVE</word>
            <lemma>have</lemma>
            <CharacterOffsetBegin>101</CharacterOffsetBegin>
            <CharacterOffsetEnd>105</CharacterOffsetEnd>
            <POS>VB</POS>
            <NER>O</NER>
            <Speaker>PER0</Speaker>
          </token>
          <token id="25">
            <word>BEEN</word>
            <lemma>be</lemma>
            <CharacterOffsetBegin>106</CharacterOffsetBegin>
            <CharacterOffsetEnd>110</CharacterOffsetEnd>
            <POS>VBN</POS>
            <NER>O</NER>
            <Speaker>PER0</Speaker>
          </token>
          <token id="26">
            <word>KILLED</word>
            <lemma>kill</lemma>
            <CharacterOffsetBegin>111</CharacterOffsetBegin>
            <CharacterOffsetEnd>117</CharacterOffsetEnd>
            <POS>VBN</POS>
            <NER>O</NER>
            <Speaker>PER0</Speaker>
          </token>
          <token id="27">
            <word>AND</word>
            <lemma>and</lemma>
            <CharacterOffsetBegin>118</CharacterOffsetBegin>
            <CharacterOffsetEnd>121</CharacterOffsetEnd>
            <POS>CC</POS>
            <NER>O</NER>
            <Speaker>PER0</Speaker>
          </token>
          <token id="28">
            <word>SEVEN</word>
            <lemma>seven</lemma>
            <CharacterOffsetBegin>122</CharacterOffsetBegin>
            <CharacterOffsetEnd>127</CharacterOffsetEnd>
            <POS>CD</POS>
            <NER>NUMBER</NER>
            <NormalizedNER>7.0</NormalizedNER>
            <Speaker>PER0</Speaker>
          </token>
          <token id="29">
            <word>WOUNDED</word>
            <lemma>wound</lemma>
            <CharacterOffsetBegin>128</CharacterOffsetBegin>
            <CharacterOffsetEnd>135</CharacterOffsetEnd>
            <POS>VBN</POS>
            <NER>O</NER>
            <Speaker>PER0</Speaker>
          </token>
          <token id="30">
            <word>IN</word>
            <lemma>in</lemma>
            <CharacterOffsetBegin>136</CharacterOffsetBegin>
            <CharacterOffsetEnd>138</CharacterOffsetEnd>
            <POS>IN</POS>
            <NER>O</NER>
            <Speaker>PER0</Speaker>
          </token>
          <token id="31">
            <word>A</word>
            <lemma>a</lemma>
            <CharacterOffsetBegin>139</CharacterOffsetBegin>
            <CharacterOffsetEnd>140</CharacterOffsetEnd>
            <POS>DT</POS>
            <NER>O</NER>
            <Speaker>PER0</Speaker>
          </token>
          <token id="32">
            <word>FIERCE</word>
            <lemma>fierce</lemma>
            <CharacterOffsetBegin>141</CharacterOffsetBegin>
            <CharacterOffsetEnd>147</CharacterOffsetEnd>
            <POS>JJ</POS>
            <NER>O</NER>
            <Speaker>PER0</Speaker>
          </token>
          <token id="33">
            <word>CLASH</word>
            <lemma>clash</lemma>
            <CharacterOffsetBegin>148</CharacterOffsetBegin>
            <CharacterOffsetEnd>153</CharacterOffsetEnd>
            <POS>NN</POS>
            <NER>O</NER>
            <Speaker>PER0</Speaker>
          </token>
          <token id="34">
            <word>BETWEEN</word>
            <lemma>between</lemma>
            <CharacterOffsetBegin>154</CharacterOffsetBegin>
            <CharacterOffsetEnd>161</CharacterOffsetEnd>
            <POS>IN</POS>
            <NER>O</NER>
            <Speaker>PER0</Speaker>
          </token>
          <token id="35">
            <word>POLICEMEN</word>
            <lemma>policeman</lemma>
            <CharacterOffsetBegin>162</CharacterOffsetBegin>
            <CharacterOffsetEnd>171</CharacterOffsetEnd>
            <POS>NNS</POS>
            <NER>O</NER>
            <Speaker>PER0</Speaker>
          </token>
          <token id="36">
            <word>AND</word>
            <lemma>and</lemma>
            <CharacterOffsetBegin>172</CharacterOffsetBegin>
            <CharacterOffsetEnd>175</CharacterOffsetEnd>
            <POS>CC</POS>
            <NER>O</NER>
            <Speaker>PER0</Speaker>
          </token>
          <token id="37">
            <word>CIVILIANS</word>
            <lemma>civilian</lemma>
            <CharacterOffsetBegin>176</CharacterOffsetBegin>
            <CharacterOffsetEnd>185</CharacterOffsetEnd>
            <POS>NNS</POS>
            <NER>O</NER>
            <Speaker>PER0</Speaker>
          </token>
          <token id="38">
            <word>.</word>
            <lemma>.</lemma>
            <CharacterOffsetBegin>185</CharacterOffsetBegin>
            <CharacterOffsetEnd>186</CharacterOffsetEnd>
            <POS>.</POS>
            <NER>O</NER>
            <Speaker>PER0</Speaker>
          </token>
        </tokens>
        <parse>(ROOT (S (NP (NP (NNP BUENOS) (NNP AIRES)) (, ,) (NP (CD 30))) (VP (MD MAY) (VP (NP (NP (NP (CD 89)) (PRN (-LRB- -LRB-) (X (TO NA)) (-RRB- -RRB-))) (: --) (NP (-LRB- -LSB-) (NN TEXT)) (-RRB- -RSB-) (NP (NP (DT THE) (JJ CIVIL) (NN DEFENSE) (NN OFFICE)) (SBAR (S (VP (VBZ HAS) (VP (VBN REPORTED) (SBAR (IN THAT) (S (NP (CD FOUR) (NNS PEOPLE)) (VP (MD MAY) (VP (VB HAVE) (VP (VBN BEEN) (VP (VBN KILLED)))))))))))) (CC AND) (NP (NP (CD SEVEN) (VBN WOUNDED)) (PP (IN IN) (NP (DT A) (JJ FIERCE) (NN CLASH))))) (PP (IN BETWEEN) (NP (NNS POLICEMEN) (CC AND) (NNS CIVILIANS))))) (. .))) </parse>
        <dependencies type="basic-dependencies">
          <dep type="root">
            <governor idx="0">ROOT</governor>
            <dependent idx="6">89</dependent>
          </dep>
          <dep type="compound">
            <governor idx="2">AIRES</governor>
            <dependent idx="1">BUENOS</dependent>
          </dep>
          <dep type="nsubj">
            <governor idx="6">89</governor>
            <dependent idx="2">AIRES</dependent>
          </dep>
          <dep type="amod">
            <governor idx="2">AIRES</governor>
            <dependent idx="4">30</dependent>
          </dep>
          <dep type="aux">
            <governor idx="6">89</governor>
            <dependent idx="5">MAY</dependent>
          </dep>
          <dep type="dep">
            <governor idx="6">89</governor>
            <dependent idx="8">NA</dependent>
          </dep>
          <dep type="conj">
            <governor idx="6">89</governor>
            <dependent idx="12">TEXT</dependent>
          </dep>
          <dep type="det">
            <governor idx="17">OFFICE</governor>
            <dependent idx="14">THE</dependent>
          </dep>
          <dep type="amod">
            <governor idx="17">OFFICE</governor>
            <dependent idx="15">CIVIL</dependent>
          </dep>
          <dep type="compound">
            <governor idx="17">OFFICE</governor>
            <dependent idx="16">DEFENSE</dependent>
          </dep>
          <dep type="conj">
            <governor idx="6">89</governor>
            <dependent idx="17">OFFICE</dependent>
          </dep>
          <dep type="aux">
            <governor idx="19">REPORTED</governor>
            <dependent idx="18">HAS</dependent>
          </dep>
          <dep type="acl:relcl">
            <governor idx="17">OFFICE</governor>
            <dependent idx="19">REPORTED</dependent>
          </dep>
          <dep type="mark">
            <governor idx="26">KILLED</governor>
            <dependent idx="20">THAT</dependent>
          </dep>
          <dep type="nummod">
            <governor idx="22">PEOPLE</governor>
            <dependent idx="21">FOUR</dependent>
          </dep>
          <dep type="nsubjpass">
            <governor idx="26">KILLED</governor>
            <dependent idx="22">PEOPLE</dependent>
          </dep>
          <dep type="aux">
            <governor idx="26">KILLED</governor>
            <dependent idx="23">MAY</dependent>
          </dep>
          <dep type="aux">
            <governor idx="26">KILLED</governor>
            <dependent idx="24">HAVE</dependent>
          </dep>
          <dep type="auxpass">
            <governor idx="26">KILLED</governor>
            <dependent idx="25">BEEN</dependent>
          </dep>
          <dep type="ccomp">
            <governor idx="19">REPORTED</governor>
            <dependent idx="26">KILLED</dependent>
          </dep>
          <dep type="cc">
            <governor idx="6">89</governor>
            <dependent idx="27">AND</dependent>
          </dep>
          <dep type="conj">
            <governor idx="6">89</governor>
            <dependent idx="28">SEVEN</dependent>
          </dep>
          <dep type="amod">
            <governor idx="28">SEVEN</governor>
            <dependent idx="29">WOUNDED</dependent>
          </dep>
          <dep type="case">
            <governor idx="33">CLASH</governor>
            <dependent idx="30">IN</dependent>
          </dep>
          <dep type="det">
            <governor idx="33">CLASH</governor>
            <dependent idx="31">A</dependent>
          </dep>
          <dep type="amod">
            <governor idx="33">CLASH</governor>
            <dependent idx="32">FIERCE</dependent>
          </dep>
          <dep type="nmod">
            <governor idx="28">SEVEN</governor>
            <dependent idx="33">CLASH</dependent>
          </dep>
          <dep type="case">
            <governor idx="35">POLICEMEN</governor>
            <dependent idx="34">BETWEEN</dependent>
          </dep>
          <dep type="nmod">
            <governor idx="6">89</governor>
            <dependent idx="35">POLICEMEN</dependent>
          </dep>
          <dep type="cc">
            <governor idx="35">POLICEMEN</governor>
            <dependent idx="36">AND</dependent>
          </dep>
          <dep type="conj">
            <governor idx="35">POLICEMEN</governor>
            <dependent idx="37">CIVILIANS</dependent>
          </dep>
        </dependencies>
        <dependencies type="collapsed-dependencies">
          <dep type="root">
            <governor idx="0">ROOT</governor>
            <dependent idx="6">89</dependent>
          </dep>
          <dep type="compound">
            <governor idx="2">AIRES</governor>
            <dependent idx="1">BUENOS</dependent>
          </dep>
          <dep type="nsubj">
            <governor idx="6">89</governor>
            <dependent idx="2">AIRES</dependent>
          </dep>
          <dep type="amod">
            <governor idx="2">AIRES</governor>
            <dependent idx="4">30</dependent>
          </dep>
          <dep type="aux">
            <governor idx="6">89</governor>
            <dependent idx="5">MAY</dependent>
          </dep>
          <dep type="dep">
            <governor idx="6">89</governor>
            <dependent idx="8">NA</dependent>
          </dep>
          <dep type="conj:and">
            <governor idx="6">89</governor>
            <dependent idx="12">TEXT</dependent>
          </dep>
          <dep type="det">
            <governor idx="17">OFFICE</governor>
            <dependent idx="14">THE</dependent>
          </dep>
          <dep type="amod">
            <governor idx="17">OFFICE</governor>
            <dependent idx="15">CIVIL</dependent>
          </dep>
          <dep type="compound">
            <governor idx="17">OFFICE</governor>
            <dependent idx="16">DEFENSE</dependent>
          </dep>
          <dep type="conj:and">
            <governor idx="6">89</governor>
            <dependent idx="17">OFFICE</dependent>
          </dep>
          <dep type="aux">
            <governor idx="19">REPORTED</governor>
            <dependent idx="18">HAS</dependent>
          </dep>
          <dep type="acl:relcl">
            <governor idx="17">OFFICE</governor>
            <dependent idx="19">REPORTED</dependent>
          </dep>
          <dep type="mark">
            <governor idx="26">KILLED</governor>
            <dependent idx="20">THAT</dependent>
          </dep>
          <dep type="nummod">
            <governor idx="22">PEOPLE</governor>
            <dependent idx="21">FOUR</dependent>
          </dep>
          <dep type="nsubjpass">
            <governor idx="26">KILLED</governor>
            <dependent idx="22">PEOPLE</dependent>
          </dep>
          <dep type="aux">
            <governor idx="26">KILLED</governor>
            <dependent idx="23">MAY</dependent>
          </dep>
          <dep type="aux">
            <governor idx="26">KILLED</governor>
            <dependent idx="24">HAVE</dependent>
          </dep>
          <dep type="auxpass">
            <governor idx="26">KILLED</governor>
            <dependent idx="25">BEEN</dependent>
          </dep>
          <dep type="ccomp">
            <governor idx="19">REPORTED</governor>
            <dependent idx="26">KILLED</dependent>
          </dep>
          <dep type="cc">
            <governor idx="6">89</governor>
            <dependent idx="27">AND</dependent>
          </dep>
          <dep type="conj:and">
            <governor idx="6">89</governor>
            <dependent idx="28">SEVEN</dependent>
          </dep>
          <dep type="amod">
            <governor idx="28">SEVEN</governor>
            <dependent idx="29">WOUNDED</dependent>
          </dep>
          <dep type="case">
            <governor idx="33">CLASH</governor>
            <dependent idx="30">IN</dependent>
          </dep>
          <dep type="det">
            <governor idx="33">CLASH</governor>
            <dependent idx="31">A</dependent>
          </dep>
          <dep type="amod">
            <governor idx="33">CLASH</governor>
            <dependent idx="32">FIERCE</dependent>
          </dep>
          <dep type="nmod:in">
            <governor idx="28">SEVEN</governor>
            <dependent idx="33">CLASH</dependent>
          </dep>
          <dep type="case">
            <governor idx="35">POLICEMEN</governor>
            <dependent idx="34">BETWEEN</dependent>
          </dep>
          <dep type="nmod:between">
            <governor idx="6">89</governor>
            <dependent idx="35">POLICEMEN</dependent>
          </dep>
          <dep type="cc">
            <governor idx="35">POLICEMEN</governor>
            <dependent idx="36">AND</dependent>
          </dep>
          <dep type="conj:and">
            <governor idx="35">POLICEMEN</governor>
            <dependent idx="37">CIVILIANS</dependent>
          </dep>
        </dependencies>
        <dependencies type="collapsed-ccprocessed-dependencies">
          <dep type="root">
            <governor idx="0">ROOT</governor>
            <dependent idx="6">89</dependent>
          </dep>
          <dep type="compound">
            <governor idx="2">AIRES</governor>
            <dependent idx="1">BUENOS</dependent>
          </dep>
          <dep type="nsubj">
            <governor idx="6">89</governor>
            <dependent idx="2">AIRES</dependent>
          </dep>
          <dep type="amod">
            <governor idx="2">AIRES</governor>
            <dependent idx="4">30</dependent>
          </dep>
          <dep type="aux">
            <governor idx="6">89</governor>
            <dependent idx="5">MAY</dependent>
          </dep>
          <dep type="dep">
            <governor idx="6">89</governor>
            <dependent idx="8">NA</dependent>
          </dep>
          <dep type="conj:and">
            <governor idx="6">89</governor>
            <dependent idx="12">TEXT</dependent>
          </dep>
          <dep type="det">
            <governor idx="17">OFFICE</governor>
            <dependent idx="14">THE</dependent>
          </dep>
          <dep type="amod">
            <governor idx="17">OFFICE</governor>
            <dependent idx="15">CIVIL</dependent>
          </dep>
          <dep type="compound">
            <governor idx="17">OFFICE</governor>
            <dependent idx="16">DEFENSE</dependent>
          </dep>
          <dep type="conj:and">
            <governor idx="6">89</governor>
            <dependent idx="17">OFFICE</dependent>
          </dep>
          <dep type="aux">
            <governor idx="19">REPORTED</governor>
            <dependent idx="18">HAS</dependent>
          </dep>
          <dep type="acl:relcl">
            <governor idx="17">OFFICE</governor>
            <dependent idx="19">REPORTED</dependent>
          </dep>
          <dep type="mark">
            <governor idx="26">KILLED</governor>
            <dependent idx="20">THAT</dependent>
          </dep>
          <dep type="nummod">
            <governor idx="22">PEOPLE</governor>
            <dependent idx="21">FOUR</dependent>
          </dep>
          <dep type="nsubjpass">
            <governor idx="26">KILLED</governor>
            <dependent idx="22">PEOPLE</dependent>
          </dep>
          <dep type="aux">
            <governor idx="26">KILLED</governor>
            <dependent idx="23">MAY</dependent>
          </dep>
          <dep type="aux">
            <governor idx="26">KILLED</governor>
            <dependent idx="24">HAVE</dependent>
          </dep>
          <dep type="auxpass">
            <governor idx="26">KILLED</governor>
            <dependent idx="25">BEEN</dependent>
          </dep>
          <dep type="ccomp">
            <governor idx="19">REPORTED</governor>
            <dependent idx="26">KILLED</dependent>
          </dep>
          <dep type="cc">
            <governor idx="6">89</governor>
            <dependent idx="27">AND</dependent>
          </dep>
          <dep type="conj:and">
            <governor idx="6">89</governor>
            <dependent idx="28">SEVEN</dependent>
          </dep>
          <dep type="amod">
            <governor idx="28">SEVEN</governor>
            <dependent idx="29">WOUNDED</dependent>
          </dep>
          <dep type="case">
            <governor idx="33">CLASH</governor>
            <dependent idx="30">IN</dependent>
          </dep>
          <dep type="det">
            <governor idx="33">CLASH</governor>
            <dependent idx="31">A</dependent>
          </dep>
          <dep type="amod">
            <governor idx="33">CLASH</governor>
            <dependent idx="32">FIERCE</dependent>
          </dep>
          <dep type="nmod:in">
            <governor idx="28">SEVEN</governor>
            <dependent idx="33">CLASH</dependent>
          </dep>
          <dep type="case">
            <governor idx="35">POLICEMEN</governor>
            <dependent idx="34">BETWEEN</dependent>
          </dep>
          <dep type="nmod:between">
            <governor idx="6">89</governor>
            <dependent idx="35">POLICEMEN</dependent>
          </dep>
          <dep type="cc">
            <governor idx="35">POLICEMEN</governor>
            <dependent idx="36">AND</dependent>
          </dep>
          <dep type="nmod:between" extra="true">
            <governor idx="6">89</governor>
            <dependent idx="37">CIVILIANS</dependent>
          </dep>
          <dep type="conj:and">
            <governor idx="35">POLICEMEN</governor>
            <dependent idx="37">CIVILIANS</dependent>
          </dep>
        </dependencies>
      </sentence>
      <sentence id="2">
        <tokens>
          <token id="1">
            <word>THE</word>
            <lemma>the</lemma>
            <CharacterOffsetBegin>187</CharacterOffsetBegin>
            <CharacterOffsetEnd>190</CharacterOffsetEnd>
            <POS>DT</POS>
            <NER>O</NER>
            <Speaker>PER0</Speaker>
          </token>
          <token id="2">
            <word>CIVILIANS</word>
            <lemma>civilian</lemma>
            <CharacterOffsetBegin>191</CharacterOffsetBegin>
            <CharacterOffsetEnd>200</CharacterOffsetEnd>
            <POS>NNS</POS>
            <NER>O</NER>
            <Speaker>PER0</Speaker>
          </token>
          <token id="3">
            <word>WERE</word>
            <lemma>be</lemma>
            <CharacterOffsetBegin>201</CharacterOffsetBegin>
            <CharacterOffsetEnd>205</CharacterOffsetEnd>
            <POS>VBD</POS>
            <NER>O</NER>
            <Speaker>PER0</Speaker>
          </token>
          <token id="4">
            <word>LOOTING</word>
            <lemma>looting</lemma>
            <CharacterOffsetBegin>206</CharacterOffsetBegin>
            <CharacterOffsetEnd>213</CharacterOffsetEnd>
            <POS>NN</POS>
            <NER>O</NER>
            <Speaker>PER0</Speaker>
          </token>
          <token id="5">
            <word>STORES</word>
            <lemma>store</lemma>
            <CharacterOffsetBegin>214</CharacterOffsetBegin>
            <CharacterOffsetEnd>220</CharacterOffsetEnd>
            <POS>NNS</POS>
            <NER>O</NER>
            <Speaker>PER0</Speaker>
          </token>
          <token id="6">
            <word>IN</word>
            <lemma>in</lemma>
            <CharacterOffsetBegin>221</CharacterOffsetBegin>
            <CharacterOffsetEnd>223</CharacterOffsetEnd>
            <POS>IN</POS>
            <NER>O</NER>
            <Speaker>PER0</Speaker>
          </token>
          <token id="7">
            <word>SAN</word>
            <lemma>SAN</lemma>
            <CharacterOffsetBegin>224</CharacterOffsetBegin>
            <CharacterOffsetEnd>227</CharacterOffsetEnd>
            <POS>NNP</POS>
            <NER>LOCATION</NER>
            <Speaker>PER0</Speaker>
          </token>
          <token id="8">
            <word>MIGUEL</word>
            <lemma>MIGUEL</lemma>
            <CharacterOffsetBegin>228</CharacterOffsetBegin>
            <CharacterOffsetEnd>234</CharacterOffsetEnd>
            <POS>NNP</POS>
            <NER>LOCATION</NER>
            <Speaker>PER0</Speaker>
          </token>
          <token id="9">
            <word>,</word>
            <lemma>,</lemma>
            <CharacterOffsetBegin>234</CharacterOffsetBegin>
            <CharacterOffsetEnd>235</CharacterOffsetEnd>
            <POS>,</POS>
            <NER>O</NER>
            <Speaker>PER0</Speaker>
          </token>
          <token id="10">
            <word>BUENOS</word>
            <lemma>BUENOS</lemma>
            <CharacterOffsetBegin>236</CharacterOffsetBegin>
            <CharacterOffsetEnd>242</CharacterOffsetEnd>
            <POS>NNP</POS>
            <NER>LOCATION</NER>
            <Speaker>PER0</Speaker>
          </token>
          <token id="11">
            <word>AIRES</word>
            <lemma>AIRES</lemma>
            <CharacterOffsetBegin>243</CharacterOffsetBegin>
            <CharacterOffsetEnd>248</CharacterOffsetEnd>
            <POS>NNP</POS>
            <NER>LOCATION</NER>
            <Speaker>PER0</Speaker>
          </token>
          <token id="12">
            <word>PROVINCE</word>
            <lemma>province</lemma>
            <CharacterOffsetBegin>249</CharacterOffsetBegin>
            <CharacterOffsetEnd>257</CharacterOffsetEnd>
            <POS>NN</POS>
            <NER>O</NER>
            <Speaker>PER0</Speaker>
          </token>
          <token id="13">
            <word>.</word>
            <lemma>.</lemma>
            <CharacterOffsetBegin>257</CharacterOffsetBegin>
            <CharacterOffsetEnd>258</CharacterOffsetEnd>
            <POS>.</POS>
            <NER>O</NER>
            <Speaker>PER0</Speaker>
          </token>
        </tokens>
        <parse>(ROOT (S (NP (DT THE) (NNS CIVILIANS)) (VP (VBD WERE) (NP (NP (NN LOOTING) (NNS STORES)) (PP (IN IN) (NP (NP (NNP SAN) (NNP MIGUEL)) (, ,) (NP (NNP BUENOS) (NNP AIRES) (NN PROVINCE)))))) (. .))) </parse>
        <dependencies type="basic-dependencies">
          <dep type="root">
            <governor idx="0">ROOT</governor>
            <dependent idx="5">STORES</dependent>
          </dep>
          <dep type="det">
            <governor idx="2">CIVILIANS</governor>
            <dependent idx="1">THE</dependent>
          </dep>
          <dep type="nsubj">
            <governor idx="5">STORES</governor>
            <dependent idx="2">CIVILIANS</dependent>
          </dep>
          <dep type="cop">
            <governor idx="5">STORES</governor>
            <dependent idx="3">WERE</dependent>
          </dep>
          <dep type="compound">
            <governor idx="5">STORES</governor>
            <dependent idx="4">LOOTING</dependent>
          </dep>
          <dep type="case">
            <governor idx="8">MIGUEL</governor>
            <dependent idx="6">IN</dependent>
          </dep>
          <dep type="compound">
            <governor idx="8">MIGUEL</governor>
            <dependent idx="7">SAN</dependent>
          </dep>
          <dep type="nmod">
            <governor idx="5">STORES</governor>
            <dependent idx="8">MIGUEL</dependent>
          </dep>
          <dep type="compound">
            <governor idx="12">PROVINCE</governor>
            <dependent idx="10">BUENOS</dependent>
          </dep>
          <dep type="compound">
            <governor idx="12">PROVINCE</governor>
            <dependent idx="11">AIRES</dependent>
          </dep>
          <dep type="appos">
            <governor idx="8">MIGUEL</governor>
            <dependent idx="12">PROVINCE</dependent>
          </dep>
        </dependencies>
        <dependencies type="collapsed-dependencies">
          <dep type="root">
            <governor idx="0">ROOT</governor>
            <dependent idx="5">STORES</dependent>
          </dep>
          <dep type="det">
            <governor idx="2">CIVILIANS</governor>
            <dependent idx="1">THE</dependent>
          </dep>
          <dep type="nsubj">
            <governor idx="5">STORES</governor>
            <dependent idx="2">CIVILIANS</dependent>
          </dep>
          <dep type="cop">
            <governor idx="5">STORES</governor>
            <dependent idx="3">WERE</dependent>
          </dep>
          <dep type="compound">
            <governor idx="5">STORES</governor>
            <dependent idx="4">LOOTING</dependent>
          </dep>
          <dep type="case">
            <governor idx="8">MIGUEL</governor>
            <dependent idx="6">IN</dependent>
          </dep>
          <dep type="compound">
            <governor idx="8">MIGUEL</governor>
            <dependent idx="7">SAN</dependent>
          </dep>
          <dep type="nmod:in">
            <governor idx="5">STORES</governor>
            <dependent idx="8">MIGUEL</dependent>
          </dep>
          <dep type="compound">
            <governor idx="12">PROVINCE</governor>
            <dependent idx="10">BUENOS</dependent>
          </dep>
          <dep type="compound">
            <governor idx="12">PROVINCE</governor>
            <dependent idx="11">AIRES</dependent>
          </dep>
          <dep type="appos">
            <governor idx="8">MIGUEL</governor>
            <dependent idx="12">PROVINCE</dependent>
          </dep>
        </dependencies>
        <dependencies type="collapsed-ccprocessed-dependencies">
          <dep type="root">
            <governor idx="0">ROOT</governor>
            <dependent idx="5">STORES</dependent>
          </dep>
          <dep type="det">
            <governor idx="2">CIVILIANS</governor>
            <dependent idx="1">THE</dependent>
          </dep>
          <dep type="nsubj">
            <governor idx="5">STORES</governor>
            <dependent idx="2">CIVILIANS</dependent>
          </dep>
          <dep type="cop">
            <governor idx="5">STORES</governor>
            <dependent idx="3">WERE</dependent>
          </dep>
          <dep type="compound">
            <governor idx="5">STORES</governor>
            <dependent idx="4">LOOTING</dependent>
          </dep>
          <dep type="case">
            <governor idx="8">MIGUEL</governor>
            <dependent idx="6">IN</dependent>
          </dep>
          <dep type="compound">
            <governor idx="8">MIGUEL</governor>
            <dependent idx="7">SAN</dependent>
          </dep>
          <dep type="nmod:in">
            <governor idx="5">STORES</governor>
            <dependent idx="8">MIGUEL</dependent>
          </dep>
          <dep type="compound">
            <governor idx="12">PROVINCE</governor>
            <dependent idx="10">BUENOS</dependent>
          </dep>
          <dep type="compound">
            <governor idx="12">PROVINCE</governor>
            <dependent idx="11">AIRES</dependent>
          </dep>
          <dep type="appos">
            <governor idx="8">MIGUEL</governor>
            <dependent idx="12">PROVINCE</dependent>
          </dep>
        </dependencies>
      </sentence>
      <sentence id="3">
        <tokens>
          <token id="1">
            <word>IN</word>
            <lemma>in</lemma>
            <CharacterOffsetBegin>263</CharacterOffsetBegin>
            <CharacterOffsetEnd>265</CharacterOffsetEnd>
            <POS>IN</POS>
            <NER>O</NER>
            <Speaker>PER0</Speaker>
          </token>
          <token id="2">
            <word>A</word>
            <lemma>a</lemma>
            <CharacterOffsetBegin>266</CharacterOffsetBegin>
            <CharacterOffsetEnd>267</CharacterOffsetEnd>
            <POS>DT</POS>
            <NER>O</NER>
            <Speaker>PER0</Speaker>
          </token>
          <token id="3">
            <word>REPORT</word>
            <lemma>report</lemma>
            <CharacterOffsetBegin>268</CharacterOffsetBegin>
            <CharacterOffsetEnd>274</CharacterOffsetEnd>
            <POS>NN</POS>
            <NER>O</NER>
            <Speaker>PER0</Speaker>
          </token>
          <token id="4">
            <word>TO</word>
            <lemma>to</lemma>
            <CharacterOffsetBegin>275</CharacterOffsetBegin>
            <CharacterOffsetEnd>277</CharacterOffsetEnd>
            <POS>TO</POS>
            <NER>O</NER>
            <Speaker>PER0</Speaker>
          </token>
          <token id="5">
            <word>NA</word>
            <lemma>na</lemma>
            <CharacterOffsetBegin>278</CharacterOffsetBegin>
            <CharacterOffsetEnd>280</CharacterOffsetEnd>
            <POS>TO</POS>
            <NER>O</NER>
            <Speaker>PER0</Speaker>
          </token>
          <token id="6">
            <word>,</word>
            <lemma>,</lemma>
            <CharacterOffsetBegin>280</CharacterOffsetBegin>
            <CharacterOffsetEnd>281</CharacterOffsetEnd>
            <POS>,</POS>
            <NER>O</NER>
            <Speaker>PER0</Speaker>
          </token>
          <token id="7">
            <word>IT</word>
            <lemma>it</lemma>
            <CharacterOffsetBegin>282</CharacterOffsetBegin>
            <CharacterOffsetEnd>284</CharacterOffsetEnd>
            <POS>PRP</POS>
            <NER>O</NER>
            <Speaker>PER0</Speaker>
          </token>
          <token id="8">
            <word>WAS</word>
            <lemma>be</lemma>
            <CharacterOffsetBegin>285</CharacterOffsetBegin>
            <CharacterOffsetEnd>288</CharacterOffsetEnd>
            <POS>VBD</POS>
            <NER>O</NER>
            <Speaker>PER0</Speaker>
          </token>
          <token id="9">
            <word>SAID</word>
            <lemma>say</lemma>
            <CharacterOffsetBegin>289</CharacterOffsetBegin>
            <CharacterOffsetEnd>293</CharacterOffsetEnd>
            <POS>VBD</POS>
            <NER>O</NER>
            <Speaker>PER0</Speaker>
          </token>
          <token id="10">
            <word>THAT</word>
            <lemma>that</lemma>
            <CharacterOffsetBegin>294</CharacterOffsetBegin>
            <CharacterOffsetEnd>298</CharacterOffsetEnd>
            <POS>IN</POS>
            <NER>O</NER>
            <Speaker>PER0</Speaker>
          </token>
          <token id="11">
            <word>FOUR</word>
            <lemma>four</lemma>
            <CharacterOffsetBegin>299</CharacterOffsetBegin>
            <CharacterOffsetEnd>303</CharacterOffsetEnd>
            <POS>CD</POS>
            <NER>NUMBER</NER>
            <NormalizedNER>4.0</NormalizedNER>
            <Speaker>PER0</Speaker>
          </token>
          <token id="12">
            <word>PEOPLE</word>
            <lemma>people</lemma>
            <CharacterOffsetBegin>304</CharacterOffsetBegin>
            <CharacterOffsetEnd>310</CharacterOffsetEnd>
            <POS>NNS</POS>
            <NER>O</NER>
            <Speaker>PER0</Speaker>
          </token>
          <token id="13">
            <word>DIED</word>
            <lemma>die</lemma>
            <CharacterOffsetBegin>311</CharacterOffsetBegin>
            <CharacterOffsetEnd>315</CharacterOffsetEnd>
            <POS>VBD</POS>
            <NER>O</NER>
            <Speaker>PER0</Speaker>
          </token>
          <token id="14">
            <word>IN</word>
            <lemma>in</lemma>
            <CharacterOffsetBegin>316</CharacterOffsetBegin>
            <CharacterOffsetEnd>318</CharacterOffsetEnd>
            <POS>IN</POS>
            <NER>O</NER>
            <Speaker>PER0</Speaker>
          </token>
          <token id="15">
            <word>INCIDENTS</word>
            <lemma>incident</lemma>
            <CharacterOffsetBegin>319</CharacterOffsetBegin>
            <CharacterOffsetEnd>328</CharacterOffsetEnd>
            <POS>NNS</POS>
            <NER>O</NER>
            <Speaker>PER0</Speaker>
          </token>
          <token id="16">
            <word>THAT</word>
            <lemma>that</lemma>
            <CharacterOffsetBegin>329</CharacterOffsetBegin>
            <CharacterOffsetEnd>333</CharacterOffsetEnd>
            <POS>WDT</POS>
            <NER>O</NER>
            <Speaker>PER0</Speaker>
          </token>
          <token id="17">
            <word>OCCURRED</word>
            <lemma>occur</lemma>
            <CharacterOffsetBegin>334</CharacterOffsetBegin>
            <CharacterOffsetEnd>342</CharacterOffsetEnd>
            <POS>VBD</POS>
            <NER>O</NER>
            <Speaker>PER0</Speaker>
          </token>
          <token id="18">
            <word>THIS</word>
            <lemma>this</lemma>
            <CharacterOffsetBegin>343</CharacterOffsetBegin>
            <CharacterOffsetEnd>347</CharacterOffsetEnd>
            <POS>DT</POS>
            <NER>DATE</NER>
            <NormalizedNER>THIS AF</NormalizedNER>
            <Speaker>PER0</Speaker>
            <Timex tid="t2" type="DATE"/>
          </token>
          <token id="19">
            <word>AFTERNOON</word>
            <lemma>afternoon</lemma>
            <CharacterOffsetBegin>348</CharacterOffsetBegin>
            <CharacterOffsetEnd>357</CharacterOffsetEnd>
            <POS>NN</POS>
            <NER>DATE</NER>
            <NormalizedNER>THIS AF</NormalizedNER>
            <Speaker>PER0</Speaker>
            <Timex tid="t2" type="DATE"/>
          </token>
          <token id="20">
            <word>AT</word>
            <lemma>at</lemma>
            <CharacterOffsetBegin>358</CharacterOffsetBegin>
            <CharacterOffsetEnd>360</CharacterOffsetEnd>
            <POS>IN</POS>
            <NER>O</NER>
            <Speaker>PER0</Speaker>
          </token>
          <token id="21">
            <word>3400</word>
            <lemma>3400</lemma>
            <CharacterOffsetBegin>361</CharacterOffsetBegin>
            <CharacterOffsetEnd>365</CharacterOffsetEnd>
            <POS>CD</POS>
            <NER>NUMBER</NER>
            <NormalizedNER>3400.0</NormalizedNER>
            <Speaker>PER0</Speaker>
          </token>
          <token id="22">
            <word>MITRE</word>
            <lemma>MITRE</lemma>
            <CharacterOffsetBegin>366</CharacterOffsetBegin>
            <CharacterOffsetEnd>371</CharacterOffsetEnd>
            <POS>NNP</POS>
            <NER>LOCATION</NER>
            <Speaker>PER0</Speaker>
          </token>
          <token id="23">
            <word>AVENUE</word>
            <lemma>AVENUE</lemma>
            <CharacterOffsetBegin>372</CharacterOffsetBegin>
            <CharacterOffsetEnd>378</CharacterOffsetEnd>
            <POS>NNP</POS>
            <NER>LOCATION</NER>
            <Speaker>PER0</Speaker>
          </token>
          <token id="24">
            <word>.</word>
            <lemma>.</lemma>
            <CharacterOffsetBegin>378</CharacterOffsetBegin>
            <CharacterOffsetEnd>379</CharacterOffsetEnd>
            <POS>.</POS>
            <NER>O</NER>
            <Speaker>PER0</Speaker>
          </token>
        </tokens>
        <parse>(ROOT (SBAR (IN IN) (SINV (S (SBAR (WHNP (NP (DT A) (NN REPORT)) (PP (TO TO))) (S (VP (TO NA)))) (, ,) (NP (PRP IT)) (VP (VBD WAS))) (VP (VBD SAID) (SBAR (IN THAT) (S (NP (CD FOUR) (NNS PEOPLE)) (VP (VBD DIED) (PP (IN IN) (NP (NP (NNS INCIDENTS)) (SBAR (WHNP (WDT THAT)) (S (VP (VBD OCCURRED) (NP (DT THIS) (NN AFTERNOON)) (PP (IN AT) (NP (CD 3400)))))))))))) (NP (NNP MITRE) (NNP AVENUE)) (. .)))) </parse>
        <dependencies type="basic-dependencies">
          <dep type="root">
            <governor idx="0">ROOT</governor>
            <dependent idx="9">SAID</dependent>
          </dep>
          <dep type="dep">
            <governor idx="9">SAID</governor>
            <dependent idx="1">IN</dependent>
          </dep>
          <dep type="det">
            <governor idx="3">REPORT</governor>
            <dependent idx="2">A</dependent>
          </dep>
          <dep type="nsubj">
            <governor idx="5">NA</governor>
            <dependent idx="3">REPORT</dependent>
          </dep>
          <dep type="acl">
            <governor idx="3">REPORT</governor>
            <dependent idx="4">TO</dependent>
          </dep>
          <dep type="advcl">
            <governor idx="8">WAS</governor>
            <dependent idx="5">NA</dependent>
          </dep>
          <dep type="nsubj">
            <governor idx="8">WAS</governor>
            <dependent idx="7">IT</dependent>
          </dep>
          <dep type="dep">
            <governor idx="9">SAID</governor>
            <dependent idx="8">WAS</dependent>
          </dep>
          <dep type="mark">
            <governor idx="13">DIED</governor>
            <dependent idx="10">THAT</dependent>
          </dep>
          <dep type="nummod">
            <governor idx="12">PEOPLE</governor>
            <dependent idx="11">FOUR</dependent>
          </dep>
          <dep type="nsubj">
            <governor idx="13">DIED</governor>
            <dependent idx="12">PEOPLE</dependent>
          </dep>
          <dep type="ccomp">
            <governor idx="9">SAID</governor>
            <dependent idx="13">DIED</dependent>
          </dep>
          <dep type="case">
            <governor idx="15">INCIDENTS</governor>
            <dependent idx="14">IN</dependent>
          </dep>
          <dep type="nmod">
            <governor idx="13">DIED</governor>
            <dependent idx="15">INCIDENTS</dependent>
          </dep>
          <dep type="nsubj">
            <governor idx="17">OCCURRED</governor>
            <dependent idx="16">THAT</dependent>
          </dep>
          <dep type="acl:relcl">
            <governor idx="15">INCIDENTS</governor>
            <dependent idx="17">OCCURRED</dependent>
          </dep>
          <dep type="det">
            <governor idx="19">AFTERNOON</governor>
            <dependent idx="18">THIS</dependent>
          </dep>
          <dep type="dobj">
            <governor idx="17">OCCURRED</governor>
            <dependent idx="19">AFTERNOON</dependent>
          </dep>
          <dep type="case">
            <governor idx="21">3400</governor>
            <dependent idx="20">AT</dependent>
          </dep>
          <dep type="nmod">
            <governor idx="17">OCCURRED</governor>
            <dependent idx="21">3400</dependent>
          </dep>
          <dep type="compound">
            <governor idx="23">AVENUE</governor>
            <dependent idx="22">MITRE</dependent>
          </dep>
          <dep type="nsubj">
            <governor idx="9">SAID</governor>
            <dependent idx="23">AVENUE</dependent>
          </dep>
        </dependencies>
        <dependencies type="collapsed-dependencies">
          <dep type="root">
            <governor idx="0">ROOT</governor>
            <dependent idx="9">SAID</dependent>
          </dep>
          <dep type="dep">
            <governor idx="9">SAID</governor>
            <dependent idx="1">IN</dependent>
          </dep>
          <dep type="det">
            <governor idx="3">REPORT</governor>
            <dependent idx="2">A</dependent>
          </dep>
          <dep type="nsubj">
            <governor idx="5">NA</governor>
            <dependent idx="3">REPORT</dependent>
          </dep>
          <dep type="acl">
            <governor idx="3">REPORT</governor>
            <dependent idx="4">TO</dependent>
          </dep>
          <dep type="advcl">
            <governor idx="8">WAS</governor>
            <dependent idx="5">NA</dependent>
          </dep>
          <dep type="nsubj">
            <governor idx="8">WAS</governor>
            <dependent idx="7">IT</dependent>
          </dep>
          <dep type="dep">
            <governor idx="9">SAID</governor>
            <dependent idx="8">WAS</dependent>
          </dep>
          <dep type="mark">
            <governor idx="13">DIED</governor>
            <dependent idx="10">THAT</dependent>
          </dep>
          <dep type="nummod">
            <governor idx="12">PEOPLE</governor>
            <dependent idx="11">FOUR</dependent>
          </dep>
          <dep type="nsubj">
            <governor idx="13">DIED</governor>
            <dependent idx="12">PEOPLE</dependent>
          </dep>
          <dep type="ccomp">
            <governor idx="9">SAID</governor>
            <dependent idx="13">DIED</dependent>
          </dep>
          <dep type="case">
            <governor idx="15">INCIDENTS</governor>
            <dependent idx="14">IN</dependent>
          </dep>
          <dep type="nmod:in">
            <governor idx="13">DIED</governor>
            <dependent idx="15">INCIDENTS</dependent>
          </dep>
          <dep type="nsubj">
            <governor idx="17">OCCURRED</governor>
            <dependent idx="16">THAT</dependent>
          </dep>
          <dep type="acl:relcl">
            <governor idx="15">INCIDENTS</governor>
            <dependent idx="17">OCCURRED</dependent>
          </dep>
          <dep type="det">
            <governor idx="19">AFTERNOON</governor>
            <dependent idx="18">THIS</dependent>
          </dep>
          <dep type="dobj">
            <governor idx="17">OCCURRED</governor>
            <dependent idx="19">AFTERNOON</dependent>
          </dep>
          <dep type="case">
            <governor idx="21">3400</governor>
            <dependent idx="20">AT</dependent>
          </dep>
          <dep type="nmod:at">
            <governor idx="17">OCCURRED</governor>
            <dependent idx="21">3400</dependent>
          </dep>
          <dep type="compound">
            <governor idx="23">AVENUE</governor>
            <dependent idx="22">MITRE</dependent>
          </dep>
          <dep type="nsubj">
            <governor idx="9">SAID</governor>
            <dependent idx="23">AVENUE</dependent>
          </dep>
        </dependencies>
        <dependencies type="collapsed-ccprocessed-dependencies">
          <dep type="root">
            <governor idx="0">ROOT</governor>
            <dependent idx="9">SAID</dependent>
          </dep>
          <dep type="dep">
            <governor idx="9">SAID</governor>
            <dependent idx="1">IN</dependent>
          </dep>
          <dep type="det">
            <governor idx="3">REPORT</governor>
            <dependent idx="2">A</dependent>
          </dep>
          <dep type="nsubj">
            <governor idx="5">NA</governor>
            <dependent idx="3">REPORT</dependent>
          </dep>
          <dep type="acl">
            <governor idx="3">REPORT</governor>
            <dependent idx="4">TO</dependent>
          </dep>
          <dep type="advcl">
            <governor idx="8">WAS</governor>
            <dependent idx="5">NA</dependent>
          </dep>
          <dep type="nsubj">
            <governor idx="8">WAS</governor>
            <dependent idx="7">IT</dependent>
          </dep>
          <dep type="dep">
            <governor idx="9">SAID</governor>
            <dependent idx="8">WAS</dependent>
          </dep>
          <dep type="mark">
            <governor idx="13">DIED</governor>
            <dependent idx="10">THAT</dependent>
          </dep>
          <dep type="nummod">
            <governor idx="12">PEOPLE</governor>
            <dependent idx="11">FOUR</dependent>
          </dep>
          <dep type="nsubj">
            <governor idx="13">DIED</governor>
            <dependent idx="12">PEOPLE</dependent>
          </dep>
          <dep type="ccomp">
            <governor idx="9">SAID</governor>
            <dependent idx="13">DIED</dependent>
          </dep>
          <dep type="case">
            <governor idx="15">INCIDENTS</governor>
            <dependent idx="14">IN</dependent>
          </dep>
          <dep type="nmod:in">
            <governor idx="13">DIED</governor>
            <dependent idx="15">INCIDENTS</dependent>
          </dep>
          <dep type="nsubj">
            <governor idx="17">OCCURRED</governor>
            <dependent idx="16">THAT</dependent>
          </dep>
          <dep type="acl:relcl">
            <governor idx="15">INCIDENTS</governor>
            <dependent idx="17">OCCURRED</dependent>
          </dep>
          <dep type="det">
            <governor idx="19">AFTERNOON</governor>
            <dependent idx="18">THIS</dependent>
          </dep>
          <dep type="dobj">
            <governor idx="17">OCCURRED</governor>
            <dependent idx="19">AFTERNOON</dependent>
          </dep>
          <dep type="case">
            <governor idx="21">3400</governor>
            <dependent idx="20">AT</dependent>
          </dep>
          <dep type="nmod:at">
            <governor idx="17">OCCURRED</governor>
            <dependent idx="21">3400</dependent>
          </dep>
          <dep type="compound">
            <governor idx="23">AVENUE</governor>
            <dependent idx="22">MITRE</dependent>
          </dep>
          <dep type="nsubj">
            <governor idx="9">SAID</governor>
            <dependent idx="23">AVENUE</dependent>
          </dep>
        </dependencies>
      </sentence>
    </sentences>
    <coreference>
      <coreference>
        <mention representative="true">
          <sentence>1</sentence>
          <start>1</start>
          <end>3</end>
          <head>2</head>
          <text>BUENOS AIRES</text>
        </mention>
        <mention>
          <sentence>2</sentence>
          <start>10</start>
          <end>12</end>
          <head>11</head>
          <text>BUENOS AIRES</text>
        </mention>
      </coreference>
      <coreference>
        <mention representative="true">
          <sentence>1</sentence>
          <start>21</start>
          <end>22</end>
          <head>21</head>
          <text>FOUR</text>
        </mention>
        <mention>
          <sentence>3</sentence>
          <start>11</start>
          <end>12</end>
          <head>11</head>
          <text>FOUR</text>
        </mention>
      </coreference>
      <coreference>
        <mention representative="true">
          <sentence>1</sentence>
          <start>21</start>
          <end>23</end>
          <head>22</head>
          <text>FOUR PEOPLE</text>
        </mention>
        <mention>
          <sentence>3</sentence>
          <start>11</start>
          <end>13</end>
          <head>12</head>
          <text>FOUR PEOPLE</text>
        </mention>
      </coreference>
      <coreference>
        <mention representative="true">
          <sentence>3</sentence>
          <start>2</start>
          <end>4</end>
          <head>3</head>
          <text>A REPORT</text>
        </mention>
        <mention>
          <sentence>3</sentence>
          <start>7</start>
          <end>8</end>
          <head>7</head>
          <text>IT</text>
        </mention>
      </coreference>
    </coreference>
  </document>
</root>
