<?xml version="1.0" encoding="ASCII"?>
<?xml-stylesheet href="CoreNLP-to-HTML.xsl" type="text/xsl"?>
<root>
  <document>
    <sentences>
      <sentence id="1">
        <tokens>
          <token id="1">
            <word>LIMA</word>
            <lemma>LIMA</lemma>
            <CharacterOffsetBegin>3</CharacterOffsetBegin>
            <CharacterOffsetEnd>7</CharacterOffsetEnd>
            <POS>NNP</POS>
            <NER>LOCATION</NER>
            <Speaker>PER0</Speaker>
          </token>
          <token id="2">
            <word>,</word>
            <lemma>,</lemma>
            <CharacterOffsetBegin>7</CharacterOffsetBegin>
            <CharacterOffsetEnd>8</CharacterOffsetEnd>
            <POS>,</POS>
            <NER>O</NER>
            <Speaker>PER0</Speaker>
          </token>
          <token id="3">
            <word>3</word>
            <lemma>3</lemma>
            <CharacterOffsetBegin>9</CharacterOffsetBegin>
            <CharacterOffsetEnd>10</CharacterOffsetEnd>
            <POS>CD</POS>
            <NER>DATE</NER>
            <NormalizedNER>XXXX-06-03</NormalizedNER>
            <Speaker>PER0</Speaker>
            <Timex tid="t1" type="DATE">XXXX-06-03</Timex>
          </token>
          <token id="4">
            <word>JUN</word>
            <lemma>jun</lemma>
            <CharacterOffsetBegin>11</CharacterOffsetBegin>
            <CharacterOffsetEnd>14</CharacterOffsetEnd>
            <POS>NN</POS>
            <NER>DATE</NER>
            <NormalizedNER>XXXX-06-03</NormalizedNER>
            <Speaker>PER0</Speaker>
            <Timex tid="t1" type="DATE">XXXX-06-03</Timex>
          </token>
          <token id="5">
            <word>89</word>
            <lemma>89</lemma>
            <CharacterOffsetBegin>15</CharacterOffsetBegin>
            <CharacterOffsetEnd>17</CharacterOffsetEnd>
            <POS>CD</POS>
            <NER>NUMBER</NER>
            <NormalizedNER>89.0</NormalizedNER>
            <Speaker>PER0</Speaker>
          </token>
          <token id="6">
            <word>-LRB-</word>
            <lemma>-lrb-</lemma>
            <CharacterOffsetBegin>18</CharacterOffsetBegin>
            <CharacterOffsetEnd>19</CharacterOffsetEnd>
            <POS>-LRB-</POS>
            <NER>O</NER>
            <Speaker>PER0</Speaker>
          </token>
          <token id="7">
            <word>TELEVISION</word>
            <lemma>television</lemma>
            <CharacterOffsetBegin>19</CharacterOffsetBegin>
            <CharacterOffsetEnd>29</CharacterOffsetEnd>
            <POS>NN</POS>
            <NER>O</NER>
            <Speaker>PER0</Speaker>
          </token>
          <token id="8">
            <word>PERUANA</word>
            <lemma>peruana</lemma>
            <CharacterOffsetBegin>30</CharacterOffsetBegin>
            <CharacterOffsetEnd>37</CharacterOffsetEnd>
            <POS>NN</POS>
            <NER>O</NER>
            <Speaker>PER0</Speaker>
          </token>
          <token id="9">
            <word>-RRB-</word>
            <lemma>-rrb-</lemma>
            <CharacterOffsetBegin>37</CharacterOffsetBegin>
            <CharacterOffsetEnd>38</CharacterOffsetEnd>
            <POS>-RRB-</POS>
            <NER>O</NER>
            <Speaker>PER0</Speaker>
          </token>
          <token id="10">
            <word>--</word>
            <lemma>--</lemma>
            <CharacterOffsetBegin>39</CharacterOffsetBegin>
            <CharacterOffsetEnd>41</CharacterOffsetEnd>
            <POS>:</POS>
            <NER>O</NER>
            <Speaker>PER0</Speaker>
          </token>
          <token id="11">
            <word>-LSB-</word>
            <lemma>-lsb-</lemma>
            <CharacterOffsetBegin>42</CharacterOffsetBegin>
            <CharacterOffsetEnd>43</CharacterOffsetEnd>
            <POS>-LRB-</POS>
            <NER>O</NER>
            <Speaker>PER0</Speaker>
          </token>
          <token id="12">
            <word>COMMUNIQUE</word>
            <lemma>communique</lemma>
            <CharacterOffsetBegin>43</CharacterOffsetBegin>
            <CharacterOffsetEnd>53</CharacterOffsetEnd>
            <POS>NN</POS>
            <NER>O</NER>
            <Speaker>PER0</Speaker>
          </token>
          <token id="13">
            <word>-RSB-</word>
            <lemma>-rsb-</lemma>
            <CharacterOffsetBegin>53</CharacterOffsetBegin>
            <CharacterOffsetEnd>54</CharacterOffsetEnd>
            <POS>-RRB-</POS>
            <NER>O</NER>
            <Speaker>PER0</Speaker>
          </token>
          <token id="14">
            <word>-LSB-</word>
            <lemma>-lsb-</lemma>
            <CharacterOffsetBegin>55</CharacterOffsetBegin>
            <CharacterOffsetEnd>56</CharacterOffsetEnd>
            <POS>-LRB-</POS>
            <NER>O</NER>
            <Speaker>PER0</Speaker>
          </token>
          <token id="15">
            <word>LIMA</word>
            <lemma>LIMA</lemma>
            <CharacterOffsetBegin>56</CharacterOffsetBegin>
            <CharacterOffsetEnd>60</CharacterOffsetEnd>
            <POS>NNP</POS>
            <NER>ORGANIZATION</NER>
            <Speaker>PER0</Speaker>
          </token>
          <token id="16">
            <word>NATIONAL</word>
            <lemma>NATIONAL</lemma>
            <CharacterOffsetBegin>61</CharacterOffsetBegin>
            <CharacterOffsetEnd>69</CharacterOffsetEnd>
            <POS>NNP</POS>
            <NER>ORGANIZATION</NER>
            <Speaker>PER0</Speaker>
          </token>
          <token id="17">
            <word>SECURITY</word>
            <lemma>SECURITY</lemma>
            <CharacterOffsetBegin>70</CharacterOffsetBegin>
            <CharacterOffsetEnd>78</CharacterOffsetEnd>
            <POS>NNP</POS>
            <NER>ORGANIZATION</NER>
            <Speaker>PER0</Speaker>
          </token>
          <token id="18">
            <word>COMMAND</word>
            <lemma>command</lemma>
            <CharacterOffsetBegin>79</CharacterOffsetBegin>
            <CharacterOffsetEnd>86</CharacterOffsetEnd>
            <POS>NN</POS>
            <NER>ORGANIZATION</NER>
            <Speaker>PER0</Speaker>
          </token>
          <token id="19">
            <word>-RSB-</word>
            <lemma>-rsb-</lemma>
            <CharacterOffsetBegin>86</CharacterOffsetBegin>
            <CharacterOffsetEnd>87</CharacterOffsetEnd>
            <POS>-RRB-</POS>
            <NER>O</NER>
            <Speaker>PER0</Speaker>
          </token>
          <token id="20">
            <word>-LSB-</word>
            <lemma>-lsb-</lemma>
            <CharacterOffsetBegin>88</CharacterOffsetBegin>
            <CharacterOffsetEnd>89</CharacterOffsetEnd>
            <POS>-LRB-</POS>
            <NER>O</NER>
            <Speaker>PER0</Speaker>
          </token>
          <token id="21">
            <word>TEXT</word>
            <lemma>text</lemma>
            <CharacterOffsetBegin>89</CharacterOffsetBegin>
            <CharacterOffsetEnd>93</CharacterOffsetEnd>
            <POS>NN</POS>
            <NER>O</NER>
            <Speaker>PER0</Speaker>
          </token>
          <token id="22">
            <word>-RSB-</word>
            <lemma>-rsb-</lemma>
            <CharacterOffsetBegin>93</CharacterOffsetBegin>
            <CharacterOffsetEnd>94</CharacterOffsetEnd>
            <POS>-RRB-</POS>
            <NER>O</NER>
            <Speaker>PER0</Speaker>
          </token>
          <token id="23">
            <word>OFFICIAL</word>
            <lemma>official</lemma>
            <CharacterOffsetBegin>95</CharacterOffsetBegin>
            <CharacterOffsetEnd>103</CharacterOffsetEnd>
            <POS>JJ</POS>
            <NER>O</NER>
            <Speaker>PER0</Speaker>
          </token>
          <token id="24">
            <word>COMMUNIQUE</word>
            <lemma>communique</lemma>
            <CharacterOffsetBegin>104</CharacterOffsetBegin>
            <CharacterOffsetEnd>114</CharacterOffsetEnd>
            <POS>NN</POS>
            <NER>O</NER>
            <Speaker>PER0</Speaker>
          </token>
          <token id="25">
            <word>NUMBER</word>
            <lemma>number</lemma>
            <CharacterOffsetBegin>115</CharacterOffsetBegin>
            <CharacterOffsetEnd>121</CharacterOffsetEnd>
            <POS>NN</POS>
            <NER>O</NER>
            <Speaker>PER0</Speaker>
          </token>
          <token id="26">
            <word>040</word>
            <lemma>040</lemma>
            <CharacterOffsetBegin>122</CharacterOffsetBegin>
            <CharacterOffsetEnd>125</CharacterOffsetEnd>
            <POS>CD</POS>
            <NER>NUMBER</NER>
            <NormalizedNER>40.0</NormalizedNER>
            <Speaker>PER0</Speaker>
          </token>
          <token id="27">
            <word>.</word>
            <lemma>.</lemma>
            <CharacterOffsetBegin>125</CharacterOffsetBegin>
            <CharacterOffsetEnd>126</CharacterOffsetEnd>
            <POS>.</POS>
            <NER>O</NER>
            <Speaker>PER0</Speaker>
          </token>
        </tokens>
        <parse>(ROOT (NP (NP (NP (NNP LIMA)) (, ,) (NP (NP (CD 3) (NN JUN)) (NP (NP (CD 89)) (PRN (-LRB- -LRB-) (NP (NN TELEVISION) (NN PERUANA)) (-RRB- -RRB-))))) (: --) (NP (NP (-LRB- -LSB-) (NN COMMUNIQUE)) (PP (-RRB- -RSB-) (NP (-LRB- -LSB-) (NNP LIMA) (NNP NATIONAL) (NNP SECURITY) (NN COMMAND)))) (-RRB- -RSB-) (NP (NP (NP (-LRB- -LSB-) (NN TEXT) (-RRB- -RSB-)) (JJ OFFICIAL) (NN COMMUNIQUE) (NN NUMBER)) (NP (CD 040))) (. .))) </parse>
        <dependencies type="basic-dependencies">
          <dep type="root">
            <governor idx="0">ROOT</governor>
            <dependent idx="1">LIMA</dependent>
          </dep>
          <dep type="nummod">
            <governor idx="4">JUN</governor>
            <dependent idx="3">3</dependent>
          </dep>
          <dep type="appos">
            <governor idx="1">LIMA</governor>
            <dependent idx="4">JUN</dependent>
          </dep>
          <dep type="dep">
            <governor idx="4">JUN</governor>
            <dependent idx="5">89</dependent>
          </dep>
          <dep type="compound">
            <governor idx="8">PERUANA</governor>
            <dependent idx="7">TELEVISION</dependent>
          </dep>
          <dep type="appos">
            <governor idx="5">89</governor>
            <dependent idx="8">PERUANA</dependent>
          </dep>
          <dep type="dep">
            <governor idx="1">LIMA</governor>
            <dependent idx="12">COMMUNIQUE</dependent>
          </dep>
          <dep type="compound">
            <governor idx="18">COMMAND</governor>
            <dependent idx="15">LIMA</dependent>
          </dep>
          <dep type="compound">
            <governor idx="18">COMMAND</governor>
            <dependent idx="16">NATIONAL</dependent>
          </dep>
          <dep type="compound">
            <governor idx="18">COMMAND</governor>
            <dependent idx="17">SECURITY</dependent>
          </dep>
          <dep type="nmod">
            <governor idx="12">COMMUNIQUE</governor>
            <dependent idx="18">COMMAND</dependent>
          </dep>
          <dep type="compound">
            <governor idx="25">NUMBER</governor>
            <dependent idx="21">TEXT</dependent>
          </dep>
          <dep type="amod">
            <governor idx="25">NUMBER</governor>
            <dependent idx="23">OFFICIAL</dependent>
          </dep>
          <dep type="compound">
            <governor idx="25">NUMBER</governor>
            <dependent idx="24">COMMUNIQUE</dependent>
          </dep>
          <dep type="dep">
            <governor idx="1">LIMA</governor>
            <dependent idx="25">NUMBER</dependent>
          </dep>
          <dep type="dep">
            <governor idx="25">NUMBER</governor>
            <dependent idx="26">040</dependent>
          </dep>
        </dependencies>
        <dependencies type="collapsed-dependencies">
          <dep type="root">
            <governor idx="0">ROOT</governor>
            <dependent idx="1">LIMA</dependent>
          </dep>
          <dep type="nummod">
            <governor idx="4">JUN</governor>
            <dependent idx="3">3</dependent>
          </dep>
          <dep type="appos">
            <governor idx="1">LIMA</governor>
            <dependent idx="4">JUN</dependent>
          </dep>
          <dep type="dep">
            <governor idx="4">JUN</governor>
            <dependent idx="5">89</dependent>
          </dep>
          <dep type="compound">
            <governor idx="8">PERUANA</governor>
            <dependent idx="7">TELEVISION</dependent>
          </dep>
          <dep type="appos">
            <governor idx="5">89</governor>
            <dependent idx="8">PERUANA</dependent>
          </dep>
          <dep type="dep">
            <governor idx="1">LIMA</governor>
            <dependent idx="12">COMMUNIQUE</dependent>
          </dep>
          <dep type="compound">
            <governor idx="18">COMMAND</governor>
            <dependent idx="15">LIMA</dependent>
          </dep>
          <dep type="compound">
            <governor idx="18">COMMAND</governor>
            <dependent idx="16">NATIONAL</dependent>
          </dep>
          <dep type="compound">
            <governor idx="18">COMMAND</governor>
            <dependent idx="17">SECURITY</dependent>
          </dep>
          <dep type="nmod">
            <governor idx="12">COMMUNIQUE</governor>
            <dependent idx="18">COMMAND</dependent>
          </dep>
          <dep type="compound">
            <governor idx="25">NUMBER</governor>
            <dependent idx="21">TEXT</dependent>
          </dep>
          <dep type="amod">
            <governor idx="25">NUMBER</governor>
            <dependent idx="23">OFFICIAL</dependent>
          </dep>
          <dep type="compound">
            <governor idx="25">NUMBER</governor>
            <dependent idx="24">COMMUNIQUE</dependent>
          </dep>
          <dep type="dep">
            <governor idx="1">LIMA</governor>
            <dependent idx="25">NUMBER</dependent>
          </dep>
          <dep type="dep">
            <governor idx="25">NUMBER</governor>
            <dependent idx="26">040</dependent>
          </dep>
        </dependencies>
        <dependencies type="collapsed-ccprocessed-dependencies">
          <dep type="root">
            <governor idx="0">ROOT</governor>
            <dependent idx="1">LIMA</dependent>
          </dep>
          <dep type="nummod">
            <governor idx="4">JUN</governor>
            <dependent idx="3">3</dependent>
          </dep>
          <dep type="appos">
            <governor idx="1">LIMA</governor>
            <dependent idx="4">JUN</dependent>
          </dep>
          <dep type="dep">
            <governor idx="4">JUN</governor>
            <dependent idx="5">89</dependent>
          </dep>
          <dep type="compound">
            <governor idx="8">PERUANA</governor>
            <dependent idx="7">TELEVISION</dependent>
          </dep>
          <dep type="appos">
            <governor idx="5">89</governor>
            <dependent idx="8">PERUANA</dependent>
          </dep>
          <dep type="dep">
            <governor idx="1">LIMA</governor>
            <dependent idx="12">COMMUNIQUE</dependent>
          </dep>
          <dep type="compound">
            <governor idx="18">COMMAND</governor>
            <dependent idx="15">LIMA</dependent>
          </dep>
          <dep type="compound">
            <governor idx="18">COMMAND</governor>
            <dependent idx="16">NATIONAL</dependent>
          </dep>
          <dep type="compound">
            <governor idx="18">COMMAND</governor>
            <dependent idx="17">SECURITY</dependent>
          </dep>
          <dep type="nmod">
            <governor idx="12">COMMUNIQUE</governor>
            <dependent idx="18">COMMAND</dependent>
          </dep>
          <dep type="compound">
            <governor idx="25">NUMBER</governor>
            <dependent idx="21">TEXT</dependent>
          </dep>
          <dep type="amod">
            <governor idx="25">NUMBER</governor>
            <dependent idx="23">OFFICIAL</dependent>
          </dep>
          <dep type="compound">
            <governor idx="25">NUMBER</governor>
            <dependent idx="24">COMMUNIQUE</dependent>
          </dep>
          <dep type="dep">
            <governor idx="1">LIMA</governor>
            <dependent idx="25">NUMBER</dependent>
          </dep>
          <dep type="dep">
            <governor idx="25">NUMBER</governor>
            <dependent idx="26">040</dependent>
          </dep>
        </dependencies>
      </sentence>
      <sentence id="2">
        <tokens>
          <token id="1">
            <word>1</word>
            <lemma>1</lemma>
            <CharacterOffsetBegin>131</CharacterOffsetBegin>
            <CharacterOffsetEnd>132</CharacterOffsetEnd>
            <POS>LS</POS>
            <NER>NUMBER</NER>
            <NormalizedNER>1.0</NormalizedNER>
            <Speaker>PER0</Speaker>
          </token>
          <token id="2">
            <word>.</word>
            <lemma>.</lemma>
            <CharacterOffsetBegin>132</CharacterOffsetBegin>
            <CharacterOffsetEnd>133</CharacterOffsetEnd>
            <POS>.</POS>
            <NER>O</NER>
            <Speaker>PER0</Speaker>
          </token>
        </tokens>
        <parse>(ROOT (S (VP (LS 1)) (. .))) </parse>
        <dependencies type="basic-dependencies">
          <dep type="root">
            <governor idx="0">ROOT</governor>
            <dependent idx="1">1</dependent>
          </dep>
        </dependencies>
        <dependencies type="collapsed-dependencies">
          <dep type="root">
            <governor idx="0">ROOT</governor>
            <dependent idx="1">1</dependent>
          </dep>
        </dependencies>
        <dependencies type="collapsed-ccprocessed-dependencies">
          <dep type="root">
            <governor idx="0">ROOT</governor>
            <dependent idx="1">1</dependent>
          </dep>
        </dependencies>
      </sentence>
      <sentence id="3">
        <tokens>
          <token id="1">
            <word>TODAY</word>
            <lemma>today</lemma>
            <CharacterOffsetBegin>134</CharacterOffsetBegin>
            <CharacterOffsetEnd>139</CharacterOffsetEnd>
            <POS>NN</POS>
            <NER>DATE</NER>
            <NormalizedNER>THIS P1D</NormalizedNER>
            <Speaker>PER0</Speaker>
            <Timex tid="t2" type="DATE"/>
          </token>
          <token id="2">
            <word>AT</word>
            <lemma>at</lemma>
            <CharacterOffsetBegin>140</CharacterOffsetBegin>
            <CharacterOffsetEnd>142</CharacterOffsetEnd>
            <POS>IN</POS>
            <NER>O</NER>
            <Speaker>PER0</Speaker>
          </token>
          <token id="3">
            <word>1245</word>
            <lemma>1245</lemma>
            <CharacterOffsetBegin>143</CharacterOffsetBegin>
            <CharacterOffsetEnd>147</CharacterOffsetEnd>
            <POS>CD</POS>
            <NER>DATE</NER>
            <NormalizedNER>1245</NormalizedNER>
            <Speaker>PER0</Speaker>
            <Timex tid="t3" type="DATE">1245</Timex>
          </token>
          <token id="4">
            <word>A</word>
            <lemma>a</lemma>
            <CharacterOffsetBegin>148</CharacterOffsetBegin>
            <CharacterOffsetEnd>149</CharacterOffsetEnd>
            <POS>DT</POS>
            <NER>O</NER>
            <Speaker>PER0</Speaker>
          </token>
          <token id="5">
            <word>BUS</word>
            <lemma>bus</lemma>
            <CharacterOffsetBegin>150</CharacterOffsetBegin>
            <CharacterOffsetEnd>153</CharacterOffsetEnd>
            <POS>NN</POS>
            <NER>O</NER>
            <Speaker>PER0</Speaker>
          </token>
          <token id="6">
            <word>CARRYING</word>
            <lemma>carry</lemma>
            <CharacterOffsetBegin>154</CharacterOffsetBegin>
            <CharacterOffsetEnd>162</CharacterOffsetEnd>
            <POS>VBG</POS>
            <NER>O</NER>
            <Speaker>PER0</Speaker>
          </token>
          <token id="7">
            <word>27</word>
            <lemma>27</lemma>
            <CharacterOffsetBegin>163</CharacterOffsetBegin>
            <CharacterOffsetEnd>165</CharacterOffsetEnd>
            <POS>CD</POS>
            <NER>NUMBER</NER>
            <NormalizedNER>27.0</NormalizedNER>
            <Speaker>PER0</Speaker>
          </token>
          <token id="8">
            <word>ARMY</word>
            <lemma>ARMY</lemma>
            <CharacterOffsetBegin>166</CharacterOffsetBegin>
            <CharacterOffsetEnd>170</CharacterOffsetEnd>
            <POS>NNP</POS>
            <NER>O</NER>
            <Speaker>PER0</Speaker>
          </token>
          <token id="9">
            <word>SOLDIERS</word>
            <lemma>soldier</lemma>
            <CharacterOffsetBegin>171</CharacterOffsetBegin>
            <CharacterOffsetEnd>179</CharacterOffsetEnd>
            <POS>NNS</POS>
            <NER>O</NER>
            <Speaker>PER0</Speaker>
          </token>
          <token id="10">
            <word>WAS</word>
            <lemma>be</lemma>
            <CharacterOffsetBegin>180</CharacterOffsetBegin>
            <CharacterOffsetEnd>183</CharacterOffsetEnd>
            <POS>VBD</POS>
            <NER>O</NER>
            <Speaker>PER0</Speaker>
          </token>
          <token id="11">
            <word>BOMBED</word>
            <lemma>bomb</lemma>
            <CharacterOffsetBegin>184</CharacterOffsetBegin>
            <CharacterOffsetEnd>190</CharacterOffsetEnd>
            <POS>VBN</POS>
            <NER>O</NER>
            <Speaker>PER0</Speaker>
          </token>
          <token id="12">
            <word>BY</word>
            <lemma>by</lemma>
            <CharacterOffsetBegin>191</CharacterOffsetBegin>
            <CharacterOffsetEnd>193</CharacterOffsetEnd>
            <POS>IN</POS>
            <NER>O</NER>
            <Speaker>PER0</Speaker>
          </token>
          <token id="13">
            <word>TERRORISTS</word>
            <lemma>terrorist</lemma>
            <CharacterOffsetBegin>194</CharacterOffsetBegin>
            <CharacterOffsetEnd>204</CharacterOffsetEnd>
            <POS>NNS</POS>
            <NER>O</NER>
            <Speaker>PER0</Speaker>
          </token>
          <token id="14">
            <word>NEAR</word>
            <lemma>near</lemma>
            <CharacterOffsetBegin>205</CharacterOffsetBegin>
            <CharacterOffsetEnd>209</CharacterOffsetEnd>
            <POS>IN</POS>
            <NER>O</NER>
            <Speaker>PER0</Speaker>
          </token>
          <token id="15">
            <word>THE</word>
            <lemma>the</lemma>
            <CharacterOffsetBegin>210</CharacterOffsetBegin>
            <CharacterOffsetEnd>213</CharacterOffsetEnd>
            <POS>DT</POS>
            <NER>O</NER>
            <Speaker>PER0</Speaker>
          </token>
          <token id="16">
            <word>12TH</word>
            <lemma>12th</lemma>
            <CharacterOffsetBegin>214</CharacterOffsetBegin>
            <CharacterOffsetEnd>218</CharacterOffsetEnd>
            <POS>JJ</POS>
            <NER>ORDINAL</NER>
            <NormalizedNER>12.0</NormalizedNER>
            <Speaker>PER0</Speaker>
          </token>
          <token id="17">
            <word>BLOCK</word>
            <lemma>block</lemma>
            <CharacterOffsetBegin>219</CharacterOffsetBegin>
            <CharacterOffsetEnd>224</CharacterOffsetEnd>
            <POS>NN</POS>
            <NER>O</NER>
            <Speaker>PER0</Speaker>
          </token>
          <token id="18">
            <word>OF</word>
            <lemma>of</lemma>
            <CharacterOffsetBegin>225</CharacterOffsetBegin>
            <CharacterOffsetEnd>227</CharacterOffsetEnd>
            <POS>IN</POS>
            <NER>O</NER>
            <Speaker>PER0</Speaker>
          </token>
          <token id="19">
            <word>JUNIN</word>
            <lemma>JUNIN</lemma>
            <CharacterOffsetBegin>228</CharacterOffsetBegin>
            <CharacterOffsetEnd>233</CharacterOffsetEnd>
            <POS>NNP</POS>
            <NER>LOCATION</NER>
            <Speaker>PER0</Speaker>
          </token>
          <token id="20">
            <word>STREET</word>
            <lemma>STREET</lemma>
            <CharacterOffsetBegin>234</CharacterOffsetBegin>
            <CharacterOffsetEnd>240</CharacterOffsetEnd>
            <POS>NNP</POS>
            <NER>LOCATION</NER>
            <Speaker>PER0</Speaker>
          </token>
          <token id="21">
            <word>.</word>
            <lemma>.</lemma>
            <CharacterOffsetBegin>240</CharacterOffsetBegin>
            <CharacterOffsetEnd>241</CharacterOffsetEnd>
            <POS>.</POS>
            <NER>O</NER>
            <Speaker>PER0</Speaker>
          </token>
        </tokens>
        <parse>(ROOT (S (NP-TMP (NN TODAY)) (NP (NP (QP (IN AT) (CD 1245)) (DT A) (NN BUS)) (VP (VBG CARRYING) (NP (CD 27) (NNP ARMY) (NNS SOLDIERS)))) (VP (VBD WAS) (VP (VBN BOMBED) (PP (IN BY) (NP (NP (NNS TERRORISTS)) (PP (IN NEAR) (NP (NP (DT THE) (JJ 12TH) (NN BLOCK)) (PP (IN OF) (NP (NNP JUNIN) (NNP STREET))))))))) (. .))) </parse>
        <dependencies type="basic-dependencies">
          <dep type="root">
            <governor idx="0">ROOT</governor>
            <dependent idx="11">BOMBED</dependent>
          </dep>
          <dep type="nmod:tmod">
            <governor idx="11">BOMBED</governor>
            <dependent idx="1">TODAY</dependent>
          </dep>
          <dep type="advmod">
            <governor idx="3">1245</governor>
            <dependent idx="2">AT</dependent>
          </dep>
          <dep type="nummod">
            <governor idx="5">BUS</governor>
            <dependent idx="3">1245</dependent>
          </dep>
          <dep type="det">
            <governor idx="5">BUS</governor>
            <dependent idx="4">A</dependent>
          </dep>
          <dep type="nsubjpass">
            <governor idx="11">BOMBED</governor>
            <dependent idx="5">BUS</dependent>
          </dep>
          <dep type="acl">
            <governor idx="5">BUS</governor>
            <dependent idx="6">CARRYING</dependent>
          </dep>
          <dep type="nummod">
            <governor idx="9">SOLDIERS</governor>
            <dependent idx="7">27</dependent>
          </dep>
          <dep type="compound">
            <governor idx="9">SOLDIERS</governor>
            <dependent idx="8">ARMY</dependent>
          </dep>
          <dep type="dobj">
            <governor idx="6">CARRYING</governor>
            <dependent idx="9">SOLDIERS</dependent>
          </dep>
          <dep type="auxpass">
            <governor idx="11">BOMBED</governor>
            <dependent idx="10">WAS</dependent>
          </dep>
          <dep type="case">
            <governor idx="13">TERRORISTS</governor>
            <dependent idx="12">BY</dependent>
          </dep>
          <dep type="nmod">
            <governor idx="11">BOMBED</governor>
            <dependent idx="13">TERRORISTS</dependent>
          </dep>
          <dep type="case">
            <governor idx="17">BLOCK</governor>
            <dependent idx="14">NEAR</dependent>
          </dep>
          <dep type="det">
            <governor idx="17">BLOCK</governor>
            <dependent idx="15">THE</dependent>
          </dep>
          <dep type="amod">
            <governor idx="17">BLOCK</governor>
            <dependent idx="16">12TH</dependent>
          </dep>
          <dep type="nmod">
            <governor idx="13">TERRORISTS</governor>
            <dependent idx="17">BLOCK</dependent>
          </dep>
          <dep type="case">
            <governor idx="20">STREET</governor>
            <dependent idx="18">OF</dependent>
          </dep>
          <dep type="compound">
            <governor idx="20">STREET</governor>
            <dependent idx="19">JUNIN</dependent>
          </dep>
          <dep type="nmod">
            <governor idx="17">BLOCK</governor>
            <dependent idx="20">STREET</dependent>
          </dep>
        </dependencies>
        <dependencies type="collapsed-dependencies">
          <dep type="root">
            <governor idx="0">ROOT</governor>
            <dependent idx="11">BOMBED</dependent>
          </dep>
          <dep type="nmod:tmod">
            <governor idx="11">BOMBED</governor>
            <dependent idx="1">TODAY</dependent>
          </dep>
          <dep type="advmod">
            <governor idx="3">1245</governor>
            <dependent idx="2">AT</dependent>
          </dep>
          <dep type="nummod">
            <governor idx="5">BUS</governor>
            <dependent idx="3">1245</dependent>
          </dep>
          <dep type="det">
            <governor idx="5">BUS</governor>
            <dependent idx="4">A</dependent>
          </dep>
          <dep type="nsubjpass">
            <governor idx="11">BOMBED</governor>
            <dependent idx="5">BUS</dependent>
          </dep>
          <dep type="acl">
            <governor idx="5">BUS</governor>
            <dependent idx="6">CARRYING</dependent>
          </dep>
          <dep type="nummod">
            <governor idx="9">SOLDIERS</governor>
            <dependent idx="7">27</dependent>
          </dep>
          <dep type="compound">
            <governor idx="9">SOLDIERS</governor>
            <dependent idx="8">ARMY</dependent>
          </dep>
          <dep type="dobj">
            <governor idx="6">CARRYING</governor>
            <dependent idx="9">SOLDIERS</dependent>
          </dep>
          <dep type="auxpass">
            <governor idx="11">BOMBED</governor>
            <dependent idx="10">WAS</dependent>
          </dep>
          <dep type="case">
            <governor idx="13">TERRORISTS</governor>
            <dependent idx="12">BY</dependent>
          </dep>
          <dep type="nmod:agent">
            <governor idx="11">BOMBED</governor>
            <dependent idx="13">TERRORISTS</dependent>
          </dep>
          <dep type="case">
            <governor idx="17">BLOCK</governor>
            <dependent idx="14">NEAR</dependent>
          </dep>
          <dep type="det">
            <governor idx="17">BLOCK</governor>
            <dependent idx="15">THE</dependent>
          </dep>
          <dep type="amod">
            <governor idx="17">BLOCK</governor>
            <dependent idx="16">12TH</dependent>
          </dep>
          <dep type="nmod:near">
            <governor idx="13">TERRORISTS</governor>
            <dependent idx="17">BLOCK</dependent>
          </dep>
          <dep type="case">
            <governor idx="20">STREET</governor>
            <dependent idx="18">OF</dependent>
          </dep>
          <dep type="compound">
            <governor idx="20">STREET</governor>
            <dependent idx="19">JUNIN</dependent>
          </dep>
          <dep type="nmod:of">
            <governor idx="17">BLOCK</governor>
            <dependent idx="20">STREET</dependent>
          </dep>
        </dependencies>
        <dependencies type="collapsed-ccprocessed-dependencies">
          <dep type="root">
            <governor idx="0">ROOT</governor>
            <dependent idx="11">BOMBED</dependent>
          </dep>
          <dep type="nmod:tmod">
            <governor idx="11">BOMBED</governor>
            <dependent idx="1">TODAY</dependent>
          </dep>
          <dep type="advmod">
            <governor idx="3">1245</governor>
            <dependent idx="2">AT</dependent>
          </dep>
          <dep type="nummod">
            <governor idx="5">BUS</governor>
            <dependent idx="3">1245</dependent>
          </dep>
          <dep type="det">
            <governor idx="5">BUS</governor>
            <dependent idx="4">A</dependent>
          </dep>
          <dep type="nsubjpass">
            <governor idx="11">BOMBED</governor>
            <dependent idx="5">BUS</dependent>
          </dep>
          <dep type="acl">
            <governor idx="5">BUS</governor>
            <dependent idx="6">CARRYING</dependent>
          </dep>
          <dep type="nummod">
            <governor idx="9">SOLDIERS</governor>
            <dependent idx="7">27</dependent>
          </dep>
          <dep type="compound">
            <governor idx="9">SOLDIERS</governor>
            <dependent idx="8">ARMY</dependent>
          </dep>
          <dep type="dobj">
            <governor idx="6">CARRYING</governor>
            <dependent idx="9">SOLDIERS</dependent>
          </dep>
          <dep type="auxpass">
            <governor idx="11">BOMBED</governor>
            <dependent idx="10">WAS</dependent>
          </dep>
          <dep type="case">
            <governor idx="13">TERRORISTS</governor>
            <dependent idx="12">BY</dependent>
          </dep>
          <dep type="nmod:agent">
            <governor idx="11">BOMBED</governor>
            <dependent idx="13">TERRORISTS</dependent>
          </dep>
          <dep type="case">
            <governor idx="17">BLOCK</governor>
            <dependent idx="14">NEAR</dependent>
          </dep>
          <dep type="det">
            <governor idx="17">BLOCK</governor>
            <dependent idx="15">THE</dependent>
          </dep>
          <dep type="amod">
            <governor idx="17">BLOCK</governor>
            <dependent idx="16">12TH</dependent>
          </dep>
          <dep type="nmod:near">
            <governor idx="13">TERRORISTS</governor>
            <dependent idx="17">BLOCK</dependent>
          </dep>
          <dep type="case">
            <governor idx="20">STREET</governor>
            <dependent idx="18">OF</dependent>
          </dep>
          <dep type="compound">
            <governor idx="20">STREET</governor>
            <dependent idx="19">JUNIN</dependent>
          </dep>
          <dep type="nmod:of">
            <governor idx="17">BLOCK</governor>
            <dependent idx="20">STREET</dependent>
          </dep>
        </dependencies>
      </sentence>
      <sentence id="4">
        <tokens>
          <token id="1">
            <word>2</word>
            <lemma>2</lemma>
            <CharacterOffsetBegin>248</CharacterOffsetBegin>
            <CharacterOffsetEnd>249</CharacterOffsetEnd>
            <POS>LS</POS>
            <NER>NUMBER</NER>
            <NormalizedNER>2.0</NormalizedNER>
            <Speaker>PER0</Speaker>
          </token>
          <token id="2">
            <word>.</word>
            <lemma>.</lemma>
            <CharacterOffsetBegin>249</CharacterOffsetBegin>
            <CharacterOffsetEnd>250</CharacterOffsetEnd>
            <POS>.</POS>
            <NER>O</NER>
            <Speaker>PER0</Speaker>
          </token>
        </tokens>
        <parse>(ROOT (S (VP (LS 2)) (. .))) </parse>
        <dependencies type="basic-dependencies">
          <dep type="root">
            <governor idx="0">ROOT</governor>
            <dependent idx="1">2</dependent>
          </dep>
        </dependencies>
        <dependencies type="collapsed-dependencies">
          <dep type="root">
            <governor idx="0">ROOT</governor>
            <dependent idx="1">2</dependent>
          </dep>
        </dependencies>
        <dependencies type="collapsed-ccprocessed-dependencies">
          <dep type="root">
            <governor idx="0">ROOT</governor>
            <dependent idx="1">2</dependent>
          </dep>
        </dependencies>
      </sentence>
      <sentence id="5">
        <tokens>
          <token id="1">
            <word>AS</word>
            <lemma>as</lemma>
            <CharacterOffsetBegin>251</CharacterOffsetBegin>
            <CharacterOffsetEnd>253</CharacterOffsetEnd>
            <POS>IN</POS>
            <NER>O</NER>
            <Speaker>PER0</Speaker>
          </token>
          <token id="2">
            <word>A</word>
            <lemma>a</lemma>
            <CharacterOffsetBegin>254</CharacterOffsetBegin>
            <CharacterOffsetEnd>255</CharacterOffsetEnd>
            <POS>DT</POS>
            <NER>O</NER>
            <Speaker>PER0</Speaker>
          </token>
          <token id="3">
            <word>RESULT</word>
            <lemma>result</lemma>
            <CharacterOffsetBegin>256</CharacterOffsetBegin>
            <CharacterOffsetEnd>262</CharacterOffsetEnd>
            <POS>NN</POS>
            <NER>O</NER>
            <Speaker>PER0</Speaker>
          </token>
          <token id="4">
            <word>OF</word>
            <lemma>of</lemma>
            <CharacterOffsetBegin>263</CharacterOffsetBegin>
            <CharacterOffsetEnd>265</CharacterOffsetEnd>
            <POS>IN</POS>
            <NER>O</NER>
            <Speaker>PER0</Speaker>
          </token>
          <token id="5">
            <word>THE</word>
            <lemma>the</lemma>
            <CharacterOffsetBegin>266</CharacterOffsetBegin>
            <CharacterOffsetEnd>269</CharacterOffsetEnd>
            <POS>DT</POS>
            <NER>O</NER>
            <Speaker>PER0</Speaker>
          </token>
          <token id="6">
            <word>ATTACK</word>
            <lemma>attack</lemma>
            <CharacterOffsetBegin>270</CharacterOffsetBegin>
            <CharacterOffsetEnd>276</CharacterOffsetEnd>
            <POS>NN</POS>
            <NER>O</NER>
            <Speaker>PER0</Speaker>
          </token>
          <token id="7">
            <word>5</word>
            <lemma>5</lemma>
            <CharacterOffsetBegin>277</CharacterOffsetBegin>
            <CharacterOffsetEnd>278</CharacterOffsetEnd>
            <POS>CD</POS>
            <NER>NUMBER</NER>
            <NormalizedNER>5.0</NormalizedNER>
            <Speaker>PER0</Speaker>
          </token>
          <token id="8">
            <word>SOLDIERS</word>
            <lemma>soldier</lemma>
            <CharacterOffsetBegin>279</CharacterOffsetBegin>
            <CharacterOffsetEnd>287</CharacterOffsetEnd>
            <POS>NNS</POS>
            <NER>O</NER>
            <Speaker>PER0</Speaker>
          </token>
          <token id="9">
            <word>WERE</word>
            <lemma>be</lemma>
            <CharacterOffsetBegin>288</CharacterOffsetBegin>
            <CharacterOffsetEnd>292</CharacterOffsetEnd>
            <POS>VBD</POS>
            <NER>O</NER>
            <Speaker>PER0</Speaker>
          </token>
          <token id="10">
            <word>KILLED</word>
            <lemma>kill</lemma>
            <CharacterOffsetBegin>293</CharacterOffsetBegin>
            <CharacterOffsetEnd>299</CharacterOffsetEnd>
            <POS>VBN</POS>
            <NER>O</NER>
            <Speaker>PER0</Speaker>
          </token>
          <token id="11">
            <word>,</word>
            <lemma>,</lemma>
            <CharacterOffsetBegin>299</CharacterOffsetBegin>
            <CharacterOffsetEnd>300</CharacterOffsetEnd>
            <POS>,</POS>
            <NER>O</NER>
            <Speaker>PER0</Speaker>
          </token>
          <token id="12">
            <word>WHILE</word>
            <lemma>while</lemma>
            <CharacterOffsetBegin>301</CharacterOffsetBegin>
            <CharacterOffsetEnd>306</CharacterOffsetEnd>
            <POS>IN</POS>
            <NER>O</NER>
            <Speaker>PER0</Speaker>
          </token>
          <token id="13">
            <word>1</word>
            <lemma>1</lemma>
            <CharacterOffsetBegin>307</CharacterOffsetBegin>
            <CharacterOffsetEnd>308</CharacterOffsetEnd>
            <POS>CD</POS>
            <NER>NUMBER</NER>
            <NormalizedNER>1.0</NormalizedNER>
            <Speaker>PER0</Speaker>
          </token>
          <token id="14">
            <word>OFFICER</word>
            <lemma>officer</lemma>
            <CharacterOffsetBegin>309</CharacterOffsetBegin>
            <CharacterOffsetEnd>316</CharacterOffsetEnd>
            <POS>NN</POS>
            <NER>O</NER>
            <Speaker>PER0</Speaker>
          </token>
          <token id="15">
            <word>AND</word>
            <lemma>and</lemma>
            <CharacterOffsetBegin>317</CharacterOffsetBegin>
            <CharacterOffsetEnd>320</CharacterOffsetEnd>
            <POS>CC</POS>
            <NER>O</NER>
            <Speaker>PER0</Speaker>
          </token>
          <token id="16">
            <word>14</word>
            <lemma>14</lemma>
            <CharacterOffsetBegin>321</CharacterOffsetBegin>
            <CharacterOffsetEnd>323</CharacterOffsetEnd>
            <POS>CD</POS>
            <NER>NUMBER</NER>
            <NormalizedNER>14.0</NormalizedNER>
            <Speaker>PER0</Speaker>
          </token>
          <token id="17">
            <word>SOLDIERS</word>
            <lemma>soldier</lemma>
            <CharacterOffsetBegin>324</CharacterOffsetBegin>
            <CharacterOffsetEnd>332</CharacterOffsetEnd>
            <POS>NNS</POS>
            <NER>O</NER>
            <Speaker>PER0</Speaker>
          </token>
          <token id="18">
            <word>WERE</word>
            <lemma>be</lemma>
            <CharacterOffsetBegin>333</CharacterOffsetBegin>
            <CharacterOffsetEnd>337</CharacterOffsetEnd>
            <POS>VBD</POS>
            <NER>O</NER>
            <Speaker>PER0</Speaker>
          </token>
          <token id="19">
            <word>WOUNDED</word>
            <lemma>wound</lemma>
            <CharacterOffsetBegin>338</CharacterOffsetBegin>
            <CharacterOffsetEnd>345</CharacterOffsetEnd>
            <POS>VBN</POS>
            <NER>O</NER>
            <Speaker>PER0</Speaker>
          </token>
          <token id="20">
            <word>.</word>
            <lemma>.</lemma>
            <CharacterOffsetBegin>345</CharacterOffsetBegin>
            <CharacterOffsetEnd>346</CharacterOffsetEnd>
            <POS>.</POS>
            <NER>O</NER>
            <Speaker>PER0</Speaker>
          </token>
        </tokens>
        <parse>(ROOT (S (PP (IN AS) (NP (NP (DT A) (NN RESULT)) (PP (IN OF) (NP (DT THE) (NN ATTACK))))) (NP (CD 5) (NNS SOLDIERS)) (VP (VBD WERE) (VP (VBN KILLED) (, ,) (SBAR (IN WHILE) (S (NP (NP (CD 1) (NN OFFICER)) (CC AND) (NP (CD 14) (NNS SOLDIERS))) (VP (VBD WERE) (VP (VBN WOUNDED))))))) (. .))) </parse>
        <dependencies type="basic-dependencies">
          <dep type="root">
            <governor idx="0">ROOT</governor>
            <dependent idx="10">KILLED</dependent>
          </dep>
          <dep type="case">
            <governor idx="3">RESULT</governor>
            <dependent idx="1">AS</dependent>
          </dep>
          <dep type="det">
            <governor idx="3">RESULT</governor>
            <dependent idx="2">A</dependent>
          </dep>
          <dep type="nmod">
            <governor idx="10">KILLED</governor>
            <dependent idx="3">RESULT</dependent>
          </dep>
          <dep type="case">
            <governor idx="6">ATTACK</governor>
            <dependent idx="4">OF</dependent>
          </dep>
          <dep type="det">
            <governor idx="6">ATTACK</governor>
            <dependent idx="5">THE</dependent>
          </dep>
          <dep type="nmod">
            <governor idx="3">RESULT</governor>
            <dependent idx="6">ATTACK</dependent>
          </dep>
          <dep type="nummod">
            <governor idx="8">SOLDIERS</governor>
            <dependent idx="7">5</dependent>
          </dep>
          <dep type="nsubjpass">
            <governor idx="10">KILLED</governor>
            <dependent idx="8">SOLDIERS</dependent>
          </dep>
          <dep type="auxpass">
            <governor idx="10">KILLED</governor>
            <dependent idx="9">WERE</dependent>
          </dep>
          <dep type="mark">
            <governor idx="19">WOUNDED</governor>
            <dependent idx="12">WHILE</dependent>
          </dep>
          <dep type="nummod">
            <governor idx="14">OFFICER</governor>
            <dependent idx="13">1</dependent>
          </dep>
          <dep type="nsubjpass">
            <governor idx="19">WOUNDED</governor>
            <dependent idx="14">OFFICER</dependent>
          </dep>
          <dep type="cc">
            <governor idx="14">OFFICER</governor>
            <dependent idx="15">AND</dependent>
          </dep>
          <dep type="nummod">
            <governor idx="17">SOLDIERS</governor>
            <dependent idx="16">14</dependent>
          </dep>
          <dep type="conj">
            <governor idx="14">OFFICER</governor>
            <dependent idx="17">SOLDIERS</dependent>
          </dep>
          <dep type="auxpass">
            <governor idx="19">WOUNDED</governor>
            <dependent idx="18">WERE</dependent>
          </dep>
          <dep type="advcl">
            <governor idx="10">KILLED</governor>
            <dependent idx="19">WOUNDED</dependent>
          </dep>
        </dependencies>
        <dependencies type="collapsed-dependencies">
          <dep type="root">
            <governor idx="0">ROOT</governor>
            <dependent idx="10">KILLED</dependent>
          </dep>
          <dep type="case">
            <governor idx="3">RESULT</governor>
            <dependent idx="1">AS</dependent>
          </dep>
          <dep type="det">
            <governor idx="3">RESULT</governor>
            <dependent idx="2">A</dependent>
          </dep>
          <dep type="nmod:as">
            <governor idx="10">KILLED</governor>
            <dependent idx="3">RESULT</dependent>
          </dep>
          <dep type="case">
            <governor idx="6">ATTACK</governor>
            <dependent idx="4">OF</dependent>
          </dep>
          <dep type="det">
            <governor idx="6">ATTACK</governor>
            <dependent idx="5">THE</dependent>
          </dep>
          <dep type="nmod:of">
            <governor idx="3">RESULT</governor>
            <dependent idx="6">ATTACK</dependent>
          </dep>
          <dep type="nummod">
            <governor idx="8">SOLDIERS</governor>
            <dependent idx="7">5</dependent>
          </dep>
          <dep type="nsubjpass">
            <governor idx="10">KILLED</governor>
            <dependent idx="8">SOLDIERS</dependent>
          </dep>
          <dep type="auxpass">
            <governor idx="10">KILLED</governor>
            <dependent idx="9">WERE</dependent>
          </dep>
          <dep type="mark">
            <governor idx="19">WOUNDED</governor>
            <dependent idx="12">WHILE</dependent>
          </dep>
          <dep type="nummod">
            <governor idx="14">OFFICER</governor>
            <dependent idx="13">1</dependent>
          </dep>
          <dep type="nsubjpass">
            <governor idx="19">WOUNDED</governor>
            <dependent idx="14">OFFICER</dependent>
          </dep>
          <dep type="cc">
            <governor idx="14">OFFICER</governor>
            <dependent idx="15">AND</dependent>
          </dep>
          <dep type="nummod">
            <governor idx="17">SOLDIERS</governor>
            <dependent idx="16">14</dependent>
          </dep>
          <dep type="conj:and">
            <governor idx="14">OFFICER</governor>
            <dependent idx="17">SOLDIERS</dependent>
          </dep>
          <dep type="auxpass">
            <governor idx="19">WOUNDED</governor>
            <dependent idx="18">WERE</dependent>
          </dep>
          <dep type="advcl">
            <governor idx="10">KILLED</governor>
            <dependent idx="19">WOUNDED</dependent>
          </dep>
        </dependencies>
        <dependencies type="collapsed-ccprocessed-dependencies">
          <dep type="root">
            <governor idx="0">ROOT</governor>
            <dependent idx="10">KILLED</dependent>
          </dep>
          <dep type="case">
            <governor idx="3">RESULT</governor>
            <dependent idx="1">AS</dependent>
          </dep>
          <dep type="det">
            <governor idx="3">RESULT</governor>
            <dependent idx="2">A</dependent>
          </dep>
          <dep type="nmod:as">
            <governor idx="10">KILLED</governor>
            <dependent idx="3">RESULT</dependent>
          </dep>
          <dep type="case">
            <governor idx="6">ATTACK</governor>
            <dependent idx="4">OF</dependent>
          </dep>
          <dep type="det">
            <governor idx="6">ATTACK</governor>
            <dependent idx="5">THE</dependent>
          </dep>
          <dep type="nmod:of">
            <governor idx="3">RESULT</governor>
            <dependent idx="6">ATTACK</dependent>
          </dep>
          <dep type="nummod">
            <governor idx="8">SOLDIERS</governor>
            <dependent idx="7">5</dependent>
          </dep>
          <dep type="nsubjpass">
            <governor idx="10">KILLED</governor>
            <dependent idx="8">SOLDIERS</dependent>
          </dep>
          <dep type="auxpass">
            <governor idx="10">KILLED</governor>
            <dependent idx="9">WERE</dependent>
          </dep>
          <dep type="mark">
            <governor idx="19">WOUNDED</governor>
            <dependent idx="12">WHILE</dependent>
          </dep>
          <dep type="nummod">
            <governor idx="14">OFFICER</governor>
            <dependent idx="13">1</dependent>
          </dep>
          <dep type="nsubjpass">
            <governor idx="19">WOUNDED</governor>
            <dependent idx="14">OFFICER</dependent>
          </dep>
          <dep type="cc">
            <governor idx="14">OFFICER</governor>
            <dependent idx="15">AND</dependent>
          </dep>
          <dep type="nummod">
            <governor idx="17">SOLDIERS</governor>
            <dependent idx="16">14</dependent>
          </dep>
          <dep type="conj:and">
            <governor idx="14">OFFICER</governor>
            <dependent idx="17">SOLDIERS</dependent>
          </dep>
          <dep type="nsubjpass" extra="true">
            <governor idx="19">WOUNDED</governor>
            <dependent idx="17">SOLDIERS</dependent>
          </dep>
          <dep type="auxpass">
            <governor idx="19">WOUNDED</governor>
            <dependent idx="18">WERE</dependent>
          </dep>
          <dep type="advcl">
            <governor idx="10">KILLED</governor>
            <dependent idx="19">WOUNDED</dependent>
          </dep>
        </dependencies>
      </sentence>
      <sentence id="6">
        <tokens>
          <token id="1">
            <word>THE</word>
            <lemma>the</lemma>
            <CharacterOffsetBegin>348</CharacterOffsetBegin>
            <CharacterOffsetEnd>351</CharacterOffsetEnd>
            <POS>DT</POS>
            <NER>O</NER>
            <Speaker>PER0</Speaker>
          </token>
          <token id="2">
            <word>OTHER</word>
            <lemma>other</lemma>
            <CharacterOffsetBegin>352</CharacterOffsetBegin>
            <CharacterOffsetEnd>357</CharacterOffsetEnd>
            <POS>JJ</POS>
            <NER>O</NER>
            <Speaker>PER0</Speaker>
          </token>
          <token id="3">
            <word>SOLDIERS</word>
            <lemma>soldier</lemma>
            <CharacterOffsetBegin>358</CharacterOffsetBegin>
            <CharacterOffsetEnd>366</CharacterOffsetEnd>
            <POS>NNS</POS>
            <NER>O</NER>
            <Speaker>PER0</Speaker>
          </token>
          <token id="4">
            <word>RECEIVED</word>
            <lemma>receive</lemma>
            <CharacterOffsetBegin>367</CharacterOffsetBegin>
            <CharacterOffsetEnd>375</CharacterOffsetEnd>
            <POS>VBD</POS>
            <NER>O</NER>
            <Speaker>PER0</Speaker>
          </token>
          <token id="5">
            <word>MINOR</word>
            <lemma>minor</lemma>
            <CharacterOffsetBegin>376</CharacterOffsetBegin>
            <CharacterOffsetEnd>381</CharacterOffsetEnd>
            <POS>JJ</POS>
            <NER>O</NER>
            <Speaker>PER0</Speaker>
          </token>
          <token id="6">
            <word>BRUISES</word>
            <lemma>bruise</lemma>
            <CharacterOffsetBegin>382</CharacterOffsetBegin>
            <CharacterOffsetEnd>389</CharacterOffsetEnd>
            <POS>NNS</POS>
            <NER>O</NER>
            <Speaker>PER0</Speaker>
          </token>
          <token id="7">
            <word>.</word>
            <lemma>.</lemma>
            <CharacterOffsetBegin>389</CharacterOffsetBegin>
            <CharacterOffsetEnd>390</CharacterOffsetEnd>
            <POS>.</POS>
            <NER>O</NER>
            <Speaker>PER0</Speaker>
          </token>
        </tokens>
        <parse>(ROOT (S (NP (DT THE) (JJ OTHER) (NNS SOLDIERS)) (VP (VBD RECEIVED) (NP (JJ MINOR) (NX (NNS BRUISES)))) (. .))) </parse>
        <dependencies type="basic-dependencies">
          <dep type="root">
            <governor idx="0">ROOT</governor>
            <dependent idx="4">RECEIVED</dependent>
          </dep>
          <dep type="det">
            <governor idx="3">SOLDIERS</governor>
            <dependent idx="1">THE</dependent>
          </dep>
          <dep type="amod">
            <governor idx="3">SOLDIERS</governor>
            <dependent idx="2">OTHER</dependent>
          </dep>
          <dep type="nsubj">
            <governor idx="4">RECEIVED</governor>
            <dependent idx="3">SOLDIERS</dependent>
          </dep>
          <dep type="amod">
            <governor idx="6">BRUISES</governor>
            <dependent idx="5">MINOR</dependent>
          </dep>
          <dep type="dobj">
            <governor idx="4">RECEIVED</governor>
            <dependent idx="6">BRUISES</dependent>
          </dep>
        </dependencies>
        <dependencies type="collapsed-dependencies">
          <dep type="root">
            <governor idx="0">ROOT</governor>
            <dependent idx="4">RECEIVED</dependent>
          </dep>
          <dep type="det">
            <governor idx="3">SOLDIERS</governor>
            <dependent idx="1">THE</dependent>
          </dep>
          <dep type="amod">
            <governor idx="3">SOLDIERS</governor>
            <dependent idx="2">OTHER</dependent>
          </dep>
          <dep type="nsubj">
            <governor idx="4">RECEIVED</governor>
            <dependent idx="3">SOLDIERS</dependent>
          </dep>
          <dep type="amod">
            <governor idx="6">BRUISES</governor>
            <dependent idx="5">MINOR</dependent>
          </dep>
          <dep type="dobj">
            <governor idx="4">RECEIVED</governor>
            <dependent idx="6">BRUISES</dependent>
          </dep>
        </dependencies>
        <dependencies type="collapsed-ccprocessed-dependencies">
          <dep type="root">
            <governor idx="0">ROOT</governor>
            <dependent idx="4">RECEIVED</dependent>
          </dep>
          <dep type="det">
            <governor idx="3">SOLDIERS</governor>
            <dependent idx="1">THE</dependent>
          </dep>
          <dep type="amod">
            <governor idx="3">SOLDIERS</governor>
            <dependent idx="2">OTHER</dependent>
          </dep>
          <dep type="nsubj">
            <governor idx="4">RECEIVED</governor>
            <dependent idx="3">SOLDIERS</dependent>
          </dep>
          <dep type="amod">
            <governor idx="6">BRUISES</governor>
            <dependent idx="5">MINOR</dependent>
          </dep>
          <dep type="dobj">
            <governor idx="4">RECEIVED</governor>
            <dependent idx="6">BRUISES</dependent>
          </dep>
        </dependencies>
      </sentence>
      <sentence id="7">
        <tokens>
          <token id="1">
            <word>3</word>
            <lemma>3</lemma>
            <CharacterOffsetBegin>395</CharacterOffsetBegin>
            <CharacterOffsetEnd>396</CharacterOffsetEnd>
            <POS>LS</POS>
            <NER>NUMBER</NER>
            <NormalizedNER>3.0</NormalizedNER>
            <Speaker>PER0</Speaker>
          </token>
          <token id="2">
            <word>.</word>
            <lemma>.</lemma>
            <CharacterOffsetBegin>396</CharacterOffsetBegin>
            <CharacterOffsetEnd>397</CharacterOffsetEnd>
            <POS>.</POS>
            <NER>O</NER>
            <Speaker>PER0</Speaker>
          </token>
        </tokens>
        <parse>(ROOT (S (VP (LS 3)) (. .))) </parse>
        <dependencies type="basic-dependencies">
          <dep type="root">
            <governor idx="0">ROOT</governor>
            <dependent idx="1">3</dependent>
          </dep>
        </dependencies>
        <dependencies type="collapsed-dependencies">
          <dep type="root">
            <governor idx="0">ROOT</governor>
            <dependent idx="1">3</dependent>
          </dep>
        </dependencies>
        <dependencies type="collapsed-ccprocessed-dependencies">
          <dep type="root">
            <governor idx="0">ROOT</governor>
            <dependent idx="1">3</dependent>
          </dep>
        </dependencies>
      </sentence>
      <sentence id="8">
        <tokens>
          <token id="1">
            <word>THE</word>
            <lemma>the</lemma>
            <CharacterOffsetBegin>398</CharacterOffsetBegin>
            <CharacterOffsetEnd>401</CharacterOffsetEnd>
            <POS>DT</POS>
            <NER>O</NER>
            <Speaker>PER0</Speaker>
          </token>
          <token id="2">
            <word>LIMA</word>
            <lemma>LIMA</lemma>
            <CharacterOffsetBegin>402</CharacterOffsetBegin>
            <CharacterOffsetEnd>406</CharacterOffsetEnd>
            <POS>NNP</POS>
            <NER>ORGANIZATION</NER>
            <Speaker>PER0</Speaker>
          </token>
          <token id="3">
            <word>NATIONAL</word>
            <lemma>NATIONAL</lemma>
            <CharacterOffsetBegin>407</CharacterOffsetBegin>
            <CharacterOffsetEnd>415</CharacterOffsetEnd>
            <POS>NNP</POS>
            <NER>ORGANIZATION</NER>
            <Speaker>PER0</Speaker>
          </token>
          <token id="4">
            <word>SECURITY</word>
            <lemma>SECURITY</lemma>
            <CharacterOffsetBegin>416</CharacterOffsetBegin>
            <CharacterOffsetEnd>424</CharacterOffsetEnd>
            <POS>NNP</POS>
            <NER>ORGANIZATION</NER>
            <Speaker>PER0</Speaker>
          </token>
          <token id="5">
            <word>COMMAND</word>
            <lemma>command</lemma>
            <CharacterOffsetBegin>425</CharacterOffsetBegin>
            <CharacterOffsetEnd>432</CharacterOffsetEnd>
            <POS>NN</POS>
            <NER>ORGANIZATION</NER>
            <Speaker>PER0</Speaker>
          </token>
          <token id="6">
            <word>HAS</word>
            <lemma>have</lemma>
            <CharacterOffsetBegin>433</CharacterOffsetBegin>
            <CharacterOffsetEnd>436</CharacterOffsetEnd>
            <POS>VBZ</POS>
            <NER>O</NER>
            <Speaker>PER0</Speaker>
          </token>
          <token id="7">
            <word>ORDERED</word>
            <lemma>order</lemma>
            <CharacterOffsetBegin>437</CharacterOffsetBegin>
            <CharacterOffsetEnd>444</CharacterOffsetEnd>
            <POS>VBN</POS>
            <NER>O</NER>
            <Speaker>PER0</Speaker>
          </token>
          <token id="8">
            <word>THE</word>
            <lemma>the</lemma>
            <CharacterOffsetBegin>445</CharacterOffsetBegin>
            <CharacterOffsetEnd>448</CharacterOffsetEnd>
            <POS>DT</POS>
            <NER>O</NER>
            <Speaker>PER0</Speaker>
          </token>
          <token id="9">
            <word>APPROPRIATE</word>
            <lemma>appropriate</lemma>
            <CharacterOffsetBegin>449</CharacterOffsetBegin>
            <CharacterOffsetEnd>460</CharacterOffsetEnd>
            <POS>JJ</POS>
            <NER>O</NER>
            <Speaker>PER0</Speaker>
          </token>
          <token id="10">
            <word>INVESTIGATION</word>
            <lemma>investigation</lemma>
            <CharacterOffsetBegin>461</CharacterOffsetBegin>
            <CharacterOffsetEnd>474</CharacterOffsetEnd>
            <POS>NN</POS>
            <NER>O</NER>
            <Speaker>PER0</Speaker>
          </token>
          <token id="11">
            <word>.</word>
            <lemma>.</lemma>
            <CharacterOffsetBegin>474</CharacterOffsetBegin>
            <CharacterOffsetEnd>475</CharacterOffsetEnd>
            <POS>.</POS>
            <NER>O</NER>
            <Speaker>PER0</Speaker>
          </token>
        </tokens>
        <parse>(ROOT (S (NP (DT THE) (NNP LIMA) (NNP NATIONAL) (NNP SECURITY) (NN COMMAND)) (VP (VBZ HAS) (VP (VBN ORDERED) (NP (DT THE) (JJ APPROPRIATE) (NN INVESTIGATION)))) (. .))) </parse>
        <dependencies type="basic-dependencies">
          <dep type="root">
            <governor idx="0">ROOT</governor>
            <dependent idx="7">ORDERED</dependent>
          </dep>
          <dep type="det">
            <governor idx="5">COMMAND</governor>
            <dependent idx="1">THE</dependent>
          </dep>
          <dep type="compound">
            <governor idx="5">COMMAND</governor>
            <dependent idx="2">LIMA</dependent>
          </dep>
          <dep type="compound">
            <governor idx="5">COMMAND</governor>
            <dependent idx="3">NATIONAL</dependent>
          </dep>
          <dep type="compound">
            <governor idx="5">COMMAND</governor>
            <dependent idx="4">SECURITY</dependent>
          </dep>
          <dep type="nsubj">
            <governor idx="7">ORDERED</governor>
            <dependent idx="5">COMMAND</dependent>
          </dep>
          <dep type="aux">
            <governor idx="7">ORDERED</governor>
            <dependent idx="6">HAS</dependent>
          </dep>
          <dep type="det">
            <governor idx="10">INVESTIGATION</governor>
            <dependent idx="8">THE</dependent>
          </dep>
          <dep type="amod">
            <governor idx="10">INVESTIGATION</governor>
            <dependent idx="9">APPROPRIATE</dependent>
          </dep>
          <dep type="dobj">
            <governor idx="7">ORDERED</governor>
            <dependent idx="10">INVESTIGATION</dependent>
          </dep>
        </dependencies>
        <dependencies type="collapsed-dependencies">
          <dep type="root">
            <governor idx="0">ROOT</governor>
            <dependent idx="7">ORDERED</dependent>
          </dep>
          <dep type="det">
            <governor idx="5">COMMAND</governor>
            <dependent idx="1">THE</dependent>
          </dep>
          <dep type="compound">
            <governor idx="5">COMMAND</governor>
            <dependent idx="2">LIMA</dependent>
          </dep>
          <dep type="compound">
            <governor idx="5">COMMAND</governor>
            <dependent idx="3">NATIONAL</dependent>
          </dep>
          <dep type="compound">
            <governor idx="5">COMMAND</governor>
            <dependent idx="4">SECURITY</dependent>
          </dep>
          <dep type="nsubj">
            <governor idx="7">ORDERED</governor>
            <dependent idx="5">COMMAND</dependent>
          </dep>
          <dep type="aux">
            <governor idx="7">ORDERED</governor>
            <dependent idx="6">HAS</dependent>
          </dep>
          <dep type="det">
            <governor idx="10">INVESTIGATION</governor>
            <dependent idx="8">THE</dependent>
          </dep>
          <dep type="amod">
            <governor idx="10">INVESTIGATION</governor>
            <dependent idx="9">APPROPRIATE</dependent>
          </dep>
          <dep type="dobj">
            <governor idx="7">ORDERED</governor>
            <dependent idx="10">INVESTIGATION</dependent>
          </dep>
        </dependencies>
        <dependencies type="collapsed-ccprocessed-dependencies">
          <dep type="root">
            <governor idx="0">ROOT</governor>
            <dependent idx="7">ORDERED</dependent>
          </dep>
          <dep type="det">
            <governor idx="5">COMMAND</governor>
            <dependent idx="1">THE</dependent>
          </dep>
          <dep type="compound">
            <governor idx="5">COMMAND</governor>
            <dependent idx="2">LIMA</dependent>
          </dep>
          <dep type="compound">
            <governor idx="5">COMMAND</governor>
            <dependent idx="3">NATIONAL</dependent>
          </dep>
          <dep type="compound">
            <governor idx="5">COMMAND</governor>
            <dependent idx="4">SECURITY</dependent>
          </dep>
          <dep type="nsubj">
            <governor idx="7">ORDERED</governor>
            <dependent idx="5">COMMAND</dependent>
          </dep>
          <dep type="aux">
            <governor idx="7">ORDERED</governor>
            <dependent idx="6">HAS</dependent>
          </dep>
          <dep type="det">
            <governor idx="10">INVESTIGATION</governor>
            <dependent idx="8">THE</dependent>
          </dep>
          <dep type="amod">
            <governor idx="10">INVESTIGATION</governor>
            <dependent idx="9">APPROPRIATE</dependent>
          </dep>
          <dep type="dobj">
            <governor idx="7">ORDERED</governor>
            <dependent idx="10">INVESTIGATION</dependent>
          </dep>
        </dependencies>
      </sentence>
      <sentence id="9">
        <tokens>
          <token id="1">
            <word>-LSB-</word>
            <lemma>-lsb-</lemma>
            <CharacterOffsetBegin>482</CharacterOffsetBegin>
            <CharacterOffsetEnd>483</CharacterOffsetEnd>
            <POS>-LRB-</POS>
            <NER>O</NER>
            <Speaker>PER0</Speaker>
          </token>
          <token id="2">
            <word>DATED</word>
            <lemma>date</lemma>
            <CharacterOffsetBegin>483</CharacterOffsetBegin>
            <CharacterOffsetEnd>488</CharacterOffsetEnd>
            <POS>VBN</POS>
            <NER>O</NER>
            <Speaker>PER0</Speaker>
          </token>
          <token id="3">
            <word>-RSB-</word>
            <lemma>-rsb-</lemma>
            <CharacterOffsetBegin>488</CharacterOffsetBegin>
            <CharacterOffsetEnd>489</CharacterOffsetEnd>
            <POS>-RRB-</POS>
            <NER>O</NER>
            <Speaker>PER0</Speaker>
          </token>
          <token id="4">
            <word>LIMA</word>
            <lemma>LIMA</lemma>
            <CharacterOffsetBegin>490</CharacterOffsetBegin>
            <CharacterOffsetEnd>494</CharacterOffsetEnd>
            <POS>NNP</POS>
            <NER>LOCATION</NER>
            <Speaker>PER0</Speaker>
          </token>
          <token id="5">
            <word>,</word>
            <lemma>,</lemma>
            <CharacterOffsetBegin>494</CharacterOffsetBegin>
            <CharacterOffsetEnd>495</CharacterOffsetEnd>
            <POS>,</POS>
            <NER>O</NER>
            <Speaker>PER0</Speaker>
          </token>
          <token id="6">
            <word>3</word>
            <lemma>3</lemma>
            <CharacterOffsetBegin>496</CharacterOffsetBegin>
            <CharacterOffsetEnd>497</CharacterOffsetEnd>
            <POS>CD</POS>
            <NER>DATE</NER>
            <NormalizedNER>1989-06-03</NormalizedNER>
            <Speaker>PER0</Speaker>
            <Timex tid="t4" type="DATE">1989-06-03</Timex>
          </token>
          <token id="7">
            <word>JUNE</word>
            <lemma>JUNE</lemma>
            <CharacterOffsetBegin>498</CharacterOffsetBegin>
            <CharacterOffsetEnd>502</CharacterOffsetEnd>
            <POS>NNP</POS>
            <NER>DATE</NER>
            <NormalizedNER>1989-06-03</NormalizedNER>
            <Speaker>PER0</Speaker>
            <Timex tid="t4" type="DATE">1989-06-03</Timex>
          </token>
          <token id="8">
            <word>1989</word>
            <lemma>1989</lemma>
            <CharacterOffsetBegin>503</CharacterOffsetBegin>
            <CharacterOffsetEnd>507</CharacterOffsetEnd>
            <POS>CD</POS>
            <NER>DATE</NER>
            <NormalizedNER>1989-06-03</NormalizedNER>
            <Speaker>PER0</Speaker>
            <Timex tid="t4" type="DATE">1989-06-03</Timex>
          </token>
          <token id="9">
            <word>-LSB-</word>
            <lemma>-lsb-</lemma>
            <CharacterOffsetBegin>513</CharacterOffsetBegin>
            <CharacterOffsetEnd>514</CharacterOffsetEnd>
            <POS>-LRB-</POS>
            <NER>O</NER>
            <Speaker>PER0</Speaker>
          </token>
          <token id="10">
            <word>SIGNED</word>
            <lemma>sign</lemma>
            <CharacterOffsetBegin>514</CharacterOffsetBegin>
            <CharacterOffsetEnd>520</CharacterOffsetEnd>
            <POS>VBN</POS>
            <NER>O</NER>
            <Speaker>PER0</Speaker>
          </token>
          <token id="11">
            <word>-RSB-</word>
            <lemma>-rsb-</lemma>
            <CharacterOffsetBegin>520</CharacterOffsetBegin>
            <CharacterOffsetEnd>521</CharacterOffsetEnd>
            <POS>-RRB-</POS>
            <NER>O</NER>
            <Speaker>PER0</Speaker>
          </token>
          <token id="12">
            <word>PUBLIC</word>
            <lemma>public</lemma>
            <CharacterOffsetBegin>522</CharacterOffsetBegin>
            <CharacterOffsetEnd>528</CharacterOffsetEnd>
            <POS>JJ</POS>
            <NER>ORGANIZATION</NER>
            <Speaker>PER0</Speaker>
          </token>
          <token id="13">
            <word>RELATIONS</word>
            <lemma>relation</lemma>
            <CharacterOffsetBegin>529</CharacterOffsetBegin>
            <CharacterOffsetEnd>538</CharacterOffsetEnd>
            <POS>NNS</POS>
            <NER>ORGANIZATION</NER>
            <Speaker>PER0</Speaker>
          </token>
          <token id="14">
            <word>OFFICE</word>
            <lemma>office</lemma>
            <CharacterOffsetBegin>539</CharacterOffsetBegin>
            <CharacterOffsetEnd>545</CharacterOffsetEnd>
            <POS>NN</POS>
            <NER>ORGANIZATION</NER>
            <Speaker>PER0</Speaker>
          </token>
          <token id="15">
            <word>OF</word>
            <lemma>of</lemma>
            <CharacterOffsetBegin>546</CharacterOffsetBegin>
            <CharacterOffsetEnd>548</CharacterOffsetEnd>
            <POS>IN</POS>
            <NER>ORGANIZATION</NER>
            <Speaker>PER0</Speaker>
          </token>
          <token id="16">
            <word>THE</word>
            <lemma>the</lemma>
            <CharacterOffsetBegin>549</CharacterOffsetBegin>
            <CharacterOffsetEnd>552</CharacterOffsetEnd>
            <POS>DT</POS>
            <NER>ORGANIZATION</NER>
            <Speaker>PER0</Speaker>
          </token>
          <token id="17">
            <word>LIMA</word>
            <lemma>LIMA</lemma>
            <CharacterOffsetBegin>553</CharacterOffsetBegin>
            <CharacterOffsetEnd>557</CharacterOffsetEnd>
            <POS>NNP</POS>
            <NER>ORGANIZATION</NER>
            <Speaker>PER0</Speaker>
          </token>
          <token id="18">
            <word>NATIONAL</word>
            <lemma>NATIONAL</lemma>
            <CharacterOffsetBegin>558</CharacterOffsetBegin>
            <CharacterOffsetEnd>566</CharacterOffsetEnd>
            <POS>NNP</POS>
            <NER>ORGANIZATION</NER>
            <Speaker>PER0</Speaker>
          </token>
          <token id="19">
            <word>SECURITY</word>
            <lemma>SECURITY</lemma>
            <CharacterOffsetBegin>567</CharacterOffsetBegin>
            <CharacterOffsetEnd>575</CharacterOffsetEnd>
            <POS>NNP</POS>
            <NER>ORGANIZATION</NER>
            <Speaker>PER0</Speaker>
          </token>
          <token id="20">
            <word>COMMAND</word>
            <lemma>command</lemma>
            <CharacterOffsetBegin>576</CharacterOffsetBegin>
            <CharacterOffsetEnd>583</CharacterOffsetEnd>
            <POS>NN</POS>
            <NER>ORGANIZATION</NER>
            <Speaker>PER0</Speaker>
          </token>
        </tokens>
        <parse>(ROOT (SINV (VP (-LRB- -LSB-) (VP (VP (VBN DATED) (PP (-RRB- -RSB-) (NP (NP (NNP LIMA)) (, ,) (NP (CD 3)))) (NP-TMP (NNP JUNE) (CD 1989))) (-LRB- -LSB-) (VP (VBN SIGNED) (PP (-RRB- -RSB-) (NP (JJ PUBLIC) (NNS RELATIONS)))))) (NP (NP (NN OFFICE)) (PP (IN OF) (NP (DT THE) (NNP LIMA) (NNP NATIONAL) (NNP SECURITY) (NN COMMAND)))))) </parse>
        <dependencies type="basic-dependencies">
          <dep type="root">
            <governor idx="0">ROOT</governor>
            <dependent idx="2">DATED</dependent>
          </dep>
          <dep type="nmod">
            <governor idx="2">DATED</governor>
            <dependent idx="4">LIMA</dependent>
          </dep>
          <dep type="amod">
            <governor idx="4">LIMA</governor>
            <dependent idx="6">3</dependent>
          </dep>
          <dep type="nmod:tmod">
            <governor idx="2">DATED</governor>
            <dependent idx="7">JUNE</dependent>
          </dep>
          <dep type="nummod">
            <governor idx="7">JUNE</governor>
            <dependent idx="8">1989</dependent>
          </dep>
          <dep type="dep">
            <governor idx="2">DATED</governor>
            <dependent idx="10">SIGNED</dependent>
          </dep>
          <dep type="amod">
            <governor idx="13">RELATIONS</governor>
            <dependent idx="12">PUBLIC</dependent>
          </dep>
          <dep type="nmod">
            <governor idx="10">SIGNED</governor>
            <dependent idx="13">RELATIONS</dependent>
          </dep>
          <dep type="nsubj">
            <governor idx="2">DATED</governor>
            <dependent idx="14">OFFICE</dependent>
          </dep>
          <dep type="case">
            <governor idx="20">COMMAND</governor>
            <dependent idx="15">OF</dependent>
          </dep>
          <dep type="det">
            <governor idx="20">COMMAND</governor>
            <dependent idx="16">THE</dependent>
          </dep>
          <dep type="compound">
            <governor idx="20">COMMAND</governor>
            <dependent idx="17">LIMA</dependent>
          </dep>
          <dep type="compound">
            <governor idx="20">COMMAND</governor>
            <dependent idx="18">NATIONAL</dependent>
          </dep>
          <dep type="compound">
            <governor idx="20">COMMAND</governor>
            <dependent idx="19">SECURITY</dependent>
          </dep>
          <dep type="nmod">
            <governor idx="14">OFFICE</governor>
            <dependent idx="20">COMMAND</dependent>
          </dep>
        </dependencies>
        <dependencies type="collapsed-dependencies">
          <dep type="root">
            <governor idx="0">ROOT</governor>
            <dependent idx="2">DATED</dependent>
          </dep>
          <dep type="nmod">
            <governor idx="2">DATED</governor>
            <dependent idx="4">LIMA</dependent>
          </dep>
          <dep type="amod">
            <governor idx="4">LIMA</governor>
            <dependent idx="6">3</dependent>
          </dep>
          <dep type="nmod:tmod">
            <governor idx="2">DATED</governor>
            <dependent idx="7">JUNE</dependent>
          </dep>
          <dep type="nummod">
            <governor idx="7">JUNE</governor>
            <dependent idx="8">1989</dependent>
          </dep>
          <dep type="dep">
            <governor idx="2">DATED</governor>
            <dependent idx="10">SIGNED</dependent>
          </dep>
          <dep type="amod">
            <governor idx="13">RELATIONS</governor>
            <dependent idx="12">PUBLIC</dependent>
          </dep>
          <dep type="nmod">
            <governor idx="10">SIGNED</governor>
            <dependent idx="13">RELATIONS</dependent>
          </dep>
          <dep type="nsubj">
            <governor idx="2">DATED</governor>
            <dependent idx="14">OFFICE</dependent>
          </dep>
          <dep type="case">
            <governor idx="20">COMMAND</governor>
            <dependent idx="15">OF</dependent>
          </dep>
          <dep type="det">
            <governor idx="20">COMMAND</governor>
            <dependent idx="16">THE</dependent>
          </dep>
          <dep type="compound">
            <governor idx="20">COMMAND</governor>
            <dependent idx="17">LIMA</dependent>
          </dep>
          <dep type="compound">
            <governor idx="20">COMMAND</governor>
            <dependent idx="18">NATIONAL</dependent>
          </dep>
          <dep type="compound">
            <governor idx="20">COMMAND</governor>
            <dependent idx="19">SECURITY</dependent>
          </dep>
          <dep type="nmod:of">
            <governor idx="14">OFFICE</governor>
            <dependent idx="20">COMMAND</dependent>
          </dep>
        </dependencies>
        <dependencies type="collapsed-ccprocessed-dependencies">
          <dep type="root">
            <governor idx="0">ROOT</governor>
            <dependent idx="2">DATED</dependent>
          </dep>
          <dep type="nmod">
            <governor idx="2">DATED</governor>
            <dependent idx="4">LIMA</dependent>
          </dep>
          <dep type="amod">
            <governor idx="4">LIMA</governor>
            <dependent idx="6">3</dependent>
          </dep>
          <dep type="nmod:tmod">
            <governor idx="2">DATED</governor>
            <dependent idx="7">JUNE</dependent>
          </dep>
          <dep type="nummod">
            <governor idx="7">JUNE</governor>
            <dependent idx="8">1989</dependent>
          </dep>
          <dep type="dep">
            <governor idx="2">DATED</governor>
            <dependent idx="10">SIGNED</dependent>
          </dep>
          <dep type="amod">
            <governor idx="13">RELATIONS</governor>
            <dependent idx="12">PUBLIC</dependent>
          </dep>
          <dep type="nmod">
            <governor idx="10">SIGNED</governor>
            <dependent idx="13">RELATIONS</dependent>
          </dep>
          <dep type="nsubj">
            <governor idx="2">DATED</governor>
            <dependent idx="14">OFFICE</dependent>
          </dep>
          <dep type="case">
            <governor idx="20">COMMAND</governor>
            <dependent idx="15">OF</dependent>
          </dep>
          <dep type="det">
            <governor idx="20">COMMAND</governor>
            <dependent idx="16">THE</dependent>
          </dep>
          <dep type="compound">
            <governor idx="20">COMMAND</governor>
            <dependent idx="17">LIMA</dependent>
          </dep>
          <dep type="compound">
            <governor idx="20">COMMAND</governor>
            <dependent idx="18">NATIONAL</dependent>
          </dep>
          <dep type="compound">
            <governor idx="20">COMMAND</governor>
            <dependent idx="19">SECURITY</dependent>
          </dep>
          <dep type="nmod:of">
            <governor idx="14">OFFICE</governor>
            <dependent idx="20">COMMAND</dependent>
          </dep>
        </dependencies>
      </sentence>
    </sentences>
    <coreference>
      <coreference>
        <mention representative="true">
          <sentence>9</sentence>
          <start>4</start>
          <end>7</end>
          <head>4</head>
          <text>LIMA , 3</text>
        </mention>
        <mention>
          <sentence>1</sentence>
          <start>1</start>
          <end>2</end>
          <head>1</head>
          <text>LIMA</text>
        </mention>
        <mention>
          <sentence>9</sentence>
          <start>4</start>
          <end>5</end>
          <head>4</head>
          <text>LIMA</text>
        </mention>
      </coreference>
      <coreference>
        <mention representative="true">
          <sentence>1</sentence>
          <start>14</start>
          <end>19</end>
          <head>18</head>
          <text>-LSB- LIMA NATIONAL SECURITY COMMAND</text>
        </mention>
        <mention>
          <sentence>8</sentence>
          <start>1</start>
          <end>6</end>
          <head>5</head>
          <text>THE LIMA NATIONAL SECURITY COMMAND</text>
        </mention>
      </coreference>
      <coreference>
        <mention representative="true">
          <sentence>2</sentence>
          <start>1</start>
          <end>2</end>
          <head>1</head>
          <text>1</text>
        </mention>
        <mention>
          <sentence>5</sentence>
          <start>13</start>
          <end>14</end>
          <head>13</head>
          <text>1</text>
        </mention>
      </coreference>
      <coreference>
        <mention representative="true">
          <sentence>7</sentence>
          <start>1</start>
          <end>2</end>
          <head>1</head>
          <text>3</text>
        </mention>
        <mention>
          <sentence>9</sentence>
          <start>6</start>
          <end>7</end>
          <head>6</head>
          <text>3</text>
        </mention>
      </coreference>
    </coreference>
  </document>
</root>
