<?xml version="1.0" encoding="ASCII"?>
<?xml-stylesheet href="CoreNLP-to-HTML.xsl" type="text/xsl"?>
<root>
  <document>
    <sentences>
      <sentence id="1">
        <tokens>
          <token id="1">
            <word>SAN</word>
            <lemma>SAN</lemma>
            <CharacterOffsetBegin>3</CharacterOffsetBegin>
            <CharacterOffsetEnd>6</CharacterOffsetEnd>
            <POS>NNP</POS>
            <NER>LOCATION</NER>
            <Speaker>PER0</Speaker>
          </token>
          <token id="2">
            <word>SALVADOR</word>
            <lemma>SALVADOR</lemma>
            <CharacterOffsetBegin>7</CharacterOffsetBegin>
            <CharacterOffsetEnd>15</CharacterOffsetEnd>
            <POS>NNP</POS>
            <NER>LOCATION</NER>
            <Speaker>PER0</Speaker>
          </token>
          <token id="3">
            <word>,</word>
            <lemma>,</lemma>
            <CharacterOffsetBegin>15</CharacterOffsetBegin>
            <CharacterOffsetEnd>16</CharacterOffsetEnd>
            <POS>,</POS>
            <NER>O</NER>
            <Speaker>PER0</Speaker>
          </token>
          <token id="4">
            <word>9</word>
            <lemma>9</lemma>
            <CharacterOffsetBegin>17</CharacterOffsetBegin>
            <CharacterOffsetEnd>18</CharacterOffsetEnd>
            <POS>CD</POS>
            <NER>DATE</NER>
            <NormalizedNER>XXXX-06-09</NormalizedNER>
            <Speaker>PER0</Speaker>
            <Timex tid="t1" type="DATE">XXXX-06-09</Timex>
          </token>
          <token id="5">
            <word>JUN</word>
            <lemma>jun</lemma>
            <CharacterOffsetBegin>19</CharacterOffsetBegin>
            <CharacterOffsetEnd>22</CharacterOffsetEnd>
            <POS>NN</POS>
            <NER>DATE</NER>
            <NormalizedNER>XXXX-06-09</NormalizedNER>
            <Speaker>PER0</Speaker>
            <Timex tid="t1" type="DATE">XXXX-06-09</Timex>
          </token>
          <token id="6">
            <word>89</word>
            <lemma>89</lemma>
            <CharacterOffsetBegin>23</CharacterOffsetBegin>
            <CharacterOffsetEnd>25</CharacterOffsetEnd>
            <POS>CD</POS>
            <NER>NUMBER</NER>
            <NormalizedNER>89.0</NormalizedNER>
            <Speaker>PER0</Speaker>
          </token>
          <token id="7">
            <word>-LRB-</word>
            <lemma>-lrb-</lemma>
            <CharacterOffsetBegin>26</CharacterOffsetBegin>
            <CharacterOffsetEnd>27</CharacterOffsetEnd>
            <POS>-LRB-</POS>
            <NER>O</NER>
            <Speaker>PER0</Speaker>
          </token>
          <token id="8">
            <word>ACAN-EFE</word>
            <lemma>acan-efe</lemma>
            <CharacterOffsetBegin>27</CharacterOffsetBegin>
            <CharacterOffsetEnd>35</CharacterOffsetEnd>
            <POS>NN</POS>
            <NER>O</NER>
            <Speaker>PER0</Speaker>
          </token>
          <token id="9">
            <word>-RRB-</word>
            <lemma>-rrb-</lemma>
            <CharacterOffsetBegin>35</CharacterOffsetBegin>
            <CharacterOffsetEnd>36</CharacterOffsetEnd>
            <POS>-RRB-</POS>
            <NER>O</NER>
            <Speaker>PER0</Speaker>
          </token>
          <token id="10">
            <word>--</word>
            <lemma>--</lemma>
            <CharacterOffsetBegin>37</CharacterOffsetBegin>
            <CharacterOffsetEnd>39</CharacterOffsetEnd>
            <POS>:</POS>
            <NER>O</NER>
            <Speaker>PER0</Speaker>
          </token>
          <token id="11">
            <word>-LSB-</word>
            <lemma>-lsb-</lemma>
            <CharacterOffsetBegin>40</CharacterOffsetBegin>
            <CharacterOffsetEnd>41</CharacterOffsetEnd>
            <POS>-LRB-</POS>
            <NER>O</NER>
            <Speaker>PER0</Speaker>
          </token>
          <token id="12">
            <word>TEXT</word>
            <lemma>text</lemma>
            <CharacterOffsetBegin>41</CharacterOffsetBegin>
            <CharacterOffsetEnd>45</CharacterOffsetEnd>
            <POS>NN</POS>
            <NER>O</NER>
            <Speaker>PER0</Speaker>
          </token>
          <token id="13">
            <word>-RSB-</word>
            <lemma>-rsb-</lemma>
            <CharacterOffsetBegin>45</CharacterOffsetBegin>
            <CharacterOffsetEnd>46</CharacterOffsetEnd>
            <POS>-RRB-</POS>
            <NER>O</NER>
            <Speaker>PER0</Speaker>
          </token>
          <token id="14">
            <word>SALVADORAN</word>
            <lemma>salvadoran</lemma>
            <CharacterOffsetBegin>47</CharacterOffsetBegin>
            <CharacterOffsetEnd>57</CharacterOffsetEnd>
            <POS>JJ</POS>
            <NER>MISC</NER>
            <Speaker>PER0</Speaker>
          </token>
          <token id="15">
            <word>PRESIDENCY</word>
            <lemma>presidency</lemma>
            <CharacterOffsetBegin>58</CharacterOffsetBegin>
            <CharacterOffsetEnd>68</CharacterOffsetEnd>
            <POS>NN</POS>
            <NER>O</NER>
            <Speaker>PER0</Speaker>
          </token>
          <token id="16">
            <word>MINISTER</word>
            <lemma>minister</lemma>
            <CharacterOffsetBegin>69</CharacterOffsetBegin>
            <CharacterOffsetEnd>77</CharacterOffsetEnd>
            <POS>NN</POS>
            <NER>O</NER>
            <Speaker>PER0</Speaker>
          </token>
          <token id="17">
            <word>ANTONIO</word>
            <lemma>ANTONIO</lemma>
            <CharacterOffsetBegin>78</CharacterOffsetBegin>
            <CharacterOffsetEnd>85</CharacterOffsetEnd>
            <POS>NNP</POS>
            <NER>PERSON</NER>
            <Speaker>PER0</Speaker>
          </token>
          <token id="18">
            <word>RODRIGUEZ</word>
            <lemma>RODRIGUEZ</lemma>
            <CharacterOffsetBegin>86</CharacterOffsetBegin>
            <CharacterOffsetEnd>95</CharacterOffsetEnd>
            <POS>NNP</POS>
            <NER>PERSON</NER>
            <Speaker>PER0</Speaker>
          </token>
          <token id="19">
            <word>PORTH</word>
            <lemma>PORTH</lemma>
            <CharacterOffsetBegin>96</CharacterOffsetBegin>
            <CharacterOffsetEnd>101</CharacterOffsetEnd>
            <POS>NNP</POS>
            <NER>PERSON</NER>
            <Speaker>PER0</Speaker>
          </token>
          <token id="20">
            <word>WAS</word>
            <lemma>be</lemma>
            <CharacterOffsetBegin>102</CharacterOffsetBegin>
            <CharacterOffsetEnd>105</CharacterOffsetEnd>
            <POS>VBD</POS>
            <NER>O</NER>
            <Speaker>PER0</Speaker>
          </token>
          <token id="21">
            <word>ASSASSINATED</word>
            <lemma>assassinate</lemma>
            <CharacterOffsetBegin>106</CharacterOffsetBegin>
            <CharacterOffsetEnd>118</CharacterOffsetEnd>
            <POS>VBN</POS>
            <NER>O</NER>
            <Speaker>PER0</Speaker>
          </token>
          <token id="22">
            <word>TODAY</word>
            <lemma>today</lemma>
            <CharacterOffsetBegin>119</CharacterOffsetBegin>
            <CharacterOffsetEnd>124</CharacterOffsetEnd>
            <POS>NN</POS>
            <NER>DATE</NER>
            <NormalizedNER>THIS P1D</NormalizedNER>
            <Speaker>PER0</Speaker>
            <Timex tid="t2" type="DATE"/>
          </token>
          <token id="23">
            <word>IN</word>
            <lemma>in</lemma>
            <CharacterOffsetBegin>125</CharacterOffsetBegin>
            <CharacterOffsetEnd>127</CharacterOffsetEnd>
            <POS>IN</POS>
            <NER>O</NER>
            <Speaker>PER0</Speaker>
          </token>
          <token id="24">
            <word>SAN</word>
            <lemma>SAN</lemma>
            <CharacterOffsetBegin>128</CharacterOffsetBegin>
            <CharacterOffsetEnd>131</CharacterOffsetEnd>
            <POS>NNP</POS>
            <NER>LOCATION</NER>
            <Speaker>PER0</Speaker>
          </token>
          <token id="25">
            <word>SALVADOR</word>
            <lemma>SALVADOR</lemma>
            <CharacterOffsetBegin>132</CharacterOffsetBegin>
            <CharacterOffsetEnd>140</CharacterOffsetEnd>
            <POS>NNP</POS>
            <NER>LOCATION</NER>
            <Speaker>PER0</Speaker>
          </token>
          <token id="26">
            <word>DURING</word>
            <lemma>during</lemma>
            <CharacterOffsetBegin>141</CharacterOffsetBegin>
            <CharacterOffsetEnd>147</CharacterOffsetEnd>
            <POS>IN</POS>
            <NER>O</NER>
            <Speaker>PER0</Speaker>
          </token>
          <token id="27">
            <word>AN</word>
            <lemma>a</lemma>
            <CharacterOffsetBegin>148</CharacterOffsetBegin>
            <CharacterOffsetEnd>150</CharacterOffsetEnd>
            <POS>DT</POS>
            <NER>O</NER>
            <Speaker>PER0</Speaker>
          </token>
          <token id="28">
            <word>ATTACK</word>
            <lemma>attack</lemma>
            <CharacterOffsetBegin>151</CharacterOffsetBegin>
            <CharacterOffsetEnd>157</CharacterOffsetEnd>
            <POS>NN</POS>
            <NER>O</NER>
            <Speaker>PER0</Speaker>
          </token>
          <token id="29">
            <word>IN</word>
            <lemma>in</lemma>
            <CharacterOffsetBegin>158</CharacterOffsetBegin>
            <CharacterOffsetEnd>160</CharacterOffsetEnd>
            <POS>IN</POS>
            <NER>O</NER>
            <Speaker>PER0</Speaker>
          </token>
          <token id="30">
            <word>WHICH</word>
            <lemma>which</lemma>
            <CharacterOffsetBegin>161</CharacterOffsetBegin>
            <CharacterOffsetEnd>166</CharacterOffsetEnd>
            <POS>WDT</POS>
            <NER>O</NER>
            <Speaker>PER0</Speaker>
          </token>
          <token id="31">
            <word>TWO</word>
            <lemma>two</lemma>
            <CharacterOffsetBegin>167</CharacterOffsetBegin>
            <CharacterOffsetEnd>170</CharacterOffsetEnd>
            <POS>CD</POS>
            <NER>NUMBER</NER>
            <NormalizedNER>2.0</NormalizedNER>
            <Speaker>PER0</Speaker>
          </token>
          <token id="32">
            <word>MEMBERS</word>
            <lemma>member</lemma>
            <CharacterOffsetBegin>171</CharacterOffsetBegin>
            <CharacterOffsetEnd>178</CharacterOffsetEnd>
            <POS>NNS</POS>
            <NER>O</NER>
            <Speaker>PER0</Speaker>
          </token>
          <token id="33">
            <word>OF</word>
            <lemma>of</lemma>
            <CharacterOffsetBegin>179</CharacterOffsetBegin>
            <CharacterOffsetEnd>181</CharacterOffsetEnd>
            <POS>IN</POS>
            <NER>O</NER>
            <Speaker>PER0</Speaker>
          </token>
          <token id="34">
            <word>HIS</word>
            <lemma>he</lemma>
            <CharacterOffsetBegin>182</CharacterOffsetBegin>
            <CharacterOffsetEnd>185</CharacterOffsetEnd>
            <POS>PRP$</POS>
            <NER>O</NER>
            <Speaker>PER0</Speaker>
          </token>
          <token id="35">
            <word>ESCORT</word>
            <lemma>escort</lemma>
            <CharacterOffsetBegin>186</CharacterOffsetBegin>
            <CharacterOffsetEnd>192</CharacterOffsetEnd>
            <POS>NN</POS>
            <NER>O</NER>
            <Speaker>PER0</Speaker>
          </token>
          <token id="36">
            <word>WERE</word>
            <lemma>be</lemma>
            <CharacterOffsetBegin>193</CharacterOffsetBegin>
            <CharacterOffsetEnd>197</CharacterOffsetEnd>
            <POS>VBD</POS>
            <NER>O</NER>
            <Speaker>PER0</Speaker>
          </token>
          <token id="37">
            <word>ALSO</word>
            <lemma>also</lemma>
            <CharacterOffsetBegin>198</CharacterOffsetBegin>
            <CharacterOffsetEnd>202</CharacterOffsetEnd>
            <POS>RB</POS>
            <NER>O</NER>
            <Speaker>PER0</Speaker>
          </token>
          <token id="38">
            <word>KILLED</word>
            <lemma>kill</lemma>
            <CharacterOffsetBegin>203</CharacterOffsetBegin>
            <CharacterOffsetEnd>209</CharacterOffsetEnd>
            <POS>VBN</POS>
            <NER>O</NER>
            <Speaker>PER0</Speaker>
          </token>
          <token id="39">
            <word>,</word>
            <lemma>,</lemma>
            <CharacterOffsetBegin>209</CharacterOffsetBegin>
            <CharacterOffsetEnd>210</CharacterOffsetEnd>
            <POS>,</POS>
            <NER>O</NER>
            <Speaker>PER0</Speaker>
          </token>
          <token id="40">
            <word>THE</word>
            <lemma>the</lemma>
            <CharacterOffsetBegin>211</CharacterOffsetBegin>
            <CharacterOffsetEnd>214</CharacterOffsetEnd>
            <POS>DT</POS>
            <NER>O</NER>
            <Speaker>PER0</Speaker>
          </token>
          <token id="41">
            <word>POLICE</word>
            <lemma>police</lemma>
            <CharacterOffsetBegin>215</CharacterOffsetBegin>
            <CharacterOffsetEnd>221</CharacterOffsetEnd>
            <POS>NNS</POS>
            <NER>O</NER>
            <Speaker>PER0</Speaker>
          </token>
          <token id="42">
            <word>HAVE</word>
            <lemma>have</lemma>
            <CharacterOffsetBegin>222</CharacterOffsetBegin>
            <CharacterOffsetEnd>226</CharacterOffsetEnd>
            <POS>VBP</POS>
            <NER>O</NER>
            <Speaker>PER0</Speaker>
          </token>
          <token id="43">
            <word>REPORTED</word>
            <lemma>report</lemma>
            <CharacterOffsetBegin>227</CharacterOffsetBegin>
            <CharacterOffsetEnd>235</CharacterOffsetEnd>
            <POS>VBN</POS>
            <NER>O</NER>
            <Speaker>PER0</Speaker>
          </token>
          <token id="44">
            <word>.</word>
            <lemma>.</lemma>
            <CharacterOffsetBegin>235</CharacterOffsetBegin>
            <CharacterOffsetEnd>236</CharacterOffsetEnd>
            <POS>.</POS>
            <NER>O</NER>
            <Speaker>PER0</Speaker>
          </token>
        </tokens>
        <parse>(ROOT (S (S (NP (NP (NNP SAN) (NNP SALVADOR)) (, ,) (NP (NP (NP (CD 9) (NN JUN)) (NP (CD 89) (-LRB- -LRB-) (NN ACAN-EFE) (-RRB- -RRB-))) (: --) (NP (NP (-LRB- -LSB-) (NN TEXT)) (PP (-RRB- -RSB-) (NP (JJ SALVADORAN) (NN PRESIDENCY) (NN MINISTER) (NNP ANTONIO) (NNP RODRIGUEZ) (NNP PORTH)))))) (VP (VBD WAS) (VP (VBN ASSASSINATED) (NP-TMP (NN TODAY)) (PP (IN IN) (NP (NNP SAN) (NNP SALVADOR))) (PP (IN DURING) (NP (NP (DT AN) (NN ATTACK)) (SBAR (WHPP (IN IN) (WHNP (WDT WHICH))) (S (NP (NP (CD TWO) (NNS MEMBERS)) (PP (IN OF) (NP (PRP$ HIS) (NN ESCORT)))) (VP (VBD WERE) (VP (ADVP (RB ALSO)) (VBN KILLED)))))))))) (, ,) (NP (DT THE) (NNS POLICE)) (VP (VBP HAVE) (VP (VBN REPORTED))) (. .))) </parse>
        <dependencies type="basic-dependencies">
          <dep type="root">
            <governor idx="0">ROOT</governor>
            <dependent idx="43">REPORTED</dependent>
          </dep>
          <dep type="compound">
            <governor idx="2">SALVADOR</governor>
            <dependent idx="1">SAN</dependent>
          </dep>
          <dep type="nsubjpass">
            <governor idx="21">ASSASSINATED</governor>
            <dependent idx="2">SALVADOR</dependent>
          </dep>
          <dep type="nummod">
            <governor idx="5">JUN</governor>
            <dependent idx="4">9</dependent>
          </dep>
          <dep type="appos">
            <governor idx="2">SALVADOR</governor>
            <dependent idx="5">JUN</dependent>
          </dep>
          <dep type="nummod">
            <governor idx="8">ACAN-EFE</governor>
            <dependent idx="6">89</dependent>
          </dep>
          <dep type="dep">
            <governor idx="5">JUN</governor>
            <dependent idx="8">ACAN-EFE</dependent>
          </dep>
          <dep type="dep">
            <governor idx="5">JUN</governor>
            <dependent idx="12">TEXT</dependent>
          </dep>
          <dep type="amod">
            <governor idx="19">PORTH</governor>
            <dependent idx="14">SALVADORAN</dependent>
          </dep>
          <dep type="compound">
            <governor idx="19">PORTH</governor>
            <dependent idx="15">PRESIDENCY</dependent>
          </dep>
          <dep type="compound">
            <governor idx="19">PORTH</governor>
            <dependent idx="16">MINISTER</dependent>
          </dep>
          <dep type="compound">
            <governor idx="19">PORTH</governor>
            <dependent idx="17">ANTONIO</dependent>
          </dep>
          <dep type="compound">
            <governor idx="19">PORTH</governor>
            <dependent idx="18">RODRIGUEZ</dependent>
          </dep>
          <dep type="nmod">
            <governor idx="12">TEXT</governor>
            <dependent idx="19">PORTH</dependent>
          </dep>
          <dep type="auxpass">
            <governor idx="21">ASSASSINATED</governor>
            <dependent idx="20">WAS</dependent>
          </dep>
          <dep type="ccomp">
            <governor idx="43">REPORTED</governor>
            <dependent idx="21">ASSASSINATED</dependent>
          </dep>
          <dep type="nmod:tmod">
            <governor idx="21">ASSASSINATED</governor>
            <dependent idx="22">TODAY</dependent>
          </dep>
          <dep type="case">
            <governor idx="25">SALVADOR</governor>
            <dependent idx="23">IN</dependent>
          </dep>
          <dep type="compound">
            <governor idx="25">SALVADOR</governor>
            <dependent idx="24">SAN</dependent>
          </dep>
          <dep type="nmod">
            <governor idx="21">ASSASSINATED</governor>
            <dependent idx="25">SALVADOR</dependent>
          </dep>
          <dep type="case">
            <governor idx="28">ATTACK</governor>
            <dependent idx="26">DURING</dependent>
          </dep>
          <dep type="det">
            <governor idx="28">ATTACK</governor>
            <dependent idx="27">AN</dependent>
          </dep>
          <dep type="nmod">
            <governor idx="21">ASSASSINATED</governor>
            <dependent idx="28">ATTACK</dependent>
          </dep>
          <dep type="case">
            <governor idx="30">WHICH</governor>
            <dependent idx="29">IN</dependent>
          </dep>
          <dep type="nmod">
            <governor idx="38">KILLED</governor>
            <dependent idx="30">WHICH</dependent>
          </dep>
          <dep type="nummod">
            <governor idx="32">MEMBERS</governor>
            <dependent idx="31">TWO</dependent>
          </dep>
          <dep type="nsubjpass">
            <governor idx="38">KILLED</governor>
            <dependent idx="32">MEMBERS</dependent>
          </dep>
          <dep type="case">
            <governor idx="35">ESCORT</governor>
            <dependent idx="33">OF</dependent>
          </dep>
          <dep type="nmod:poss">
            <governor idx="35">ESCORT</governor>
            <dependent idx="34">HIS</dependent>
          </dep>
          <dep type="nmod">
            <governor idx="32">MEMBERS</governor>
            <dependent idx="35">ESCORT</dependent>
          </dep>
          <dep type="auxpass">
            <governor idx="38">KILLED</governor>
            <dependent idx="36">WERE</dependent>
          </dep>
          <dep type="advmod">
            <governor idx="38">KILLED</governor>
            <dependent idx="37">ALSO</dependent>
          </dep>
          <dep type="acl:relcl">
            <governor idx="28">ATTACK</governor>
            <dependent idx="38">KILLED</dependent>
          </dep>
          <dep type="det">
            <governor idx="41">POLICE</governor>
            <dependent idx="40">THE</dependent>
          </dep>
          <dep type="nsubj">
            <governor idx="43">REPORTED</governor>
            <dependent idx="41">POLICE</dependent>
          </dep>
          <dep type="aux">
            <governor idx="43">REPORTED</governor>
            <dependent idx="42">HAVE</dependent>
          </dep>
        </dependencies>
        <dependencies type="collapsed-dependencies">
          <dep type="root">
            <governor idx="0">ROOT</governor>
            <dependent idx="43">REPORTED</dependent>
          </dep>
          <dep type="compound">
            <governor idx="2">SALVADOR</governor>
            <dependent idx="1">SAN</dependent>
          </dep>
          <dep type="nsubjpass">
            <governor idx="21">ASSASSINATED</governor>
            <dependent idx="2">SALVADOR</dependent>
          </dep>
          <dep type="nummod">
            <governor idx="5">JUN</governor>
            <dependent idx="4">9</dependent>
          </dep>
          <dep type="appos">
            <governor idx="2">SALVADOR</governor>
            <dependent idx="5">JUN</dependent>
          </dep>
          <dep type="nummod">
            <governor idx="8">ACAN-EFE</governor>
            <dependent idx="6">89</dependent>
          </dep>
          <dep type="dep">
            <governor idx="5">JUN</governor>
            <dependent idx="8">ACAN-EFE</dependent>
          </dep>
          <dep type="dep">
            <governor idx="5">JUN</governor>
            <dependent idx="12">TEXT</dependent>
          </dep>
          <dep type="amod">
            <governor idx="19">PORTH</governor>
            <dependent idx="14">SALVADORAN</dependent>
          </dep>
          <dep type="compound">
            <governor idx="19">PORTH</governor>
            <dependent idx="15">PRESIDENCY</dependent>
          </dep>
          <dep type="compound">
            <governor idx="19">PORTH</governor>
            <dependent idx="16">MINISTER</dependent>
          </dep>
          <dep type="compound">
            <governor idx="19">PORTH</governor>
            <dependent idx="17">ANTONIO</dependent>
          </dep>
          <dep type="compound">
            <governor idx="19">PORTH</governor>
            <dependent idx="18">RODRIGUEZ</dependent>
          </dep>
          <dep type="nmod">
            <governor idx="12">TEXT</governor>
            <dependent idx="19">PORTH</dependent>
          </dep>
          <dep type="auxpass">
            <governor idx="21">ASSASSINATED</governor>
            <dependent idx="20">WAS</dependent>
          </dep>
          <dep type="ccomp">
            <governor idx="43">REPORTED</governor>
            <dependent idx="21">ASSASSINATED</dependent>
          </dep>
          <dep type="nmod:tmod">
            <governor idx="21">ASSASSINATED</governor>
            <dependent idx="22">TODAY</dependent>
          </dep>
          <dep type="case">
            <governor idx="25">SALVADOR</governor>
            <dependent idx="23">IN</dependent>
          </dep>
          <dep type="compound">
            <governor idx="25">SALVADOR</governor>
            <dependent idx="24">SAN</dependent>
          </dep>
          <dep type="nmod:in">
            <governor idx="21">ASSASSINATED</governor>
            <dependent idx="25">SALVADOR</dependent>
          </dep>
          <dep type="case">
            <governor idx="28">ATTACK</governor>
            <dependent idx="26">DURING</dependent>
          </dep>
          <dep type="det">
            <governor idx="28">ATTACK</governor>
            <dependent idx="27">AN</dependent>
          </dep>
          <dep type="nmod:during">
            <governor idx="21">ASSASSINATED</governor>
            <dependent idx="28">ATTACK</dependent>
          </dep>
          <dep type="case">
            <governor idx="30">WHICH</governor>
            <dependent idx="29">IN</dependent>
          </dep>
          <dep type="nmod:in">
            <governor idx="38">KILLED</governor>
            <dependent idx="30">WHICH</dependent>
          </dep>
          <dep type="nummod">
            <governor idx="32">MEMBERS</governor>
            <dependent idx="31">TWO</dependent>
          </dep>
          <dep type="nsubjpass">
            <governor idx="38">KILLED</governor>
            <dependent idx="32">MEMBERS</dependent>
          </dep>
          <dep type="case">
            <governor idx="35">ESCORT</governor>
            <dependent idx="33">OF</dependent>
          </dep>
          <dep type="nmod:poss">
            <governor idx="35">ESCORT</governor>
            <dependent idx="34">HIS</dependent>
          </dep>
          <dep type="nmod:of">
            <governor idx="32">MEMBERS</governor>
            <dependent idx="35">ESCORT</dependent>
          </dep>
          <dep type="auxpass">
            <governor idx="38">KILLED</governor>
            <dependent idx="36">WERE</dependent>
          </dep>
          <dep type="advmod">
            <governor idx="38">KILLED</governor>
            <dependent idx="37">ALSO</dependent>
          </dep>
          <dep type="acl:relcl">
            <governor idx="28">ATTACK</governor>
            <dependent idx="38">KILLED</dependent>
          </dep>
          <dep type="det">
            <governor idx="41">POLICE</governor>
            <dependent idx="40">THE</dependent>
          </dep>
          <dep type="nsubj">
            <governor idx="43">REPORTED</governor>
            <dependent idx="41">POLICE</dependent>
          </dep>
          <dep type="aux">
            <governor idx="43">REPORTED</governor>
            <dependent idx="42">HAVE</dependent>
          </dep>
        </dependencies>
        <dependencies type="collapsed-ccprocessed-dependencies">
          <dep type="root">
            <governor idx="0">ROOT</governor>
            <dependent idx="43">REPORTED</dependent>
          </dep>
          <dep type="compound">
            <governor idx="2">SALVADOR</governor>
            <dependent idx="1">SAN</dependent>
          </dep>
          <dep type="nsubjpass">
            <governor idx="21">ASSASSINATED</governor>
            <dependent idx="2">SALVADOR</dependent>
          </dep>
          <dep type="nummod">
            <governor idx="5">JUN</governor>
            <dependent idx="4">9</dependent>
          </dep>
          <dep type="appos">
            <governor idx="2">SALVADOR</governor>
            <dependent idx="5">JUN</dependent>
          </dep>
          <dep type="nummod">
            <governor idx="8">ACAN-EFE</governor>
            <dependent idx="6">89</dependent>
          </dep>
          <dep type="dep">
            <governor idx="5">JUN</governor>
            <dependent idx="8">ACAN-EFE</dependent>
          </dep>
          <dep type="dep">
            <governor idx="5">JUN</governor>
            <dependent idx="12">TEXT</dependent>
          </dep>
          <dep type="amod">
            <governor idx="19">PORTH</governor>
            <dependent idx="14">SALVADORAN</dependent>
          </dep>
          <dep type="compound">
            <governor idx="19">PORTH</governor>
            <dependent idx="15">PRESIDENCY</dependent>
          </dep>
          <dep type="compound">
            <governor idx="19">PORTH</governor>
            <dependent idx="16">MINISTER</dependent>
          </dep>
          <dep type="compound">
            <governor idx="19">PORTH</governor>
            <dependent idx="17">ANTONIO</dependent>
          </dep>
          <dep type="compound">
            <governor idx="19">PORTH</governor>
            <dependent idx="18">RODRIGUEZ</dependent>
          </dep>
          <dep type="nmod">
            <governor idx="12">TEXT</governor>
            <dependent idx="19">PORTH</dependent>
          </dep>
          <dep type="auxpass">
            <governor idx="21">ASSASSINATED</governor>
            <dependent idx="20">WAS</dependent>
          </dep>
          <dep type="ccomp">
            <governor idx="43">REPORTED</governor>
            <dependent idx="21">ASSASSINATED</dependent>
          </dep>
          <dep type="nmod:tmod">
            <governor idx="21">ASSASSINATED</governor>
            <dependent idx="22">TODAY</dependent>
          </dep>
          <dep type="case">
            <governor idx="25">SALVADOR</governor>
            <dependent idx="23">IN</dependent>
          </dep>
          <dep type="compound">
            <governor idx="25">SALVADOR</governor>
            <dependent idx="24">SAN</dependent>
          </dep>
          <dep type="nmod:in">
            <governor idx="21">ASSASSINATED</governor>
            <dependent idx="25">SALVADOR</dependent>
          </dep>
          <dep type="case">
            <governor idx="28">ATTACK</governor>
            <dependent idx="26">DURING</dependent>
          </dep>
          <dep type="det">
            <governor idx="28">ATTACK</governor>
            <dependent idx="27">AN</dependent>
          </dep>
          <dep type="nmod:during">
            <governor idx="21">ASSASSINATED</governor>
            <dependent idx="28">ATTACK</dependent>
          </dep>
          <dep type="case">
            <governor idx="30">WHICH</governor>
            <dependent idx="29">IN</dependent>
          </dep>
          <dep type="nmod:in">
            <governor idx="38">KILLED</governor>
            <dependent idx="30">WHICH</dependent>
          </dep>
          <dep type="nummod">
            <governor idx="32">MEMBERS</governor>
            <dependent idx="31">TWO</dependent>
          </dep>
          <dep type="nsubjpass">
            <governor idx="38">KILLED</governor>
            <dependent idx="32">MEMBERS</dependent>
          </dep>
          <dep type="case">
            <governor idx="35">ESCORT</governor>
            <dependent idx="33">OF</dependent>
          </dep>
          <dep type="nmod:poss">
            <governor idx="35">ESCORT</governor>
            <dependent idx="34">HIS</dependent>
          </dep>
          <dep type="nmod:of">
            <governor idx="32">MEMBERS</governor>
            <dependent idx="35">ESCORT</dependent>
          </dep>
          <dep type="auxpass">
            <governor idx="38">KILLED</governor>
            <dependent idx="36">WERE</dependent>
          </dep>
          <dep type="advmod">
            <governor idx="38">KILLED</governor>
            <dependent idx="37">ALSO</dependent>
          </dep>
          <dep type="acl:relcl">
            <governor idx="28">ATTACK</governor>
            <dependent idx="38">KILLED</dependent>
          </dep>
          <dep type="det">
            <governor idx="41">POLICE</governor>
            <dependent idx="40">THE</dependent>
          </dep>
          <dep type="nsubj">
            <governor idx="43">REPORTED</governor>
            <dependent idx="41">POLICE</dependent>
          </dep>
          <dep type="aux">
            <governor idx="43">REPORTED</governor>
            <dependent idx="42">HAVE</dependent>
          </dep>
        </dependencies>
      </sentence>
      <sentence id="2">
        <tokens>
          <token id="1">
            <word>THE</word>
            <lemma>the</lemma>
            <CharacterOffsetBegin>243</CharacterOffsetBegin>
            <CharacterOffsetEnd>246</CharacterOffsetEnd>
            <POS>DT</POS>
            <NER>O</NER>
            <Speaker>PER0</Speaker>
          </token>
          <token id="2">
            <word>ATTACK</word>
            <lemma>attack</lemma>
            <CharacterOffsetBegin>247</CharacterOffsetBegin>
            <CharacterOffsetEnd>253</CharacterOffsetEnd>
            <POS>NN</POS>
            <NER>O</NER>
            <Speaker>PER0</Speaker>
          </token>
          <token id="3">
            <word>,</word>
            <lemma>,</lemma>
            <CharacterOffsetBegin>253</CharacterOffsetBegin>
            <CharacterOffsetEnd>254</CharacterOffsetEnd>
            <POS>,</POS>
            <NER>O</NER>
            <Speaker>PER0</Speaker>
          </token>
          <token id="4">
            <word>WHICH</word>
            <lemma>which</lemma>
            <CharacterOffsetBegin>255</CharacterOffsetBegin>
            <CharacterOffsetEnd>260</CharacterOffsetEnd>
            <POS>WDT</POS>
            <NER>O</NER>
            <Speaker>PER0</Speaker>
          </token>
          <token id="5">
            <word>TOOK</word>
            <lemma>take</lemma>
            <CharacterOffsetBegin>261</CharacterOffsetBegin>
            <CharacterOffsetEnd>265</CharacterOffsetEnd>
            <POS>VBD</POS>
            <NER>O</NER>
            <Speaker>PER0</Speaker>
          </token>
          <token id="6">
            <word>PLACE</word>
            <lemma>place</lemma>
            <CharacterOffsetBegin>266</CharacterOffsetBegin>
            <CharacterOffsetEnd>271</CharacterOffsetEnd>
            <POS>NN</POS>
            <NER>O</NER>
            <Speaker>PER0</Speaker>
          </token>
          <token id="7">
            <word>AT</word>
            <lemma>at</lemma>
            <CharacterOffsetBegin>272</CharacterOffsetBegin>
            <CharacterOffsetEnd>274</CharacterOffsetEnd>
            <POS>IN</POS>
            <NER>O</NER>
            <Speaker>PER0</Speaker>
          </token>
          <token id="8">
            <word>0815</word>
            <lemma>0815</lemma>
            <CharacterOffsetBegin>275</CharacterOffsetBegin>
            <CharacterOffsetEnd>279</CharacterOffsetEnd>
            <POS>CD</POS>
            <NER>DATE</NER>
            <NormalizedNER>0815</NormalizedNER>
            <Speaker>PER0</Speaker>
            <Timex tid="t3" type="DATE">0815</Timex>
          </token>
          <token id="9">
            <word>LOCAL</word>
            <lemma>local</lemma>
            <CharacterOffsetBegin>280</CharacterOffsetBegin>
            <CharacterOffsetEnd>285</CharacterOffsetEnd>
            <POS>JJ</POS>
            <NER>O</NER>
            <Speaker>PER0</Speaker>
          </token>
          <token id="10">
            <word>-LRB-</word>
            <lemma>-lrb-</lemma>
            <CharacterOffsetBegin>286</CharacterOffsetBegin>
            <CharacterOffsetEnd>287</CharacterOffsetEnd>
            <POS>-LRB-</POS>
            <NER>O</NER>
            <Speaker>PER0</Speaker>
          </token>
          <token id="11">
            <word>1415</word>
            <lemma>1415</lemma>
            <CharacterOffsetBegin>287</CharacterOffsetBegin>
            <CharacterOffsetEnd>291</CharacterOffsetEnd>
            <POS>CD</POS>
            <NER>DATE</NER>
            <NormalizedNER>1415</NormalizedNER>
            <Speaker>PER0</Speaker>
            <Timex tid="t4" type="DATE">1415</Timex>
          </token>
          <token id="12">
            <word>GMT</word>
            <lemma>GMT</lemma>
            <CharacterOffsetBegin>292</CharacterOffsetBegin>
            <CharacterOffsetEnd>295</CharacterOffsetEnd>
            <POS>NNP</POS>
            <NER>MISC</NER>
            <Speaker>PER0</Speaker>
          </token>
          <token id="13">
            <word>-RRB-</word>
            <lemma>-rrb-</lemma>
            <CharacterOffsetBegin>295</CharacterOffsetBegin>
            <CharacterOffsetEnd>296</CharacterOffsetEnd>
            <POS>-RRB-</POS>
            <NER>O</NER>
            <Speaker>PER0</Speaker>
          </token>
          <token id="14">
            <word>,</word>
            <lemma>,</lemma>
            <CharacterOffsetBegin>296</CharacterOffsetBegin>
            <CharacterOffsetEnd>297</CharacterOffsetEnd>
            <POS>,</POS>
            <NER>O</NER>
            <Speaker>PER0</Speaker>
          </token>
          <token id="15">
            <word>WAS</word>
            <lemma>be</lemma>
            <CharacterOffsetBegin>298</CharacterOffsetBegin>
            <CharacterOffsetEnd>301</CharacterOffsetEnd>
            <POS>VBD</POS>
            <NER>O</NER>
            <Speaker>PER0</Speaker>
          </token>
          <token id="16">
            <word>PERPETRATED</word>
            <lemma>perpetrate</lemma>
            <CharacterOffsetBegin>302</CharacterOffsetBegin>
            <CharacterOffsetEnd>313</CharacterOffsetEnd>
            <POS>VBN</POS>
            <NER>O</NER>
            <Speaker>PER0</Speaker>
          </token>
          <token id="17">
            <word>IN</word>
            <lemma>in</lemma>
            <CharacterOffsetBegin>314</CharacterOffsetBegin>
            <CharacterOffsetEnd>316</CharacterOffsetEnd>
            <POS>IN</POS>
            <NER>O</NER>
            <Speaker>PER0</Speaker>
          </token>
          <token id="18">
            <word>THE</word>
            <lemma>the</lemma>
            <CharacterOffsetBegin>317</CharacterOffsetBegin>
            <CharacterOffsetEnd>320</CharacterOffsetEnd>
            <POS>DT</POS>
            <NER>O</NER>
            <Speaker>PER0</Speaker>
          </token>
          <token id="19">
            <word>CAPITAL</word>
            <lemma>CAPITAL</lemma>
            <CharacterOffsetBegin>321</CharacterOffsetBegin>
            <CharacterOffsetEnd>328</CharacterOffsetEnd>
            <POS>NNP</POS>
            <NER>O</NER>
            <Speaker>PER0</Speaker>
          </token>
          <token id="20">
            <word>CITY</word>
            <lemma>CITY</lemma>
            <CharacterOffsetBegin>329</CharacterOffsetBegin>
            <CharacterOffsetEnd>333</CharacterOffsetEnd>
            <POS>NNP</POS>
            <NER>O</NER>
            <Speaker>PER0</Speaker>
          </token>
          <token id="21">
            <word>BY</word>
            <lemma>by</lemma>
            <CharacterOffsetBegin>334</CharacterOffsetBegin>
            <CharacterOffsetEnd>336</CharacterOffsetEnd>
            <POS>IN</POS>
            <NER>O</NER>
            <Speaker>PER0</Speaker>
          </token>
          <token id="22">
            <word>ALLEGED</word>
            <lemma>alleged</lemma>
            <CharacterOffsetBegin>337</CharacterOffsetBegin>
            <CharacterOffsetEnd>344</CharacterOffsetEnd>
            <POS>JJ</POS>
            <NER>O</NER>
            <Speaker>PER0</Speaker>
          </token>
          <token id="23">
            <word>URBAN</word>
            <lemma>urban</lemma>
            <CharacterOffsetBegin>345</CharacterOffsetBegin>
            <CharacterOffsetEnd>350</CharacterOffsetEnd>
            <POS>JJ</POS>
            <NER>O</NER>
            <Speaker>PER0</Speaker>
          </token>
          <token id="24">
            <word>GUERRILLA</word>
            <lemma>guerrilla</lemma>
            <CharacterOffsetBegin>351</CharacterOffsetBegin>
            <CharacterOffsetEnd>360</CharacterOffsetEnd>
            <POS>NN</POS>
            <NER>O</NER>
            <Speaker>PER0</Speaker>
          </token>
          <token id="25">
            <word>COMMANDOS</word>
            <lemma>commando</lemma>
            <CharacterOffsetBegin>361</CharacterOffsetBegin>
            <CharacterOffsetEnd>370</CharacterOffsetEnd>
            <POS>NNS</POS>
            <NER>O</NER>
            <Speaker>PER0</Speaker>
          </token>
          <token id="26">
            <word>WHO</word>
            <lemma>who</lemma>
            <CharacterOffsetBegin>371</CharacterOffsetBegin>
            <CharacterOffsetEnd>374</CharacterOffsetEnd>
            <POS>WP</POS>
            <NER>O</NER>
            <Speaker>PER0</Speaker>
          </token>
          <token id="27">
            <word>MACHINEGUNNED</word>
            <lemma>machinegunn</lemma>
            <CharacterOffsetBegin>375</CharacterOffsetBegin>
            <CharacterOffsetEnd>388</CharacterOffsetEnd>
            <POS>VBD</POS>
            <NER>O</NER>
            <Speaker>PER0</Speaker>
          </token>
          <token id="28">
            <word>THE</word>
            <lemma>the</lemma>
            <CharacterOffsetBegin>389</CharacterOffsetBegin>
            <CharacterOffsetEnd>392</CharacterOffsetEnd>
            <POS>DT</POS>
            <NER>O</NER>
            <Speaker>PER0</Speaker>
          </token>
          <token id="29">
            <word>MINISTER</word>
            <lemma>minister</lemma>
            <CharacterOffsetBegin>393</CharacterOffsetBegin>
            <CharacterOffsetEnd>401</CharacterOffsetEnd>
            <POS>NN</POS>
            <NER>O</NER>
            <Speaker>PER0</Speaker>
          </token>
          <token id="30">
            <word>'S</word>
            <lemma>'s</lemma>
            <CharacterOffsetBegin>401</CharacterOffsetBegin>
            <CharacterOffsetEnd>403</CharacterOffsetEnd>
            <POS>POS</POS>
            <NER>O</NER>
            <Speaker>PER0</Speaker>
          </token>
          <token id="31">
            <word>RESIDENCE</word>
            <lemma>residence</lemma>
            <CharacterOffsetBegin>404</CharacterOffsetBegin>
            <CharacterOffsetEnd>413</CharacterOffsetEnd>
            <POS>NN</POS>
            <NER>O</NER>
            <Speaker>PER0</Speaker>
          </token>
          <token id="32">
            <word>,</word>
            <lemma>,</lemma>
            <CharacterOffsetBegin>413</CharacterOffsetBegin>
            <CharacterOffsetEnd>414</CharacterOffsetEnd>
            <POS>,</POS>
            <NER>O</NER>
            <Speaker>PER0</Speaker>
          </token>
          <token id="33">
            <word>ACCORDING</word>
            <lemma>accord</lemma>
            <CharacterOffsetBegin>415</CharacterOffsetBegin>
            <CharacterOffsetEnd>424</CharacterOffsetEnd>
            <POS>VBG</POS>
            <NER>O</NER>
            <Speaker>PER0</Speaker>
          </token>
          <token id="34">
            <word>TO</word>
            <lemma>to</lemma>
            <CharacterOffsetBegin>425</CharacterOffsetBegin>
            <CharacterOffsetEnd>427</CharacterOffsetEnd>
            <POS>TO</POS>
            <NER>O</NER>
            <Speaker>PER0</Speaker>
          </token>
          <token id="35">
            <word>POLICE</word>
            <lemma>police</lemma>
            <CharacterOffsetBegin>428</CharacterOffsetBegin>
            <CharacterOffsetEnd>434</CharacterOffsetEnd>
            <POS>NNS</POS>
            <NER>O</NER>
            <Speaker>PER0</Speaker>
          </token>
          <token id="36">
            <word>SOURCES</word>
            <lemma>source</lemma>
            <CharacterOffsetBegin>435</CharacterOffsetBegin>
            <CharacterOffsetEnd>442</CharacterOffsetEnd>
            <POS>NNS</POS>
            <NER>O</NER>
            <Speaker>PER0</Speaker>
          </token>
          <token id="37">
            <word>.</word>
            <lemma>.</lemma>
            <CharacterOffsetBegin>442</CharacterOffsetBegin>
            <CharacterOffsetEnd>443</CharacterOffsetEnd>
            <POS>.</POS>
            <NER>O</NER>
            <Speaker>PER0</Speaker>
          </token>
        </tokens>
        <parse>(ROOT (S (NP (NP (DT THE) (NN ATTACK)) (, ,) (SBAR (WHNP (WDT WHICH)) (S (VP (VBD TOOK) (NP (NN PLACE)) (PP (IN AT) (NP (CD 0815) (JJ LOCAL))) (PRN (-LRB- -LRB-) (NP (NP (CD 1415)) (NP (NNP GMT))) (-RRB- -RRB-))))) (, ,)) (VP (VBD WAS) (VP (VBN PERPETRATED) (PP (IN IN) (NP (DT THE) (NNP CAPITAL) (NNP CITY))) (PP (IN BY) (NP (NP (JJ ALLEGED) (JJ URBAN) (NN GUERRILLA) (NNS COMMANDOS)) (SBAR (WHNP (WP WHO)) (S (VP (VBD MACHINEGUNNED) (NP (NP (DT THE) (NN MINISTER) (POS 'S)) (NN RESIDENCE)) (, ,) (PP (VBG ACCORDING) (PP (TO TO) (NP (NNS POLICE) (NNS SOURCES))))))))))) (. .))) </parse>
        <dependencies type="basic-dependencies">
          <dep type="root">
            <governor idx="0">ROOT</governor>
            <dependent idx="16">PERPETRATED</dependent>
          </dep>
          <dep type="det">
            <governor idx="2">ATTACK</governor>
            <dependent idx="1">THE</dependent>
          </dep>
          <dep type="nsubjpass">
            <governor idx="16">PERPETRATED</governor>
            <dependent idx="2">ATTACK</dependent>
          </dep>
          <dep type="nsubj">
            <governor idx="5">TOOK</governor>
            <dependent idx="4">WHICH</dependent>
          </dep>
          <dep type="acl:relcl">
            <governor idx="2">ATTACK</governor>
            <dependent idx="5">TOOK</dependent>
          </dep>
          <dep type="dobj">
            <governor idx="5">TOOK</governor>
            <dependent idx="6">PLACE</dependent>
          </dep>
          <dep type="case">
            <governor idx="8">0815</governor>
            <dependent idx="7">AT</dependent>
          </dep>
          <dep type="nmod">
            <governor idx="5">TOOK</governor>
            <dependent idx="8">0815</dependent>
          </dep>
          <dep type="amod">
            <governor idx="8">0815</governor>
            <dependent idx="9">LOCAL</dependent>
          </dep>
          <dep type="dep">
            <governor idx="5">TOOK</governor>
            <dependent idx="11">1415</dependent>
          </dep>
          <dep type="appos">
            <governor idx="11">1415</governor>
            <dependent idx="12">GMT</dependent>
          </dep>
          <dep type="auxpass">
            <governor idx="16">PERPETRATED</governor>
            <dependent idx="15">WAS</dependent>
          </dep>
          <dep type="case">
            <governor idx="20">CITY</governor>
            <dependent idx="17">IN</dependent>
          </dep>
          <dep type="det">
            <governor idx="20">CITY</governor>
            <dependent idx="18">THE</dependent>
          </dep>
          <dep type="compound">
            <governor idx="20">CITY</governor>
            <dependent idx="19">CAPITAL</dependent>
          </dep>
          <dep type="nmod">
            <governor idx="16">PERPETRATED</governor>
            <dependent idx="20">CITY</dependent>
          </dep>
          <dep type="case">
            <governor idx="25">COMMANDOS</governor>
            <dependent idx="21">BY</dependent>
          </dep>
          <dep type="amod">
            <governor idx="25">COMMANDOS</governor>
            <dependent idx="22">ALLEGED</dependent>
          </dep>
          <dep type="amod">
            <governor idx="25">COMMANDOS</governor>
            <dependent idx="23">URBAN</dependent>
          </dep>
          <dep type="compound">
            <governor idx="25">COMMANDOS</governor>
            <dependent idx="24">GUERRILLA</dependent>
          </dep>
          <dep type="nmod">
            <governor idx="16">PERPETRATED</governor>
            <dependent idx="25">COMMANDOS</dependent>
          </dep>
          <dep type="nsubj">
            <governor idx="27">MACHINEGUNNED</governor>
            <dependent idx="26">WHO</dependent>
          </dep>
          <dep type="acl:relcl">
            <governor idx="25">COMMANDOS</governor>
            <dependent idx="27">MACHINEGUNNED</dependent>
          </dep>
          <dep type="det">
            <governor idx="29">MINISTER</governor>
            <dependent idx="28">THE</dependent>
          </dep>
          <dep type="nmod:poss">
            <governor idx="31">RESIDENCE</governor>
            <dependent idx="29">MINISTER</dependent>
          </dep>
          <dep type="case">
            <governor idx="29">MINISTER</governor>
            <dependent idx="30">'S</dependent>
          </dep>
          <dep type="dobj">
            <governor idx="27">MACHINEGUNNED</governor>
            <dependent idx="31">RESIDENCE</dependent>
          </dep>
          <dep type="case">
            <governor idx="36">SOURCES</governor>
            <dependent idx="33">ACCORDING</dependent>
          </dep>
          <dep type="case">
            <governor idx="36">SOURCES</governor>
            <dependent idx="34">TO</dependent>
          </dep>
          <dep type="compound">
            <governor idx="36">SOURCES</governor>
            <dependent idx="35">POLICE</dependent>
          </dep>
          <dep type="advcl">
            <governor idx="27">MACHINEGUNNED</governor>
            <dependent idx="36">SOURCES</dependent>
          </dep>
        </dependencies>
        <dependencies type="collapsed-dependencies">
          <dep type="root">
            <governor idx="0">ROOT</governor>
            <dependent idx="16">PERPETRATED</dependent>
          </dep>
          <dep type="det">
            <governor idx="2">ATTACK</governor>
            <dependent idx="1">THE</dependent>
          </dep>
          <dep type="nsubjpass">
            <governor idx="16">PERPETRATED</governor>
            <dependent idx="2">ATTACK</dependent>
          </dep>
          <dep type="nsubj">
            <governor idx="5">TOOK</governor>
            <dependent idx="4">WHICH</dependent>
          </dep>
          <dep type="acl:relcl">
            <governor idx="2">ATTACK</governor>
            <dependent idx="5">TOOK</dependent>
          </dep>
          <dep type="dobj">
            <governor idx="5">TOOK</governor>
            <dependent idx="6">PLACE</dependent>
          </dep>
          <dep type="case">
            <governor idx="8">0815</governor>
            <dependent idx="7">AT</dependent>
          </dep>
          <dep type="nmod:at">
            <governor idx="5">TOOK</governor>
            <dependent idx="8">0815</dependent>
          </dep>
          <dep type="amod">
            <governor idx="8">0815</governor>
            <dependent idx="9">LOCAL</dependent>
          </dep>
          <dep type="dep">
            <governor idx="5">TOOK</governor>
            <dependent idx="11">1415</dependent>
          </dep>
          <dep type="appos">
            <governor idx="11">1415</governor>
            <dependent idx="12">GMT</dependent>
          </dep>
          <dep type="auxpass">
            <governor idx="16">PERPETRATED</governor>
            <dependent idx="15">WAS</dependent>
          </dep>
          <dep type="case">
            <governor idx="20">CITY</governor>
            <dependent idx="17">IN</dependent>
          </dep>
          <dep type="det">
            <governor idx="20">CITY</governor>
            <dependent idx="18">THE</dependent>
          </dep>
          <dep type="compound">
            <governor idx="20">CITY</governor>
            <dependent idx="19">CAPITAL</dependent>
          </dep>
          <dep type="nmod:in">
            <governor idx="16">PERPETRATED</governor>
            <dependent idx="20">CITY</dependent>
          </dep>
          <dep type="case">
            <governor idx="25">COMMANDOS</governor>
            <dependent idx="21">BY</dependent>
          </dep>
          <dep type="amod">
            <governor idx="25">COMMANDOS</governor>
            <dependent idx="22">ALLEGED</dependent>
          </dep>
          <dep type="amod">
            <governor idx="25">COMMANDOS</governor>
            <dependent idx="23">URBAN</dependent>
          </dep>
          <dep type="compound">
            <governor idx="25">COMMANDOS</governor>
            <dependent idx="24">GUERRILLA</dependent>
          </dep>
          <dep type="nmod:agent">
            <governor idx="16">PERPETRATED</governor>
            <dependent idx="25">COMMANDOS</dependent>
          </dep>
          <dep type="nsubj">
            <governor idx="27">MACHINEGUNNED</governor>
            <dependent idx="26">WHO</dependent>
          </dep>
          <dep type="acl:relcl">
            <governor idx="25">COMMANDOS</governor>
            <dependent idx="27">MACHINEGUNNED</dependent>
          </dep>
          <dep type="det">
            <governor idx="29">MINISTER</governor>
            <dependent idx="28">THE</dependent>
          </dep>
          <dep type="nmod:poss">
            <governor idx="31">RESIDENCE</governor>
            <dependent idx="29">MINISTER</dependent>
          </dep>
          <dep type="case">
            <governor idx="29">MINISTER</governor>
            <dependent idx="30">'S</dependent>
          </dep>
          <dep type="dobj">
            <governor idx="27">MACHINEGUNNED</governor>
            <dependent idx="31">RESIDENCE</dependent>
          </dep>
          <dep type="case">
            <governor idx="36">SOURCES</governor>
            <dependent idx="33">ACCORDING</dependent>
          </dep>
          <dep type="mwe">
            <governor idx="33">ACCORDING</governor>
            <dependent idx="34">TO</dependent>
          </dep>
          <dep type="compound">
            <governor idx="36">SOURCES</governor>
            <dependent idx="35">POLICE</dependent>
          </dep>
          <dep type="advcl:according_to">
            <governor idx="27">MACHINEGUNNED</governor>
            <dependent idx="36">SOURCES</dependent>
          </dep>
        </dependencies>
        <dependencies type="collapsed-ccprocessed-dependencies">
          <dep type="root">
            <governor idx="0">ROOT</governor>
            <dependent idx="16">PERPETRATED</dependent>
          </dep>
          <dep type="det">
            <governor idx="2">ATTACK</governor>
            <dependent idx="1">THE</dependent>
          </dep>
          <dep type="nsubjpass">
            <governor idx="16">PERPETRATED</governor>
            <dependent idx="2">ATTACK</dependent>
          </dep>
          <dep type="nsubj">
            <governor idx="5">TOOK</governor>
            <dependent idx="4">WHICH</dependent>
          </dep>
          <dep type="acl:relcl">
            <governor idx="2">ATTACK</governor>
            <dependent idx="5">TOOK</dependent>
          </dep>
          <dep type="dobj">
            <governor idx="5">TOOK</governor>
            <dependent idx="6">PLACE</dependent>
          </dep>
          <dep type="case">
            <governor idx="8">0815</governor>
            <dependent idx="7">AT</dependent>
          </dep>
          <dep type="nmod:at">
            <governor idx="5">TOOK</governor>
            <dependent idx="8">0815</dependent>
          </dep>
          <dep type="amod">
            <governor idx="8">0815</governor>
            <dependent idx="9">LOCAL</dependent>
          </dep>
          <dep type="dep">
            <governor idx="5">TOOK</governor>
            <dependent idx="11">1415</dependent>
          </dep>
          <dep type="appos">
            <governor idx="11">1415</governor>
            <dependent idx="12">GMT</dependent>
          </dep>
          <dep type="auxpass">
            <governor idx="16">PERPETRATED</governor>
            <dependent idx="15">WAS</dependent>
          </dep>
          <dep type="case">
            <governor idx="20">CITY</governor>
            <dependent idx="17">IN</dependent>
          </dep>
          <dep type="det">
            <governor idx="20">CITY</governor>
            <dependent idx="18">THE</dependent>
          </dep>
          <dep type="compound">
            <governor idx="20">CITY</governor>
            <dependent idx="19">CAPITAL</dependent>
          </dep>
          <dep type="nmod:in">
            <governor idx="16">PERPETRATED</governor>
            <dependent idx="20">CITY</dependent>
          </dep>
          <dep type="case">
            <governor idx="25">COMMANDOS</governor>
            <dependent idx="21">BY</dependent>
          </dep>
          <dep type="amod">
            <governor idx="25">COMMANDOS</governor>
            <dependent idx="22">ALLEGED</dependent>
          </dep>
          <dep type="amod">
            <governor idx="25">COMMANDOS</governor>
            <dependent idx="23">URBAN</dependent>
          </dep>
          <dep type="compound">
            <governor idx="25">COMMANDOS</governor>
            <dependent idx="24">GUERRILLA</dependent>
          </dep>
          <dep type="nmod:agent">
            <governor idx="16">PERPETRATED</governor>
            <dependent idx="25">COMMANDOS</dependent>
          </dep>
          <dep type="nsubj">
            <governor idx="27">MACHINEGUNNED</governor>
            <dependent idx="26">WHO</dependent>
          </dep>
          <dep type="acl:relcl">
            <governor idx="25">COMMANDOS</governor>
            <dependent idx="27">MACHINEGUNNED</dependent>
          </dep>
          <dep type="det">
            <governor idx="29">MINISTER</governor>
            <dependent idx="28">THE</dependent>
          </dep>
          <dep type="nmod:poss">
            <governor idx="31">RESIDENCE</governor>
            <dependent idx="29">MINISTER</dependent>
          </dep>
          <dep type="case">
            <governor idx="29">MINISTER</governor>
            <dependent idx="30">'S</dependent>
          </dep>
          <dep type="dobj">
            <governor idx="27">MACHINEGUNNED</governor>
            <dependent idx="31">RESIDENCE</dependent>
          </dep>
          <dep type="case">
            <governor idx="36">SOURCES</governor>
            <dependent idx="33">ACCORDING</dependent>
          </dep>
          <dep type="mwe">
            <governor idx="33">ACCORDING</governor>
            <dependent idx="34">TO</dependent>
          </dep>
          <dep type="compound">
            <governor idx="36">SOURCES</governor>
            <dependent idx="35">POLICE</dependent>
          </dep>
          <dep type="advcl:according_to">
            <governor idx="27">MACHINEGUNNED</governor>
            <dependent idx="36">SOURCES</dependent>
          </dep>
        </dependencies>
      </sentence>
      <sentence id="3">
        <tokens>
          <token id="1">
            <word>RODRIGUEZ</word>
            <lemma>RODRIGUEZ</lemma>
            <CharacterOffsetBegin>448</CharacterOffsetBegin>
            <CharacterOffsetEnd>457</CharacterOffsetEnd>
            <POS>NNP</POS>
            <NER>PERSON</NER>
            <Speaker>PER0</Speaker>
          </token>
          <token id="2">
            <word>PORTH</word>
            <lemma>PORTH</lemma>
            <CharacterOffsetBegin>458</CharacterOffsetBegin>
            <CharacterOffsetEnd>463</CharacterOffsetEnd>
            <POS>NNP</POS>
            <NER>PERSON</NER>
            <Speaker>PER0</Speaker>
          </token>
          <token id="3">
            <word>,</word>
            <lemma>,</lemma>
            <CharacterOffsetBegin>463</CharacterOffsetBegin>
            <CharacterOffsetEnd>464</CharacterOffsetEnd>
            <POS>,</POS>
            <NER>O</NER>
            <Speaker>PER0</Speaker>
          </token>
          <token id="4">
            <word>65</word>
            <lemma>65</lemma>
            <CharacterOffsetBegin>465</CharacterOffsetBegin>
            <CharacterOffsetEnd>467</CharacterOffsetEnd>
            <POS>CD</POS>
            <NER>NUMBER</NER>
            <NormalizedNER>65.0</NormalizedNER>
            <Speaker>PER0</Speaker>
          </token>
          <token id="5">
            <word>,</word>
            <lemma>,</lemma>
            <CharacterOffsetBegin>467</CharacterOffsetBegin>
            <CharacterOffsetEnd>468</CharacterOffsetEnd>
            <POS>,</POS>
            <NER>O</NER>
            <Speaker>PER0</Speaker>
          </token>
          <token id="6">
            <word>WAS</word>
            <lemma>be</lemma>
            <CharacterOffsetBegin>469</CharacterOffsetBegin>
            <CharacterOffsetEnd>472</CharacterOffsetEnd>
            <POS>VBD</POS>
            <NER>O</NER>
            <Speaker>PER0</Speaker>
          </token>
          <token id="7">
            <word>SWORN</word>
            <lemma>swear</lemma>
            <CharacterOffsetBegin>473</CharacterOffsetBegin>
            <CharacterOffsetEnd>478</CharacterOffsetEnd>
            <POS>VBN</POS>
            <NER>O</NER>
            <Speaker>PER0</Speaker>
          </token>
          <token id="8">
            <word>IN</word>
            <lemma>in</lemma>
            <CharacterOffsetBegin>479</CharacterOffsetBegin>
            <CharacterOffsetEnd>481</CharacterOffsetEnd>
            <POS>IN</POS>
            <NER>O</NER>
            <Speaker>PER0</Speaker>
          </token>
          <token id="9">
            <word>AS</word>
            <lemma>as</lemma>
            <CharacterOffsetBegin>482</CharacterOffsetBegin>
            <CharacterOffsetEnd>484</CharacterOffsetEnd>
            <POS>IN</POS>
            <NER>O</NER>
            <Speaker>PER0</Speaker>
          </token>
          <token id="10">
            <word>MINISTER</word>
            <lemma>minister</lemma>
            <CharacterOffsetBegin>485</CharacterOffsetBegin>
            <CharacterOffsetEnd>493</CharacterOffsetEnd>
            <POS>NN</POS>
            <NER>O</NER>
            <Speaker>PER0</Speaker>
          </token>
          <token id="11">
            <word>OF</word>
            <lemma>of</lemma>
            <CharacterOffsetBegin>494</CharacterOffsetBegin>
            <CharacterOffsetEnd>496</CharacterOffsetEnd>
            <POS>IN</POS>
            <NER>O</NER>
            <Speaker>PER0</Speaker>
          </token>
          <token id="12">
            <word>THE</word>
            <lemma>the</lemma>
            <CharacterOffsetBegin>497</CharacterOffsetBegin>
            <CharacterOffsetEnd>500</CharacterOffsetEnd>
            <POS>DT</POS>
            <NER>O</NER>
            <Speaker>PER0</Speaker>
          </token>
          <token id="13">
            <word>PRESIDENCY</word>
            <lemma>presidency</lemma>
            <CharacterOffsetBegin>501</CharacterOffsetBegin>
            <CharacterOffsetEnd>511</CharacterOffsetEnd>
            <POS>NN</POS>
            <NER>O</NER>
            <Speaker>PER0</Speaker>
          </token>
          <token id="14">
            <word>ON</word>
            <lemma>on</lemma>
            <CharacterOffsetBegin>512</CharacterOffsetBegin>
            <CharacterOffsetEnd>514</CharacterOffsetEnd>
            <POS>IN</POS>
            <NER>O</NER>
            <Speaker>PER0</Speaker>
          </token>
          <token id="15">
            <word>1</word>
            <lemma>1</lemma>
            <CharacterOffsetBegin>515</CharacterOffsetBegin>
            <CharacterOffsetEnd>516</CharacterOffsetEnd>
            <POS>CD</POS>
            <NER>DATE</NER>
            <NormalizedNER>XXXX-06-01</NormalizedNER>
            <Speaker>PER0</Speaker>
            <Timex tid="t5" type="DATE">XXXX-06-01</Timex>
          </token>
          <token id="16">
            <word>JUNE</word>
            <lemma>JUNE</lemma>
            <CharacterOffsetBegin>517</CharacterOffsetBegin>
            <CharacterOffsetEnd>521</CharacterOffsetEnd>
            <POS>NNP</POS>
            <NER>DATE</NER>
            <NormalizedNER>XXXX-06-01</NormalizedNER>
            <Speaker>PER0</Speaker>
            <Timex tid="t5" type="DATE">XXXX-06-01</Timex>
          </token>
          <token id="17">
            <word>.</word>
            <lemma>.</lemma>
            <CharacterOffsetBegin>521</CharacterOffsetBegin>
            <CharacterOffsetEnd>522</CharacterOffsetEnd>
            <POS>.</POS>
            <NER>O</NER>
            <Speaker>PER0</Speaker>
          </token>
        </tokens>
        <parse>(ROOT (S (NP (NP (NNP RODRIGUEZ) (NNP PORTH)) (, ,) (NP (CD 65)) (, ,)) (VP (VBD WAS) (VP (VBN SWORN) (PP (IN IN) (IN AS) (NP (NP (NN MINISTER)) (PP (IN OF) (NP (NP (DT THE) (NN PRESIDENCY)) (PP (IN ON) (NP (CD 1))))))) (NP-TMP (NNP JUNE)))) (. .))) </parse>
        <dependencies type="basic-dependencies">
          <dep type="root">
            <governor idx="0">ROOT</governor>
            <dependent idx="7">SWORN</dependent>
          </dep>
          <dep type="compound">
            <governor idx="2">PORTH</governor>
            <dependent idx="1">RODRIGUEZ</dependent>
          </dep>
          <dep type="nsubjpass">
            <governor idx="7">SWORN</governor>
            <dependent idx="2">PORTH</dependent>
          </dep>
          <dep type="amod">
            <governor idx="2">PORTH</governor>
            <dependent idx="4">65</dependent>
          </dep>
          <dep type="auxpass">
            <governor idx="7">SWORN</governor>
            <dependent idx="6">WAS</dependent>
          </dep>
          <dep type="case">
            <governor idx="10">MINISTER</governor>
            <dependent idx="8">IN</dependent>
          </dep>
          <dep type="case">
            <governor idx="10">MINISTER</governor>
            <dependent idx="9">AS</dependent>
          </dep>
          <dep type="nmod">
            <governor idx="7">SWORN</governor>
            <dependent idx="10">MINISTER</dependent>
          </dep>
          <dep type="case">
            <governor idx="13">PRESIDENCY</governor>
            <dependent idx="11">OF</dependent>
          </dep>
          <dep type="det">
            <governor idx="13">PRESIDENCY</governor>
            <dependent idx="12">THE</dependent>
          </dep>
          <dep type="nmod">
            <governor idx="10">MINISTER</governor>
            <dependent idx="13">PRESIDENCY</dependent>
          </dep>
          <dep type="case">
            <governor idx="15">1</governor>
            <dependent idx="14">ON</dependent>
          </dep>
          <dep type="nmod">
            <governor idx="13">PRESIDENCY</governor>
            <dependent idx="15">1</dependent>
          </dep>
          <dep type="nmod:tmod">
            <governor idx="7">SWORN</governor>
            <dependent idx="16">JUNE</dependent>
          </dep>
        </dependencies>
        <dependencies type="collapsed-dependencies">
          <dep type="root">
            <governor idx="0">ROOT</governor>
            <dependent idx="7">SWORN</dependent>
          </dep>
          <dep type="compound">
            <governor idx="2">PORTH</governor>
            <dependent idx="1">RODRIGUEZ</dependent>
          </dep>
          <dep type="nsubjpass">
            <governor idx="7">SWORN</governor>
            <dependent idx="2">PORTH</dependent>
          </dep>
          <dep type="amod">
            <governor idx="2">PORTH</governor>
            <dependent idx="4">65</dependent>
          </dep>
          <dep type="auxpass">
            <governor idx="7">SWORN</governor>
            <dependent idx="6">WAS</dependent>
          </dep>
          <dep type="case">
            <governor idx="10">MINISTER</governor>
            <dependent idx="8">IN</dependent>
          </dep>
          <dep type="case">
            <governor idx="10">MINISTER</governor>
            <dependent idx="9">AS</dependent>
          </dep>
          <dep type="nmod:as">
            <governor idx="7">SWORN</governor>
            <dependent idx="10">MINISTER</dependent>
          </dep>
          <dep type="case">
            <governor idx="13">PRESIDENCY</governor>
            <dependent idx="11">OF</dependent>
          </dep>
          <dep type="det">
            <governor idx="13">PRESIDENCY</governor>
            <dependent idx="12">THE</dependent>
          </dep>
          <dep type="nmod:of">
            <governor idx="10">MINISTER</governor>
            <dependent idx="13">PRESIDENCY</dependent>
          </dep>
          <dep type="case">
            <governor idx="15">1</governor>
            <dependent idx="14">ON</dependent>
          </dep>
          <dep type="nmod:on">
            <governor idx="13">PRESIDENCY</governor>
            <dependent idx="15">1</dependent>
          </dep>
          <dep type="nmod:tmod">
            <governor idx="7">SWORN</governor>
            <dependent idx="16">JUNE</dependent>
          </dep>
        </dependencies>
        <dependencies type="collapsed-ccprocessed-dependencies">
          <dep type="root">
            <governor idx="0">ROOT</governor>
            <dependent idx="7">SWORN</dependent>
          </dep>
          <dep type="compound">
            <governor idx="2">PORTH</governor>
            <dependent idx="1">RODRIGUEZ</dependent>
          </dep>
          <dep type="nsubjpass">
            <governor idx="7">SWORN</governor>
            <dependent idx="2">PORTH</dependent>
          </dep>
          <dep type="amod">
            <governor idx="2">PORTH</governor>
            <dependent idx="4">65</dependent>
          </dep>
          <dep type="auxpass">
            <governor idx="7">SWORN</governor>
            <dependent idx="6">WAS</dependent>
          </dep>
          <dep type="case">
            <governor idx="10">MINISTER</governor>
            <dependent idx="8">IN</dependent>
          </dep>
          <dep type="case">
            <governor idx="10">MINISTER</governor>
            <dependent idx="9">AS</dependent>
          </dep>
          <dep type="nmod:as">
            <governor idx="7">SWORN</governor>
            <dependent idx="10">MINISTER</dependent>
          </dep>
          <dep type="case">
            <governor idx="13">PRESIDENCY</governor>
            <dependent idx="11">OF</dependent>
          </dep>
          <dep type="det">
            <governor idx="13">PRESIDENCY</governor>
            <dependent idx="12">THE</dependent>
          </dep>
          <dep type="nmod:of">
            <governor idx="10">MINISTER</governor>
            <dependent idx="13">PRESIDENCY</dependent>
          </dep>
          <dep type="case">
            <governor idx="15">1</governor>
            <dependent idx="14">ON</dependent>
          </dep>
          <dep type="nmod:on">
            <governor idx="13">PRESIDENCY</governor>
            <dependent idx="15">1</dependent>
          </dep>
          <dep type="nmod:tmod">
            <governor idx="7">SWORN</governor>
            <dependent idx="16">JUNE</dependent>
          </dep>
        </dependencies>
      </sentence>
      <sentence id="4">
        <tokens>
          <token id="1">
            <word>HE</word>
            <lemma>he</lemma>
            <CharacterOffsetBegin>524</CharacterOffsetBegin>
            <CharacterOffsetEnd>526</CharacterOffsetEnd>
            <POS>PRP</POS>
            <NER>O</NER>
            <Speaker>PER0</Speaker>
          </token>
          <token id="2">
            <word>WAS</word>
            <lemma>be</lemma>
            <CharacterOffsetBegin>527</CharacterOffsetBegin>
            <CharacterOffsetEnd>530</CharacterOffsetEnd>
            <POS>VBD</POS>
            <NER>O</NER>
            <Speaker>PER0</Speaker>
          </token>
          <token id="3">
            <word>ONE</word>
            <lemma>one</lemma>
            <CharacterOffsetBegin>531</CharacterOffsetBegin>
            <CharacterOffsetEnd>534</CharacterOffsetEnd>
            <POS>CD</POS>
            <NER>NUMBER</NER>
            <NormalizedNER>1.0</NormalizedNER>
            <Speaker>PER0</Speaker>
          </token>
          <token id="4">
            <word>OF</word>
            <lemma>of</lemma>
            <CharacterOffsetBegin>535</CharacterOffsetBegin>
            <CharacterOffsetEnd>537</CharacterOffsetEnd>
            <POS>IN</POS>
            <NER>O</NER>
            <Speaker>PER0</Speaker>
          </token>
          <token id="5">
            <word>THE</word>
            <lemma>the</lemma>
            <CharacterOffsetBegin>538</CharacterOffsetBegin>
            <CharacterOffsetEnd>541</CharacterOffsetEnd>
            <POS>DT</POS>
            <NER>O</NER>
            <Speaker>PER0</Speaker>
          </token>
          <token id="6">
            <word>MAIN</word>
            <lemma>main</lemma>
            <CharacterOffsetBegin>542</CharacterOffsetBegin>
            <CharacterOffsetEnd>546</CharacterOffsetEnd>
            <POS>JJ</POS>
            <NER>O</NER>
            <Speaker>PER0</Speaker>
          </token>
          <token id="7">
            <word>LEADERS</word>
            <lemma>leader</lemma>
            <CharacterOffsetBegin>547</CharacterOffsetBegin>
            <CharacterOffsetEnd>554</CharacterOffsetEnd>
            <POS>NNS</POS>
            <NER>O</NER>
            <Speaker>PER0</Speaker>
          </token>
          <token id="8">
            <word>OF</word>
            <lemma>of</lemma>
            <CharacterOffsetBegin>555</CharacterOffsetBegin>
            <CharacterOffsetEnd>557</CharacterOffsetEnd>
            <POS>IN</POS>
            <NER>O</NER>
            <Speaker>PER0</Speaker>
          </token>
          <token id="9">
            <word>THE</word>
            <lemma>the</lemma>
            <CharacterOffsetBegin>558</CharacterOffsetBegin>
            <CharacterOffsetEnd>561</CharacterOffsetEnd>
            <POS>DT</POS>
            <NER>O</NER>
            <Speaker>PER0</Speaker>
          </token>
          <token id="10">
            <word>NATIONALIST</word>
            <lemma>nationalist</lemma>
            <CharacterOffsetBegin>562</CharacterOffsetBegin>
            <CharacterOffsetEnd>573</CharacterOffsetEnd>
            <POS>JJ</POS>
            <NER>ORGANIZATION</NER>
            <Speaker>PER0</Speaker>
          </token>
          <token id="11">
            <word>REPUBLICAN</word>
            <lemma>republican</lemma>
            <CharacterOffsetBegin>574</CharacterOffsetBegin>
            <CharacterOffsetEnd>584</CharacterOffsetEnd>
            <POS>JJ</POS>
            <NER>ORGANIZATION</NER>
            <Speaker>PER0</Speaker>
          </token>
          <token id="12">
            <word>ALLIANCE</word>
            <lemma>alliance</lemma>
            <CharacterOffsetBegin>585</CharacterOffsetBegin>
            <CharacterOffsetEnd>593</CharacterOffsetEnd>
            <POS>NN</POS>
            <NER>ORGANIZATION</NER>
            <Speaker>PER0</Speaker>
          </token>
          <token id="13">
            <word>-LRB-</word>
            <lemma>-lrb-</lemma>
            <CharacterOffsetBegin>594</CharacterOffsetBegin>
            <CharacterOffsetEnd>595</CharacterOffsetEnd>
            <POS>-LRB-</POS>
            <NER>O</NER>
            <Speaker>PER0</Speaker>
          </token>
          <token id="14">
            <word>ARENA</word>
            <lemma>arena</lemma>
            <CharacterOffsetBegin>595</CharacterOffsetBegin>
            <CharacterOffsetEnd>600</CharacterOffsetEnd>
            <POS>NN</POS>
            <NER>O</NER>
            <Speaker>PER0</Speaker>
          </token>
          <token id="15">
            <word>-RRB-</word>
            <lemma>-rrb-</lemma>
            <CharacterOffsetBegin>600</CharacterOffsetBegin>
            <CharacterOffsetEnd>601</CharacterOffsetEnd>
            <POS>-RRB-</POS>
            <NER>O</NER>
            <Speaker>PER0</Speaker>
          </token>
          <token id="16">
            <word>AND</word>
            <lemma>and</lemma>
            <CharacterOffsetBegin>602</CharacterOffsetBegin>
            <CharacterOffsetEnd>605</CharacterOffsetEnd>
            <POS>CC</POS>
            <NER>O</NER>
            <Speaker>PER0</Speaker>
          </token>
          <token id="17">
            <word>OF</word>
            <lemma>of</lemma>
            <CharacterOffsetBegin>606</CharacterOffsetBegin>
            <CharacterOffsetEnd>608</CharacterOffsetEnd>
            <POS>IN</POS>
            <NER>O</NER>
            <Speaker>PER0</Speaker>
          </token>
          <token id="18">
            <word>THE</word>
            <lemma>the</lemma>
            <CharacterOffsetBegin>609</CharacterOffsetBegin>
            <CharacterOffsetEnd>612</CharacterOffsetEnd>
            <POS>DT</POS>
            <NER>O</NER>
            <Speaker>PER0</Speaker>
          </token>
          <token id="19">
            <word>SALVADORAN</word>
            <lemma>salvadoran</lemma>
            <CharacterOffsetBegin>613</CharacterOffsetBegin>
            <CharacterOffsetEnd>623</CharacterOffsetEnd>
            <POS>JJ</POS>
            <NER>MISC</NER>
            <Speaker>PER0</Speaker>
          </token>
          <token id="20">
            <word>BUSINESS</word>
            <lemma>business</lemma>
            <CharacterOffsetBegin>624</CharacterOffsetBegin>
            <CharacterOffsetEnd>632</CharacterOffsetEnd>
            <POS>NN</POS>
            <NER>O</NER>
            <Speaker>PER0</Speaker>
          </token>
          <token id="21">
            <word>SECTOR</word>
            <lemma>sector</lemma>
            <CharacterOffsetBegin>633</CharacterOffsetBegin>
            <CharacterOffsetEnd>639</CharacterOffsetEnd>
            <POS>NN</POS>
            <NER>O</NER>
            <Speaker>PER0</Speaker>
          </token>
          <token id="22">
            <word>.</word>
            <lemma>.</lemma>
            <CharacterOffsetBegin>639</CharacterOffsetBegin>
            <CharacterOffsetEnd>640</CharacterOffsetEnd>
            <POS>.</POS>
            <NER>O</NER>
            <Speaker>PER0</Speaker>
          </token>
        </tokens>
        <parse>(ROOT (S (NP (PRP HE)) (VP (VBD WAS) (UCP (NP (NP (CD ONE)) (PP (IN OF) (NP (NP (DT THE) (JJ MAIN) (NNS LEADERS)) (PP (IN OF) (NP (NP (DT THE) (JJ NATIONALIST) (JJ REPUBLICAN) (NN ALLIANCE)) (PRN (-LRB- -LRB-) (NP (NN ARENA)) (-RRB- -RRB-))))))) (CC AND) (PP (IN OF) (NP (DT THE) (JJ SALVADORAN) (NN BUSINESS) (NN SECTOR))))) (. .))) </parse>
        <dependencies type="basic-dependencies">
          <dep type="root">
            <governor idx="0">ROOT</governor>
            <dependent idx="3">ONE</dependent>
          </dep>
          <dep type="nsubj">
            <governor idx="3">ONE</governor>
            <dependent idx="1">HE</dependent>
          </dep>
          <dep type="cop">
            <governor idx="3">ONE</governor>
            <dependent idx="2">WAS</dependent>
          </dep>
          <dep type="case">
            <governor idx="7">LEADERS</governor>
            <dependent idx="4">OF</dependent>
          </dep>
          <dep type="det">
            <governor idx="7">LEADERS</governor>
            <dependent idx="5">THE</dependent>
          </dep>
          <dep type="amod">
            <governor idx="7">LEADERS</governor>
            <dependent idx="6">MAIN</dependent>
          </dep>
          <dep type="nmod">
            <governor idx="3">ONE</governor>
            <dependent idx="7">LEADERS</dependent>
          </dep>
          <dep type="case">
            <governor idx="12">ALLIANCE</governor>
            <dependent idx="8">OF</dependent>
          </dep>
          <dep type="det">
            <governor idx="12">ALLIANCE</governor>
            <dependent idx="9">THE</dependent>
          </dep>
          <dep type="amod">
            <governor idx="12">ALLIANCE</governor>
            <dependent idx="10">NATIONALIST</dependent>
          </dep>
          <dep type="amod">
            <governor idx="12">ALLIANCE</governor>
            <dependent idx="11">REPUBLICAN</dependent>
          </dep>
          <dep type="nmod">
            <governor idx="7">LEADERS</governor>
            <dependent idx="12">ALLIANCE</dependent>
          </dep>
          <dep type="appos">
            <governor idx="12">ALLIANCE</governor>
            <dependent idx="14">ARENA</dependent>
          </dep>
          <dep type="cc">
            <governor idx="3">ONE</governor>
            <dependent idx="16">AND</dependent>
          </dep>
          <dep type="case">
            <governor idx="21">SECTOR</governor>
            <dependent idx="17">OF</dependent>
          </dep>
          <dep type="det">
            <governor idx="21">SECTOR</governor>
            <dependent idx="18">THE</dependent>
          </dep>
          <dep type="amod">
            <governor idx="21">SECTOR</governor>
            <dependent idx="19">SALVADORAN</dependent>
          </dep>
          <dep type="compound">
            <governor idx="21">SECTOR</governor>
            <dependent idx="20">BUSINESS</dependent>
          </dep>
          <dep type="conj">
            <governor idx="3">ONE</governor>
            <dependent idx="21">SECTOR</dependent>
          </dep>
        </dependencies>
        <dependencies type="collapsed-dependencies">
          <dep type="root">
            <governor idx="0">ROOT</governor>
            <dependent idx="3">ONE</dependent>
          </dep>
          <dep type="nsubj">
            <governor idx="3">ONE</governor>
            <dependent idx="1">HE</dependent>
          </dep>
          <dep type="cop">
            <governor idx="3">ONE</governor>
            <dependent idx="2">WAS</dependent>
          </dep>
          <dep type="case">
            <governor idx="7">LEADERS</governor>
            <dependent idx="4">OF</dependent>
          </dep>
          <dep type="det">
            <governor idx="7">LEADERS</governor>
            <dependent idx="5">THE</dependent>
          </dep>
          <dep type="amod">
            <governor idx="7">LEADERS</governor>
            <dependent idx="6">MAIN</dependent>
          </dep>
          <dep type="nmod:of">
            <governor idx="3">ONE</governor>
            <dependent idx="7">LEADERS</dependent>
          </dep>
          <dep type="case">
            <governor idx="12">ALLIANCE</governor>
            <dependent idx="8">OF</dependent>
          </dep>
          <dep type="det">
            <governor idx="12">ALLIANCE</governor>
            <dependent idx="9">THE</dependent>
          </dep>
          <dep type="amod">
            <governor idx="12">ALLIANCE</governor>
            <dependent idx="10">NATIONALIST</dependent>
          </dep>
          <dep type="amod">
            <governor idx="12">ALLIANCE</governor>
            <dependent idx="11">REPUBLICAN</dependent>
          </dep>
          <dep type="nmod:of">
            <governor idx="7">LEADERS</governor>
            <dependent idx="12">ALLIANCE</dependent>
          </dep>
          <dep type="appos">
            <governor idx="12">ALLIANCE</governor>
            <dependent idx="14">ARENA</dependent>
          </dep>
          <dep type="cc">
            <governor idx="3">ONE</governor>
            <dependent idx="16">AND</dependent>
          </dep>
          <dep type="case">
            <governor idx="21">SECTOR</governor>
            <dependent idx="17">OF</dependent>
          </dep>
          <dep type="det">
            <governor idx="21">SECTOR</governor>
            <dependent idx="18">THE</dependent>
          </dep>
          <dep type="amod">
            <governor idx="21">SECTOR</governor>
            <dependent idx="19">SALVADORAN</dependent>
          </dep>
          <dep type="compound">
            <governor idx="21">SECTOR</governor>
            <dependent idx="20">BUSINESS</dependent>
          </dep>
          <dep type="conj:and">
            <governor idx="3">ONE</governor>
            <dependent idx="21">SECTOR</dependent>
          </dep>
        </dependencies>
        <dependencies type="collapsed-ccprocessed-dependencies">
          <dep type="root">
            <governor idx="0">ROOT</governor>
            <dependent idx="3">ONE</dependent>
          </dep>
          <dep type="nsubj">
            <governor idx="3">ONE</governor>
            <dependent idx="1">HE</dependent>
          </dep>
          <dep type="cop">
            <governor idx="3">ONE</governor>
            <dependent idx="2">WAS</dependent>
          </dep>
          <dep type="case">
            <governor idx="7">LEADERS</governor>
            <dependent idx="4">OF</dependent>
          </dep>
          <dep type="det">
            <governor idx="7">LEADERS</governor>
            <dependent idx="5">THE</dependent>
          </dep>
          <dep type="amod">
            <governor idx="7">LEADERS</governor>
            <dependent idx="6">MAIN</dependent>
          </dep>
          <dep type="nmod:of">
            <governor idx="3">ONE</governor>
            <dependent idx="7">LEADERS</dependent>
          </dep>
          <dep type="case">
            <governor idx="12">ALLIANCE</governor>
            <dependent idx="8">OF</dependent>
          </dep>
          <dep type="det">
            <governor idx="12">ALLIANCE</governor>
            <dependent idx="9">THE</dependent>
          </dep>
          <dep type="amod">
            <governor idx="12">ALLIANCE</governor>
            <dependent idx="10">NATIONALIST</dependent>
          </dep>
          <dep type="amod">
            <governor idx="12">ALLIANCE</governor>
            <dependent idx="11">REPUBLICAN</dependent>
          </dep>
          <dep type="nmod:of">
            <governor idx="7">LEADERS</governor>
            <dependent idx="12">ALLIANCE</dependent>
          </dep>
          <dep type="appos">
            <governor idx="12">ALLIANCE</governor>
            <dependent idx="14">ARENA</dependent>
          </dep>
          <dep type="cc">
            <governor idx="3">ONE</governor>
            <dependent idx="16">AND</dependent>
          </dep>
          <dep type="case">
            <governor idx="21">SECTOR</governor>
            <dependent idx="17">OF</dependent>
          </dep>
          <dep type="det">
            <governor idx="21">SECTOR</governor>
            <dependent idx="18">THE</dependent>
          </dep>
          <dep type="amod">
            <governor idx="21">SECTOR</governor>
            <dependent idx="19">SALVADORAN</dependent>
          </dep>
          <dep type="compound">
            <governor idx="21">SECTOR</governor>
            <dependent idx="20">BUSINESS</dependent>
          </dep>
          <dep type="conj:and">
            <governor idx="3">ONE</governor>
            <dependent idx="21">SECTOR</dependent>
          </dep>
        </dependencies>
      </sentence>
    </sentences>
    <coreference>
      <coreference>
        <mention representative="true">
          <sentence>1</sentence>
          <start>1</start>
          <end>3</end>
          <head>2</head>
          <text>SAN SALVADOR</text>
        </mention>
        <mention>
          <sentence>1</sentence>
          <start>24</start>
          <end>26</end>
          <head>25</head>
          <text>SAN SALVADOR</text>
        </mention>
      </coreference>
      <coreference>
        <mention representative="true">
          <sentence>1</sentence>
          <start>6</start>
          <end>10</end>
          <head>8</head>
          <text>89 -LRB- ACAN-EFE -RRB-</text>
        </mention>
        <mention>
          <sentence>1</sentence>
          <start>34</start>
          <end>35</end>
          <head>34</head>
          <text>HIS</text>
        </mention>
      </coreference>
      <coreference>
        <mention representative="true">
          <sentence>1</sentence>
          <start>14</start>
          <end>20</end>
          <head>19</head>
          <text>SALVADORAN PRESIDENCY MINISTER ANTONIO RODRIGUEZ PORTH</text>
        </mention>
        <mention>
          <sentence>3</sentence>
          <start>1</start>
          <end>3</end>
          <head>2</head>
          <text>RODRIGUEZ PORTH</text>
        </mention>
        <mention>
          <sentence>4</sentence>
          <start>1</start>
          <end>2</end>
          <head>1</head>
          <text>HE</text>
        </mention>
      </coreference>
      <coreference>
        <mention representative="true">
          <sentence>1</sentence>
          <start>27</start>
          <end>39</end>
          <head>28</head>
          <text>AN ATTACK IN WHICH TWO MEMBERS OF HIS ESCORT WERE ALSO KILLED</text>
        </mention>
        <mention>
          <sentence>2</sentence>
          <start>1</start>
          <end>3</end>
          <head>2</head>
          <text>THE ATTACK</text>
        </mention>
      </coreference>
    </coreference>
  </document>
</root>
