<?xml version="1.0" encoding="ASCII"?>
<?xml-stylesheet href="CoreNLP-to-HTML.xsl" type="text/xsl"?>
<root>
  <document>
    <sentences>
      <sentence id="1">
        <tokens>
          <token id="1">
            <word>SAN</word>
            <lemma>SAN</lemma>
            <CharacterOffsetBegin>3</CharacterOffsetBegin>
            <CharacterOffsetEnd>6</CharacterOffsetEnd>
            <POS>NNP</POS>
            <NER>LOCATION</NER>
            <Speaker>PER0</Speaker>
          </token>
          <token id="2">
            <word>SALVADOR</word>
            <lemma>SALVADOR</lemma>
            <CharacterOffsetBegin>7</CharacterOffsetBegin>
            <CharacterOffsetEnd>15</CharacterOffsetEnd>
            <POS>NNP</POS>
            <NER>LOCATION</NER>
            <Speaker>PER0</Speaker>
          </token>
          <token id="3">
            <word>,</word>
            <lemma>,</lemma>
            <CharacterOffsetBegin>15</CharacterOffsetBegin>
            <CharacterOffsetEnd>16</CharacterOffsetEnd>
            <POS>,</POS>
            <NER>O</NER>
            <Speaker>PER0</Speaker>
          </token>
          <token id="4">
            <word>13</word>
            <lemma>13</lemma>
            <CharacterOffsetBegin>17</CharacterOffsetBegin>
            <CharacterOffsetEnd>19</CharacterOffsetEnd>
            <POS>CD</POS>
            <NER>DATE</NER>
            <NormalizedNER>XXXX-07-13</NormalizedNER>
            <Speaker>PER0</Speaker>
            <Timex tid="t1" type="DATE">XXXX-07-13</Timex>
          </token>
          <token id="5">
            <word>JUL</word>
            <lemma>JUL</lemma>
            <CharacterOffsetBegin>20</CharacterOffsetBegin>
            <CharacterOffsetEnd>23</CharacterOffsetEnd>
            <POS>NNP</POS>
            <NER>DATE</NER>
            <NormalizedNER>XXXX-07-13</NormalizedNER>
            <Speaker>PER0</Speaker>
            <Timex tid="t1" type="DATE">XXXX-07-13</Timex>
          </token>
          <token id="6">
            <word>89</word>
            <lemma>89</lemma>
            <CharacterOffsetBegin>24</CharacterOffsetBegin>
            <CharacterOffsetEnd>26</CharacterOffsetEnd>
            <POS>CD</POS>
            <NER>NUMBER</NER>
            <NormalizedNER>89.0</NormalizedNER>
            <Speaker>PER0</Speaker>
          </token>
          <token id="7">
            <word>-LRB-</word>
            <lemma>-lrb-</lemma>
            <CharacterOffsetBegin>27</CharacterOffsetBegin>
            <CharacterOffsetEnd>28</CharacterOffsetEnd>
            <POS>-LRB-</POS>
            <NER>O</NER>
            <Speaker>PER0</Speaker>
          </token>
          <token id="8">
            <word>RADIO</word>
            <lemma>radio</lemma>
            <CharacterOffsetBegin>28</CharacterOffsetBegin>
            <CharacterOffsetEnd>33</CharacterOffsetEnd>
            <POS>NN</POS>
            <NER>O</NER>
            <Speaker>PER0</Speaker>
          </token>
          <token id="9">
            <word>CADENA</word>
            <lemma>cadena</lemma>
            <CharacterOffsetBegin>34</CharacterOffsetBegin>
            <CharacterOffsetEnd>40</CharacterOffsetEnd>
            <POS>NN</POS>
            <NER>O</NER>
            <Speaker>PER0</Speaker>
          </token>
          <token id="10">
            <word>YSKL</word>
            <lemma>yskl</lemma>
            <CharacterOffsetBegin>41</CharacterOffsetBegin>
            <CharacterOffsetEnd>45</CharacterOffsetEnd>
            <POS>NN</POS>
            <NER>O</NER>
            <Speaker>PER0</Speaker>
          </token>
          <token id="11">
            <word>-RRB-</word>
            <lemma>-rrb-</lemma>
            <CharacterOffsetBegin>45</CharacterOffsetBegin>
            <CharacterOffsetEnd>46</CharacterOffsetEnd>
            <POS>-RRB-</POS>
            <NER>O</NER>
            <Speaker>PER0</Speaker>
          </token>
          <token id="12">
            <word>--</word>
            <lemma>--</lemma>
            <CharacterOffsetBegin>47</CharacterOffsetBegin>
            <CharacterOffsetEnd>49</CharacterOffsetEnd>
            <POS>:</POS>
            <NER>O</NER>
            <Speaker>PER0</Speaker>
          </token>
          <token id="13">
            <word>-LSB-</word>
            <lemma>-lsb-</lemma>
            <CharacterOffsetBegin>50</CharacterOffsetBegin>
            <CharacterOffsetEnd>51</CharacterOffsetEnd>
            <POS>-LRB-</POS>
            <NER>O</NER>
            <Speaker>PER0</Speaker>
          </token>
          <token id="14">
            <word>TEXT</word>
            <lemma>text</lemma>
            <CharacterOffsetBegin>51</CharacterOffsetBegin>
            <CharacterOffsetEnd>55</CharacterOffsetEnd>
            <POS>NN</POS>
            <NER>O</NER>
            <Speaker>PER0</Speaker>
          </token>
          <token id="15">
            <word>-RSB-</word>
            <lemma>-rsb-</lemma>
            <CharacterOffsetBegin>55</CharacterOffsetBegin>
            <CharacterOffsetEnd>56</CharacterOffsetEnd>
            <POS>-RRB-</POS>
            <NER>O</NER>
            <Speaker>PER0</Speaker>
          </token>
          <token id="16">
            <word>AT</word>
            <lemma>at</lemma>
            <CharacterOffsetBegin>57</CharacterOffsetBegin>
            <CharacterOffsetEnd>59</CharacterOffsetEnd>
            <POS>IN</POS>
            <NER>O</NER>
            <Speaker>PER0</Speaker>
          </token>
          <token id="17">
            <word>0600</word>
            <lemma>0600</lemma>
            <CharacterOffsetBegin>60</CharacterOffsetBegin>
            <CharacterOffsetEnd>64</CharacterOffsetEnd>
            <POS>CD</POS>
            <NER>TIME</NER>
            <NormalizedNER>THIS MO INTERSECT 0600</NormalizedNER>
            <Speaker>PER0</Speaker>
            <Timex tid="t2" type="DATE"/>
          </token>
          <token id="18">
            <word>THIS</word>
            <lemma>this</lemma>
            <CharacterOffsetBegin>65</CharacterOffsetBegin>
            <CharacterOffsetEnd>69</CharacterOffsetEnd>
            <POS>DT</POS>
            <NER>TIME</NER>
            <NormalizedNER>THIS MO INTERSECT 0600</NormalizedNER>
            <Speaker>PER0</Speaker>
            <Timex tid="t2" type="DATE"/>
          </token>
          <token id="19">
            <word>MORNING</word>
            <lemma>morning</lemma>
            <CharacterOffsetBegin>70</CharacterOffsetBegin>
            <CharacterOffsetEnd>77</CharacterOffsetEnd>
            <POS>NN</POS>
            <NER>TIME</NER>
            <NormalizedNER>THIS MO INTERSECT 0600</NormalizedNER>
            <Speaker>PER0</Speaker>
            <Timex tid="t2" type="DATE"/>
          </token>
          <token id="20">
            <word>,</word>
            <lemma>,</lemma>
            <CharacterOffsetBegin>77</CharacterOffsetBegin>
            <CharacterOffsetEnd>78</CharacterOffsetEnd>
            <POS>,</POS>
            <NER>O</NER>
            <Speaker>PER0</Speaker>
          </token>
          <token id="21">
            <word>FMLN</word>
            <lemma>fmln</lemma>
            <CharacterOffsetBegin>79</CharacterOffsetBegin>
            <CharacterOffsetEnd>83</CharacterOffsetEnd>
            <POS>NN</POS>
            <NER>ORGANIZATION</NER>
            <Speaker>PER0</Speaker>
          </token>
          <token id="22">
            <word>URBAN</word>
            <lemma>urban</lemma>
            <CharacterOffsetBegin>84</CharacterOffsetBegin>
            <CharacterOffsetEnd>89</CharacterOffsetEnd>
            <POS>JJ</POS>
            <NER>O</NER>
            <Speaker>PER0</Speaker>
          </token>
          <token id="23">
            <word>GUERRILLAS</word>
            <lemma>guerrilla</lemma>
            <CharacterOffsetBegin>90</CharacterOffsetBegin>
            <CharacterOffsetEnd>100</CharacterOffsetEnd>
            <POS>NNS</POS>
            <NER>O</NER>
            <Speaker>PER0</Speaker>
          </token>
          <token id="24">
            <word>SET</word>
            <lemma>set</lemma>
            <CharacterOffsetBegin>101</CharacterOffsetBegin>
            <CharacterOffsetEnd>104</CharacterOffsetEnd>
            <POS>VBN</POS>
            <NER>O</NER>
            <Speaker>PER0</Speaker>
          </token>
          <token id="25">
            <word>OFF</word>
            <lemma>off</lemma>
            <CharacterOffsetBegin>105</CharacterOffsetBegin>
            <CharacterOffsetEnd>108</CharacterOffsetEnd>
            <POS>RP</POS>
            <NER>O</NER>
            <Speaker>PER0</Speaker>
          </token>
          <token id="26">
            <word>A</word>
            <lemma>a</lemma>
            <CharacterOffsetBegin>109</CharacterOffsetBegin>
            <CharacterOffsetEnd>110</CharacterOffsetEnd>
            <POS>DT</POS>
            <NER>O</NER>
            <Speaker>PER0</Speaker>
          </token>
          <token id="27">
            <word>BOMB</word>
            <lemma>bomb</lemma>
            <CharacterOffsetBegin>111</CharacterOffsetBegin>
            <CharacterOffsetEnd>115</CharacterOffsetEnd>
            <POS>NN</POS>
            <NER>O</NER>
            <Speaker>PER0</Speaker>
          </token>
          <token id="28">
            <word>IN</word>
            <lemma>in</lemma>
            <CharacterOffsetBegin>116</CharacterOffsetBegin>
            <CharacterOffsetEnd>118</CharacterOffsetEnd>
            <POS>IN</POS>
            <NER>O</NER>
            <Speaker>PER0</Speaker>
          </token>
          <token id="29">
            <word>THE</word>
            <lemma>the</lemma>
            <CharacterOffsetBegin>119</CharacterOffsetBegin>
            <CharacterOffsetEnd>122</CharacterOffsetEnd>
            <POS>DT</POS>
            <NER>O</NER>
            <Speaker>PER0</Speaker>
          </token>
          <token id="30">
            <word>BASEMENT</word>
            <lemma>basement</lemma>
            <CharacterOffsetBegin>123</CharacterOffsetBegin>
            <CharacterOffsetEnd>131</CharacterOffsetEnd>
            <POS>NN</POS>
            <NER>O</NER>
            <Speaker>PER0</Speaker>
          </token>
          <token id="31">
            <word>OF</word>
            <lemma>of</lemma>
            <CharacterOffsetBegin>132</CharacterOffsetBegin>
            <CharacterOffsetEnd>134</CharacterOffsetEnd>
            <POS>IN</POS>
            <NER>O</NER>
            <Speaker>PER0</Speaker>
          </token>
          <token id="32">
            <word>THE</word>
            <lemma>the</lemma>
            <CharacterOffsetBegin>135</CharacterOffsetBegin>
            <CharacterOffsetEnd>138</CharacterOffsetEnd>
            <POS>DT</POS>
            <NER>O</NER>
            <Speaker>PER0</Speaker>
          </token>
          <token id="33">
            <word>DEMOCRACY</word>
            <lemma>democracy</lemma>
            <CharacterOffsetBegin>139</CharacterOffsetBegin>
            <CharacterOffsetEnd>148</CharacterOffsetEnd>
            <POS>NN</POS>
            <NER>O</NER>
            <Speaker>PER0</Speaker>
          </token>
          <token id="34">
            <word>TOWER</word>
            <lemma>tower</lemma>
            <CharacterOffsetBegin>149</CharacterOffsetBegin>
            <CharacterOffsetEnd>154</CharacterOffsetEnd>
            <POS>NN</POS>
            <NER>O</NER>
            <Speaker>PER0</Speaker>
          </token>
          <token id="35">
            <word>BUILDING</word>
            <lemma>building</lemma>
            <CharacterOffsetBegin>155</CharacterOffsetBegin>
            <CharacterOffsetEnd>163</CharacterOffsetEnd>
            <POS>NN</POS>
            <NER>O</NER>
            <Speaker>PER0</Speaker>
          </token>
          <token id="36">
            <word>IN</word>
            <lemma>in</lemma>
            <CharacterOffsetBegin>164</CharacterOffsetBegin>
            <CharacterOffsetEnd>166</CharacterOffsetEnd>
            <POS>IN</POS>
            <NER>O</NER>
            <Speaker>PER0</Speaker>
          </token>
          <token id="37">
            <word>WESTERN</word>
            <lemma>western</lemma>
            <CharacterOffsetBegin>167</CharacterOffsetBegin>
            <CharacterOffsetEnd>174</CharacterOffsetEnd>
            <POS>JJ</POS>
            <NER>O</NER>
            <Speaker>PER0</Speaker>
          </token>
          <token id="38">
            <word>SAN</word>
            <lemma>SAN</lemma>
            <CharacterOffsetBegin>175</CharacterOffsetBegin>
            <CharacterOffsetEnd>178</CharacterOffsetEnd>
            <POS>NNP</POS>
            <NER>LOCATION</NER>
            <Speaker>PER0</Speaker>
          </token>
          <token id="39">
            <word>SALVADOR</word>
            <lemma>SALVADOR</lemma>
            <CharacterOffsetBegin>179</CharacterOffsetBegin>
            <CharacterOffsetEnd>187</CharacterOffsetEnd>
            <POS>NNP</POS>
            <NER>LOCATION</NER>
            <Speaker>PER0</Speaker>
          </token>
          <token id="40">
            <word>.</word>
            <lemma>.</lemma>
            <CharacterOffsetBegin>187</CharacterOffsetBegin>
            <CharacterOffsetEnd>188</CharacterOffsetEnd>
            <POS>.</POS>
            <NER>O</NER>
            <Speaker>PER0</Speaker>
          </token>
        </tokens>
        <parse>(ROOT (NP (NP (NP (NNP SAN) (NNP SALVADOR)) (, ,) (NP (NP (CD 13) (NNP JUL) (CD 89)) (-LRB- -LRB-) (NP (NN RADIO) (NN CADENA) (NN YSKL)) (-RRB- -RRB-))) (: --) (NP (NP (NP (-LRB- -LSB-) (NN TEXT)) (VP (-RRB- -RSB-) (PP (IN AT) (NP (CD 0600))) (NP-TMP (DT THIS) (NN MORNING)))) (, ,) (NP (NP (NN FMLN) (JJ URBAN) (NNS GUERRILLAS)) (VP (VBN SET) (PRT (RP OFF)) (NP (NP (DT A) (NN BOMB)) (PP (IN IN) (NP (NP (DT THE) (NN BASEMENT)) (PP (IN OF) (NP (DT THE) (NN DEMOCRACY) (NN TOWER) (NN BUILDING)))))) (PP (IN IN) (NP (JJ WESTERN) (NNP SAN) (NNP SALVADOR)))))) (. .))) </parse>
        <dependencies type="basic-dependencies">
          <dep type="root">
            <governor idx="0">ROOT</governor>
            <dependent idx="2">SALVADOR</dependent>
          </dep>
          <dep type="compound">
            <governor idx="2">SALVADOR</governor>
            <dependent idx="1">SAN</dependent>
          </dep>
          <dep type="nummod">
            <governor idx="5">JUL</governor>
            <dependent idx="4">13</dependent>
          </dep>
          <dep type="appos">
            <governor idx="2">SALVADOR</governor>
            <dependent idx="5">JUL</dependent>
          </dep>
          <dep type="nummod">
            <governor idx="5">JUL</governor>
            <dependent idx="6">89</dependent>
          </dep>
          <dep type="compound">
            <governor idx="10">YSKL</governor>
            <dependent idx="8">RADIO</dependent>
          </dep>
          <dep type="compound">
            <governor idx="10">YSKL</governor>
            <dependent idx="9">CADENA</dependent>
          </dep>
          <dep type="dep">
            <governor idx="5">JUL</governor>
            <dependent idx="10">YSKL</dependent>
          </dep>
          <dep type="dep">
            <governor idx="2">SALVADOR</governor>
            <dependent idx="14">TEXT</dependent>
          </dep>
          <dep type="case">
            <governor idx="17">0600</governor>
            <dependent idx="16">AT</dependent>
          </dep>
          <dep type="nmod">
            <governor idx="19">MORNING</governor>
            <dependent idx="17">0600</dependent>
          </dep>
          <dep type="det">
            <governor idx="19">MORNING</governor>
            <dependent idx="18">THIS</dependent>
          </dep>
          <dep type="dep">
            <governor idx="14">TEXT</governor>
            <dependent idx="19">MORNING</dependent>
          </dep>
          <dep type="compound">
            <governor idx="23">GUERRILLAS</governor>
            <dependent idx="21">FMLN</dependent>
          </dep>
          <dep type="amod">
            <governor idx="23">GUERRILLAS</governor>
            <dependent idx="22">URBAN</dependent>
          </dep>
          <dep type="appos">
            <governor idx="14">TEXT</governor>
            <dependent idx="23">GUERRILLAS</dependent>
          </dep>
          <dep type="acl">
            <governor idx="23">GUERRILLAS</governor>
            <dependent idx="24">SET</dependent>
          </dep>
          <dep type="compound:prt">
            <governor idx="24">SET</governor>
            <dependent idx="25">OFF</dependent>
          </dep>
          <dep type="det">
            <governor idx="27">BOMB</governor>
            <dependent idx="26">A</dependent>
          </dep>
          <dep type="dobj">
            <governor idx="24">SET</governor>
            <dependent idx="27">BOMB</dependent>
          </dep>
          <dep type="case">
            <governor idx="30">BASEMENT</governor>
            <dependent idx="28">IN</dependent>
          </dep>
          <dep type="det">
            <governor idx="30">BASEMENT</governor>
            <dependent idx="29">THE</dependent>
          </dep>
          <dep type="nmod">
            <governor idx="27">BOMB</governor>
            <dependent idx="30">BASEMENT</dependent>
          </dep>
          <dep type="case">
            <governor idx="35">BUILDING</governor>
            <dependent idx="31">OF</dependent>
          </dep>
          <dep type="det">
            <governor idx="35">BUILDING</governor>
            <dependent idx="32">THE</dependent>
          </dep>
          <dep type="compound">
            <governor idx="35">BUILDING</governor>
            <dependent idx="33">DEMOCRACY</dependent>
          </dep>
          <dep type="compound">
            <governor idx="35">BUILDING</governor>
            <dependent idx="34">TOWER</dependent>
          </dep>
          <dep type="nmod">
            <governor idx="30">BASEMENT</governor>
            <dependent idx="35">BUILDING</dependent>
          </dep>
          <dep type="case">
            <governor idx="39">SALVADOR</governor>
            <dependent idx="36">IN</dependent>
          </dep>
          <dep type="amod">
            <governor idx="39">SALVADOR</governor>
            <dependent idx="37">WESTERN</dependent>
          </dep>
          <dep type="compound">
            <governor idx="39">SALVADOR</governor>
            <dependent idx="38">SAN</dependent>
          </dep>
          <dep type="nmod">
            <governor idx="24">SET</governor>
            <dependent idx="39">SALVADOR</dependent>
          </dep>
        </dependencies>
        <dependencies type="collapsed-dependencies">
          <dep type="root">
            <governor idx="0">ROOT</governor>
            <dependent idx="2">SALVADOR</dependent>
          </dep>
          <dep type="compound">
            <governor idx="2">SALVADOR</governor>
            <dependent idx="1">SAN</dependent>
          </dep>
          <dep type="nummod">
            <governor idx="5">JUL</governor>
            <dependent idx="4">13</dependent>
          </dep>
          <dep type="appos">
            <governor idx="2">SALVADOR</governor>
            <dependent idx="5">JUL</dependent>
          </dep>
          <dep type="nummod">
            <governor idx="5">JUL</governor>
            <dependent idx="6">89</dependent>
          </dep>
          <dep type="compound">
            <governor idx="10">YSKL</governor>
            <dependent idx="8">RADIO</dependent>
          </dep>
          <dep type="compound">
            <governor idx="10">YSKL</governor>
            <dependent idx="9">CADENA</dependent>
          </dep>
          <dep type="dep">
            <governor idx="5">JUL</governor>
            <dependent idx="10">YSKL</dependent>
          </dep>
          <dep type="dep">
            <governor idx="2">SALVADOR</governor>
            <dependent idx="14">TEXT</dependent>
          </dep>
          <dep type="case">
            <governor idx="17">0600</governor>
            <dependent idx="16">AT</dependent>
          </dep>
          <dep type="nmod:at">
            <governor idx="19">MORNING</governor>
            <dependent idx="17">0600</dependent>
          </dep>
          <dep type="det">
            <governor idx="19">MORNING</governor>
            <dependent idx="18">THIS</dependent>
          </dep>
          <dep type="dep">
            <governor idx="14">TEXT</governor>
            <dependent idx="19">MORNING</dependent>
          </dep>
          <dep type="compound">
            <governor idx="23">GUERRILLAS</governor>
            <dependent idx="21">FMLN</dependent>
          </dep>
          <dep type="amod">
            <governor idx="23">GUERRILLAS</governor>
            <dependent idx="22">URBAN</dependent>
          </dep>
          <dep type="appos">
            <governor idx="14">TEXT</governor>
            <dependent idx="23">GUERRILLAS</dependent>
          </dep>
          <dep type="acl">
            <governor idx="23">GUERRILLAS</governor>
            <dependent idx="24">SET</dependent>
          </dep>
          <dep type="compound:prt">
            <governor idx="24">SET</governor>
            <dependent idx="25">OFF</dependent>
          </dep>
          <dep type="det">
            <governor idx="27">BOMB</governor>
            <dependent idx="26">A</dependent>
          </dep>
          <dep type="dobj">
            <governor idx="24">SET</governor>
            <dependent idx="27">BOMB</dependent>
          </dep>
          <dep type="case">
            <governor idx="30">BASEMENT</governor>
            <dependent idx="28">IN</dependent>
          </dep>
          <dep type="det">
            <governor idx="30">BASEMENT</governor>
            <dependent idx="29">THE</dependent>
          </dep>
          <dep type="nmod:in">
            <governor idx="27">BOMB</governor>
            <dependent idx="30">BASEMENT</dependent>
          </dep>
          <dep type="case">
            <governor idx="35">BUILDING</governor>
            <dependent idx="31">OF</dependent>
          </dep>
          <dep type="det">
            <governor idx="35">BUILDING</governor>
            <dependent idx="32">THE</dependent>
          </dep>
          <dep type="compound">
            <governor idx="35">BUILDING</governor>
            <dependent idx="33">DEMOCRACY</dependent>
          </dep>
          <dep type="compound">
            <governor idx="35">BUILDING</governor>
            <dependent idx="34">TOWER</dependent>
          </dep>
          <dep type="nmod:of">
            <governor idx="30">BASEMENT</governor>
            <dependent idx="35">BUILDING</dependent>
          </dep>
          <dep type="case">
            <governor idx="39">SALVADOR</governor>
            <dependent idx="36">IN</dependent>
          </dep>
          <dep type="amod">
            <governor idx="39">SALVADOR</governor>
            <dependent idx="37">WESTERN</dependent>
          </dep>
          <dep type="compound">
            <governor idx="39">SALVADOR</governor>
            <dependent idx="38">SAN</dependent>
          </dep>
          <dep type="nmod:in">
            <governor idx="24">SET</governor>
            <dependent idx="39">SALVADOR</dependent>
          </dep>
        </dependencies>
        <dependencies type="collapsed-ccprocessed-dependencies">
          <dep type="root">
            <governor idx="0">ROOT</governor>
            <dependent idx="2">SALVADOR</dependent>
          </dep>
          <dep type="compound">
            <governor idx="2">SALVADOR</governor>
            <dependent idx="1">SAN</dependent>
          </dep>
          <dep type="nummod">
            <governor idx="5">JUL</governor>
            <dependent idx="4">13</dependent>
          </dep>
          <dep type="appos">
            <governor idx="2">SALVADOR</governor>
            <dependent idx="5">JUL</dependent>
          </dep>
          <dep type="nummod">
            <governor idx="5">JUL</governor>
            <dependent idx="6">89</dependent>
          </dep>
          <dep type="compound">
            <governor idx="10">YSKL</governor>
            <dependent idx="8">RADIO</dependent>
          </dep>
          <dep type="compound">
            <governor idx="10">YSKL</governor>
            <dependent idx="9">CADENA</dependent>
          </dep>
          <dep type="dep">
            <governor idx="5">JUL</governor>
            <dependent idx="10">YSKL</dependent>
          </dep>
          <dep type="dep">
            <governor idx="2">SALVADOR</governor>
            <dependent idx="14">TEXT</dependent>
          </dep>
          <dep type="case">
            <governor idx="17">0600</governor>
            <dependent idx="16">AT</dependent>
          </dep>
          <dep type="nmod:at">
            <governor idx="19">MORNING</governor>
            <dependent idx="17">0600</dependent>
          </dep>
          <dep type="det">
            <governor idx="19">MORNING</governor>
            <dependent idx="18">THIS</dependent>
          </dep>
          <dep type="dep">
            <governor idx="14">TEXT</governor>
            <dependent idx="19">MORNING</dependent>
          </dep>
          <dep type="compound">
            <governor idx="23">GUERRILLAS</governor>
            <dependent idx="21">FMLN</dependent>
          </dep>
          <dep type="amod">
            <governor idx="23">GUERRILLAS</governor>
            <dependent idx="22">URBAN</dependent>
          </dep>
          <dep type="appos">
            <governor idx="14">TEXT</governor>
            <dependent idx="23">GUERRILLAS</dependent>
          </dep>
          <dep type="acl">
            <governor idx="23">GUERRILLAS</governor>
            <dependent idx="24">SET</dependent>
          </dep>
          <dep type="compound:prt">
            <governor idx="24">SET</governor>
            <dependent idx="25">OFF</dependent>
          </dep>
          <dep type="det">
            <governor idx="27">BOMB</governor>
            <dependent idx="26">A</dependent>
          </dep>
          <dep type="dobj">
            <governor idx="24">SET</governor>
            <dependent idx="27">BOMB</dependent>
          </dep>
          <dep type="case">
            <governor idx="30">BASEMENT</governor>
            <dependent idx="28">IN</dependent>
          </dep>
          <dep type="det">
            <governor idx="30">BASEMENT</governor>
            <dependent idx="29">THE</dependent>
          </dep>
          <dep type="nmod:in">
            <governor idx="27">BOMB</governor>
            <dependent idx="30">BASEMENT</dependent>
          </dep>
          <dep type="case">
            <governor idx="35">BUILDING</governor>
            <dependent idx="31">OF</dependent>
          </dep>
          <dep type="det">
            <governor idx="35">BUILDING</governor>
            <dependent idx="32">THE</dependent>
          </dep>
          <dep type="compound">
            <governor idx="35">BUILDING</governor>
            <dependent idx="33">DEMOCRACY</dependent>
          </dep>
          <dep type="compound">
            <governor idx="35">BUILDING</governor>
            <dependent idx="34">TOWER</dependent>
          </dep>
          <dep type="nmod:of">
            <governor idx="30">BASEMENT</governor>
            <dependent idx="35">BUILDING</dependent>
          </dep>
          <dep type="case">
            <governor idx="39">SALVADOR</governor>
            <dependent idx="36">IN</dependent>
          </dep>
          <dep type="amod">
            <governor idx="39">SALVADOR</governor>
            <dependent idx="37">WESTERN</dependent>
          </dep>
          <dep type="compound">
            <governor idx="39">SALVADOR</governor>
            <dependent idx="38">SAN</dependent>
          </dep>
          <dep type="nmod:in">
            <governor idx="24">SET</governor>
            <dependent idx="39">SALVADOR</dependent>
          </dep>
        </dependencies>
      </sentence>
      <sentence id="2">
        <tokens>
          <token id="1">
            <word>THE</word>
            <lemma>the</lemma>
            <CharacterOffsetBegin>190</CharacterOffsetBegin>
            <CharacterOffsetEnd>193</CharacterOffsetEnd>
            <POS>DT</POS>
            <NER>O</NER>
            <Speaker>PER0</Speaker>
          </token>
          <token id="2">
            <word>BOMB</word>
            <lemma>bomb</lemma>
            <CharacterOffsetBegin>194</CharacterOffsetBegin>
            <CharacterOffsetEnd>198</CharacterOffsetEnd>
            <POS>NN</POS>
            <NER>O</NER>
            <Speaker>PER0</Speaker>
          </token>
          <token id="3">
            <word>DESTROYED</word>
            <lemma>destroy</lemma>
            <CharacterOffsetBegin>199</CharacterOffsetBegin>
            <CharacterOffsetEnd>208</CharacterOffsetEnd>
            <POS>VBD</POS>
            <NER>O</NER>
            <Speaker>PER0</Speaker>
          </token>
          <token id="4">
            <word>APPROXIMATELY</word>
            <lemma>approximately</lemma>
            <CharacterOffsetBegin>209</CharacterOffsetBegin>
            <CharacterOffsetEnd>222</CharacterOffsetEnd>
            <POS>RB</POS>
            <NER>O</NER>
            <Speaker>PER0</Speaker>
          </token>
          <token id="5">
            <word>30</word>
            <lemma>30</lemma>
            <CharacterOffsetBegin>223</CharacterOffsetBegin>
            <CharacterOffsetEnd>225</CharacterOffsetEnd>
            <POS>CD</POS>
            <NER>PERCENT</NER>
            <NormalizedNER>~%30.0</NormalizedNER>
            <Speaker>PER0</Speaker>
          </token>
          <token id="6">
            <word>PERCENT</word>
            <lemma>percent</lemma>
            <CharacterOffsetBegin>226</CharacterOffsetBegin>
            <CharacterOffsetEnd>233</CharacterOffsetEnd>
            <POS>NN</POS>
            <NER>PERCENT</NER>
            <NormalizedNER>~%30.0</NormalizedNER>
            <Speaker>PER0</Speaker>
          </token>
          <token id="7">
            <word>OF</word>
            <lemma>of</lemma>
            <CharacterOffsetBegin>234</CharacterOffsetBegin>
            <CharacterOffsetEnd>236</CharacterOffsetEnd>
            <POS>IN</POS>
            <NER>O</NER>
            <Speaker>PER0</Speaker>
          </token>
          <token id="8">
            <word>THE</word>
            <lemma>the</lemma>
            <CharacterOffsetBegin>237</CharacterOffsetBegin>
            <CharacterOffsetEnd>240</CharacterOffsetEnd>
            <POS>DT</POS>
            <NER>O</NER>
            <Speaker>PER0</Speaker>
          </token>
          <token id="9">
            <word>WINDOWS</word>
            <lemma>window</lemma>
            <CharacterOffsetBegin>241</CharacterOffsetBegin>
            <CharacterOffsetEnd>248</CharacterOffsetEnd>
            <POS>NNS</POS>
            <NER>O</NER>
            <Speaker>PER0</Speaker>
          </token>
          <token id="10">
            <word>IN</word>
            <lemma>in</lemma>
            <CharacterOffsetBegin>249</CharacterOffsetBegin>
            <CharacterOffsetEnd>251</CharacterOffsetEnd>
            <POS>IN</POS>
            <NER>O</NER>
            <Speaker>PER0</Speaker>
          </token>
          <token id="11">
            <word>THE</word>
            <lemma>the</lemma>
            <CharacterOffsetBegin>252</CharacterOffsetBegin>
            <CharacterOffsetEnd>255</CharacterOffsetEnd>
            <POS>DT</POS>
            <NER>O</NER>
            <Speaker>PER0</Speaker>
          </token>
          <token id="12">
            <word>BUILDING</word>
            <lemma>building</lemma>
            <CharacterOffsetBegin>256</CharacterOffsetBegin>
            <CharacterOffsetEnd>264</CharacterOffsetEnd>
            <POS>NN</POS>
            <NER>O</NER>
            <Speaker>PER0</Speaker>
          </token>
          <token id="13">
            <word>.</word>
            <lemma>.</lemma>
            <CharacterOffsetBegin>264</CharacterOffsetBegin>
            <CharacterOffsetEnd>265</CharacterOffsetEnd>
            <POS>.</POS>
            <NER>O</NER>
            <Speaker>PER0</Speaker>
          </token>
        </tokens>
        <parse>(ROOT (S (NP (DT THE) (NN BOMB)) (VP (VBD DESTROYED) (NP (NP (QP (RB APPROXIMATELY) (CD 30)) (NN PERCENT)) (PP (IN OF) (NP (DT THE) (NNS WINDOWS)))) (PP (IN IN) (NP (DT THE) (NN BUILDING)))) (. .))) </parse>
        <dependencies type="basic-dependencies">
          <dep type="root">
            <governor idx="0">ROOT</governor>
            <dependent idx="3">DESTROYED</dependent>
          </dep>
          <dep type="det">
            <governor idx="2">BOMB</governor>
            <dependent idx="1">THE</dependent>
          </dep>
          <dep type="nsubj">
            <governor idx="3">DESTROYED</governor>
            <dependent idx="2">BOMB</dependent>
          </dep>
          <dep type="advmod">
            <governor idx="5">30</governor>
            <dependent idx="4">APPROXIMATELY</dependent>
          </dep>
          <dep type="nummod">
            <governor idx="6">PERCENT</governor>
            <dependent idx="5">30</dependent>
          </dep>
          <dep type="dobj">
            <governor idx="3">DESTROYED</governor>
            <dependent idx="6">PERCENT</dependent>
          </dep>
          <dep type="case">
            <governor idx="9">WINDOWS</governor>
            <dependent idx="7">OF</dependent>
          </dep>
          <dep type="det">
            <governor idx="9">WINDOWS</governor>
            <dependent idx="8">THE</dependent>
          </dep>
          <dep type="nmod">
            <governor idx="6">PERCENT</governor>
            <dependent idx="9">WINDOWS</dependent>
          </dep>
          <dep type="case">
            <governor idx="12">BUILDING</governor>
            <dependent idx="10">IN</dependent>
          </dep>
          <dep type="det">
            <governor idx="12">BUILDING</governor>
            <dependent idx="11">THE</dependent>
          </dep>
          <dep type="nmod">
            <governor idx="3">DESTROYED</governor>
            <dependent idx="12">BUILDING</dependent>
          </dep>
        </dependencies>
        <dependencies type="collapsed-dependencies">
          <dep type="root">
            <governor idx="0">ROOT</governor>
            <dependent idx="3">DESTROYED</dependent>
          </dep>
          <dep type="det">
            <governor idx="2">BOMB</governor>
            <dependent idx="1">THE</dependent>
          </dep>
          <dep type="nsubj">
            <governor idx="3">DESTROYED</governor>
            <dependent idx="2">BOMB</dependent>
          </dep>
          <dep type="advmod">
            <governor idx="5">30</governor>
            <dependent idx="4">APPROXIMATELY</dependent>
          </dep>
          <dep type="nummod">
            <governor idx="6">PERCENT</governor>
            <dependent idx="5">30</dependent>
          </dep>
          <dep type="dobj">
            <governor idx="3">DESTROYED</governor>
            <dependent idx="6">PERCENT</dependent>
          </dep>
          <dep type="case">
            <governor idx="9">WINDOWS</governor>
            <dependent idx="7">OF</dependent>
          </dep>
          <dep type="det">
            <governor idx="9">WINDOWS</governor>
            <dependent idx="8">THE</dependent>
          </dep>
          <dep type="nmod:of">
            <governor idx="6">PERCENT</governor>
            <dependent idx="9">WINDOWS</dependent>
          </dep>
          <dep type="case">
            <governor idx="12">BUILDING</governor>
            <dependent idx="10">IN</dependent>
          </dep>
          <dep type="det">
            <governor idx="12">BUILDING</governor>
            <dependent idx="11">THE</dependent>
          </dep>
          <dep type="nmod:in">
            <governor idx="3">DESTROYED</governor>
            <dependent idx="12">BUILDING</dependent>
          </dep>
        </dependencies>
        <dependencies type="collapsed-ccprocessed-dependencies">
          <dep type="root">
            <governor idx="0">ROOT</governor>
            <dependent idx="3">DESTROYED</dependent>
          </dep>
          <dep type="det">
            <governor idx="2">BOMB</governor>
            <dependent idx="1">THE</dependent>
          </dep>
          <dep type="nsubj">
            <governor idx="3">DESTROYED</governor>
            <dependent idx="2">BOMB</dependent>
          </dep>
          <dep type="advmod">
            <governor idx="5">30</governor>
            <dependent idx="4">APPROXIMATELY</dependent>
          </dep>
          <dep type="nummod">
            <governor idx="6">PERCENT</governor>
            <dependent idx="5">30</dependent>
          </dep>
          <dep type="dobj">
            <governor idx="3">DESTROYED</governor>
            <dependent idx="6">PERCENT</dependent>
          </dep>
          <dep type="case">
            <governor idx="9">WINDOWS</governor>
            <dependent idx="7">OF</dependent>
          </dep>
          <dep type="det">
            <governor idx="9">WINDOWS</governor>
            <dependent idx="8">THE</dependent>
          </dep>
          <dep type="nmod:of">
            <governor idx="6">PERCENT</governor>
            <dependent idx="9">WINDOWS</dependent>
          </dep>
          <dep type="case">
            <governor idx="12">BUILDING</governor>
            <dependent idx="10">IN</dependent>
          </dep>
          <dep type="det">
            <governor idx="12">BUILDING</governor>
            <dependent idx="11">THE</dependent>
          </dep>
          <dep type="nmod:in">
            <governor idx="3">DESTROYED</governor>
            <dependent idx="12">BUILDING</dependent>
          </dep>
        </dependencies>
      </sentence>
      <sentence id="3">
        <tokens>
          <token id="1">
            <word>REPORTS</word>
            <lemma>report</lemma>
            <CharacterOffsetBegin>267</CharacterOffsetBegin>
            <CharacterOffsetEnd>274</CharacterOffsetEnd>
            <POS>NNS</POS>
            <NER>O</NER>
            <Speaker>PER0</Speaker>
          </token>
          <token id="2">
            <word>INDICATE</word>
            <lemma>indicate</lemma>
            <CharacterOffsetBegin>275</CharacterOffsetBegin>
            <CharacterOffsetEnd>283</CharacterOffsetEnd>
            <POS>VBP</POS>
            <NER>O</NER>
            <Speaker>PER0</Speaker>
          </token>
          <token id="3">
            <word>THAT</word>
            <lemma>that</lemma>
            <CharacterOffsetBegin>284</CharacterOffsetBegin>
            <CharacterOffsetEnd>288</CharacterOffsetEnd>
            <POS>IN</POS>
            <NER>O</NER>
            <Speaker>PER0</Speaker>
          </token>
          <token id="4">
            <word>FMLN</word>
            <lemma>fmln</lemma>
            <CharacterOffsetBegin>289</CharacterOffsetBegin>
            <CharacterOffsetEnd>293</CharacterOffsetEnd>
            <POS>NN</POS>
            <NER>MISC</NER>
            <Speaker>PER0</Speaker>
          </token>
          <token id="5">
            <word>URBAN</word>
            <lemma>urban</lemma>
            <CharacterOffsetBegin>294</CharacterOffsetBegin>
            <CharacterOffsetEnd>299</CharacterOffsetEnd>
            <POS>JJ</POS>
            <NER>MISC</NER>
            <Speaker>PER0</Speaker>
          </token>
          <token id="6">
            <word>GUERRILLAS</word>
            <lemma>guerrilla</lemma>
            <CharacterOffsetBegin>300</CharacterOffsetBegin>
            <CharacterOffsetEnd>310</CharacterOffsetEnd>
            <POS>NNS</POS>
            <NER>O</NER>
            <Speaker>PER0</Speaker>
          </token>
          <token id="7">
            <word>DROVE</word>
            <lemma>drive</lemma>
            <CharacterOffsetBegin>311</CharacterOffsetBegin>
            <CharacterOffsetEnd>316</CharacterOffsetEnd>
            <POS>VBD</POS>
            <NER>O</NER>
            <Speaker>PER0</Speaker>
          </token>
          <token id="8">
            <word>A</word>
            <lemma>a</lemma>
            <CharacterOffsetBegin>317</CharacterOffsetBegin>
            <CharacterOffsetEnd>318</CharacterOffsetEnd>
            <POS>DT</POS>
            <NER>O</NER>
            <Speaker>PER0</Speaker>
          </token>
          <token id="9">
            <word>VEHICLE</word>
            <lemma>vehicle</lemma>
            <CharacterOffsetBegin>319</CharacterOffsetBegin>
            <CharacterOffsetEnd>326</CharacterOffsetEnd>
            <POS>NN</POS>
            <NER>O</NER>
            <Speaker>PER0</Speaker>
          </token>
          <token id="10">
            <word>INTO</word>
            <lemma>into</lemma>
            <CharacterOffsetBegin>327</CharacterOffsetBegin>
            <CharacterOffsetEnd>331</CharacterOffsetEnd>
            <POS>IN</POS>
            <NER>O</NER>
            <Speaker>PER0</Speaker>
          </token>
          <token id="11">
            <word>THE</word>
            <lemma>the</lemma>
            <CharacterOffsetBegin>332</CharacterOffsetBegin>
            <CharacterOffsetEnd>335</CharacterOffsetEnd>
            <POS>DT</POS>
            <NER>O</NER>
            <Speaker>PER0</Speaker>
          </token>
          <token id="12">
            <word>BUILDING</word>
            <lemma>building</lemma>
            <CharacterOffsetBegin>336</CharacterOffsetBegin>
            <CharacterOffsetEnd>344</CharacterOffsetEnd>
            <POS>NN</POS>
            <NER>O</NER>
            <Speaker>PER0</Speaker>
          </token>
          <token id="13">
            <word>'S</word>
            <lemma>'s</lemma>
            <CharacterOffsetBegin>344</CharacterOffsetBegin>
            <CharacterOffsetEnd>346</CharacterOffsetEnd>
            <POS>POS</POS>
            <NER>O</NER>
            <Speaker>PER0</Speaker>
          </token>
          <token id="14">
            <word>BASEMENT</word>
            <lemma>basement</lemma>
            <CharacterOffsetBegin>347</CharacterOffsetBegin>
            <CharacterOffsetEnd>355</CharacterOffsetEnd>
            <POS>NN</POS>
            <NER>O</NER>
            <Speaker>PER0</Speaker>
          </token>
          <token id="15">
            <word>LOADED</word>
            <lemma>load</lemma>
            <CharacterOffsetBegin>356</CharacterOffsetBegin>
            <CharacterOffsetEnd>362</CharacterOffsetEnd>
            <POS>VBN</POS>
            <NER>O</NER>
            <Speaker>PER0</Speaker>
          </token>
          <token id="16">
            <word>WITH</word>
            <lemma>with</lemma>
            <CharacterOffsetBegin>363</CharacterOffsetBegin>
            <CharacterOffsetEnd>367</CharacterOffsetEnd>
            <POS>IN</POS>
            <NER>O</NER>
            <Speaker>PER0</Speaker>
          </token>
          <token id="17">
            <word>GAS</word>
            <lemma>gas</lemma>
            <CharacterOffsetBegin>368</CharacterOffsetBegin>
            <CharacterOffsetEnd>371</CharacterOffsetEnd>
            <POS>NN</POS>
            <NER>O</NER>
            <Speaker>PER0</Speaker>
          </token>
          <token id="18">
            <word>TANKS</word>
            <lemma>tank</lemma>
            <CharacterOffsetBegin>372</CharacterOffsetBegin>
            <CharacterOffsetEnd>377</CharacterOffsetEnd>
            <POS>NNS</POS>
            <NER>O</NER>
            <Speaker>PER0</Speaker>
          </token>
          <token id="19">
            <word>AND</word>
            <lemma>and</lemma>
            <CharacterOffsetBegin>378</CharacterOffsetBegin>
            <CharacterOffsetEnd>381</CharacterOffsetEnd>
            <POS>CC</POS>
            <NER>O</NER>
            <Speaker>PER0</Speaker>
          </token>
          <token id="20">
            <word>A</word>
            <lemma>a</lemma>
            <CharacterOffsetBegin>382</CharacterOffsetBegin>
            <CharacterOffsetEnd>383</CharacterOffsetEnd>
            <POS>DT</POS>
            <NER>O</NER>
            <Speaker>PER0</Speaker>
          </token>
          <token id="21">
            <word>POWERFUL</word>
            <lemma>powerful</lemma>
            <CharacterOffsetBegin>384</CharacterOffsetBegin>
            <CharacterOffsetEnd>392</CharacterOffsetEnd>
            <POS>JJ</POS>
            <NER>O</NER>
            <Speaker>PER0</Speaker>
          </token>
          <token id="22">
            <word>BOMB</word>
            <lemma>bomb</lemma>
            <CharacterOffsetBegin>393</CharacterOffsetBegin>
            <CharacterOffsetEnd>397</CharacterOffsetEnd>
            <POS>NN</POS>
            <NER>O</NER>
            <Speaker>PER0</Speaker>
          </token>
          <token id="23">
            <word>.</word>
            <lemma>.</lemma>
            <CharacterOffsetBegin>397</CharacterOffsetBegin>
            <CharacterOffsetEnd>398</CharacterOffsetEnd>
            <POS>.</POS>
            <NER>O</NER>
            <Speaker>PER0</Speaker>
          </token>
        </tokens>
        <parse>(ROOT (S (NP (NNS REPORTS)) (VP (VBP INDICATE) (SBAR (IN THAT) (S (NP (NN FMLN) (JJ URBAN) (NNS GUERRILLAS)) (VP (VBD DROVE) (NP (DT A) (NN VEHICLE)) (PP (IN INTO) (NP (NP (NP (DT THE) (NN BUILDING) (POS 'S)) (NN BASEMENT)) (VP (VBN LOADED) (PP (IN WITH) (NP (NP (NN GAS) (NNS TANKS)) (CC AND) (NP (DT A) (JJ POWERFUL) (NN BOMB))))))))))) (. .))) </parse>
        <dependencies type="basic-dependencies">
          <dep type="root">
            <governor idx="0">ROOT</governor>
            <dependent idx="2">INDICATE</dependent>
          </dep>
          <dep type="nsubj">
            <governor idx="2">INDICATE</governor>
            <dependent idx="1">REPORTS</dependent>
          </dep>
          <dep type="mark">
            <governor idx="7">DROVE</governor>
            <dependent idx="3">THAT</dependent>
          </dep>
          <dep type="compound">
            <governor idx="6">GUERRILLAS</governor>
            <dependent idx="4">FMLN</dependent>
          </dep>
          <dep type="amod">
            <governor idx="6">GUERRILLAS</governor>
            <dependent idx="5">URBAN</dependent>
          </dep>
          <dep type="nsubj">
            <governor idx="7">DROVE</governor>
            <dependent idx="6">GUERRILLAS</dependent>
          </dep>
          <dep type="ccomp">
            <governor idx="2">INDICATE</governor>
            <dependent idx="7">DROVE</dependent>
          </dep>
          <dep type="det">
            <governor idx="9">VEHICLE</governor>
            <dependent idx="8">A</dependent>
          </dep>
          <dep type="dobj">
            <governor idx="7">DROVE</governor>
            <dependent idx="9">VEHICLE</dependent>
          </dep>
          <dep type="case">
            <governor idx="14">BASEMENT</governor>
            <dependent idx="10">INTO</dependent>
          </dep>
          <dep type="det">
            <governor idx="12">BUILDING</governor>
            <dependent idx="11">THE</dependent>
          </dep>
          <dep type="nmod:poss">
            <governor idx="14">BASEMENT</governor>
            <dependent idx="12">BUILDING</dependent>
          </dep>
          <dep type="case">
            <governor idx="12">BUILDING</governor>
            <dependent idx="13">'S</dependent>
          </dep>
          <dep type="nmod">
            <governor idx="7">DROVE</governor>
            <dependent idx="14">BASEMENT</dependent>
          </dep>
          <dep type="acl">
            <governor idx="14">BASEMENT</governor>
            <dependent idx="15">LOADED</dependent>
          </dep>
          <dep type="case">
            <governor idx="18">TANKS</governor>
            <dependent idx="16">WITH</dependent>
          </dep>
          <dep type="compound">
            <governor idx="18">TANKS</governor>
            <dependent idx="17">GAS</dependent>
          </dep>
          <dep type="nmod">
            <governor idx="15">LOADED</governor>
            <dependent idx="18">TANKS</dependent>
          </dep>
          <dep type="cc">
            <governor idx="18">TANKS</governor>
            <dependent idx="19">AND</dependent>
          </dep>
          <dep type="det">
            <governor idx="22">BOMB</governor>
            <dependent idx="20">A</dependent>
          </dep>
          <dep type="amod">
            <governor idx="22">BOMB</governor>
            <dependent idx="21">POWERFUL</dependent>
          </dep>
          <dep type="conj">
            <governor idx="18">TANKS</governor>
            <dependent idx="22">BOMB</dependent>
          </dep>
        </dependencies>
        <dependencies type="collapsed-dependencies">
          <dep type="root">
            <governor idx="0">ROOT</governor>
            <dependent idx="2">INDICATE</dependent>
          </dep>
          <dep type="nsubj">
            <governor idx="2">INDICATE</governor>
            <dependent idx="1">REPORTS</dependent>
          </dep>
          <dep type="mark">
            <governor idx="7">DROVE</governor>
            <dependent idx="3">THAT</dependent>
          </dep>
          <dep type="compound">
            <governor idx="6">GUERRILLAS</governor>
            <dependent idx="4">FMLN</dependent>
          </dep>
          <dep type="amod">
            <governor idx="6">GUERRILLAS</governor>
            <dependent idx="5">URBAN</dependent>
          </dep>
          <dep type="nsubj">
            <governor idx="7">DROVE</governor>
            <dependent idx="6">GUERRILLAS</dependent>
          </dep>
          <dep type="ccomp">
            <governor idx="2">INDICATE</governor>
            <dependent idx="7">DROVE</dependent>
          </dep>
          <dep type="det">
            <governor idx="9">VEHICLE</governor>
            <dependent idx="8">A</dependent>
          </dep>
          <dep type="dobj">
            <governor idx="7">DROVE</governor>
            <dependent idx="9">VEHICLE</dependent>
          </dep>
          <dep type="case">
            <governor idx="14">BASEMENT</governor>
            <dependent idx="10">INTO</dependent>
          </dep>
          <dep type="det">
            <governor idx="12">BUILDING</governor>
            <dependent idx="11">THE</dependent>
          </dep>
          <dep type="nmod:poss">
            <governor idx="14">BASEMENT</governor>
            <dependent idx="12">BUILDING</dependent>
          </dep>
          <dep type="case">
            <governor idx="12">BUILDING</governor>
            <dependent idx="13">'S</dependent>
          </dep>
          <dep type="nmod:into">
            <governor idx="7">DROVE</governor>
            <dependent idx="14">BASEMENT</dependent>
          </dep>
          <dep type="acl">
            <governor idx="14">BASEMENT</governor>
            <dependent idx="15">LOADED</dependent>
          </dep>
          <dep type="case">
            <governor idx="18">TANKS</governor>
            <dependent idx="16">WITH</dependent>
          </dep>
          <dep type="compound">
            <governor idx="18">TANKS</governor>
            <dependent idx="17">GAS</dependent>
          </dep>
          <dep type="nmod:with">
            <governor idx="15">LOADED</governor>
            <dependent idx="18">TANKS</dependent>
          </dep>
          <dep type="cc">
            <governor idx="18">TANKS</governor>
            <dependent idx="19">AND</dependent>
          </dep>
          <dep type="det">
            <governor idx="22">BOMB</governor>
            <dependent idx="20">A</dependent>
          </dep>
          <dep type="amod">
            <governor idx="22">BOMB</governor>
            <dependent idx="21">POWERFUL</dependent>
          </dep>
          <dep type="conj:and">
            <governor idx="18">TANKS</governor>
            <dependent idx="22">BOMB</dependent>
          </dep>
        </dependencies>
        <dependencies type="collapsed-ccprocessed-dependencies">
          <dep type="root">
            <governor idx="0">ROOT</governor>
            <dependent idx="2">INDICATE</dependent>
          </dep>
          <dep type="nsubj">
            <governor idx="2">INDICATE</governor>
            <dependent idx="1">REPORTS</dependent>
          </dep>
          <dep type="mark">
            <governor idx="7">DROVE</governor>
            <dependent idx="3">THAT</dependent>
          </dep>
          <dep type="compound">
            <governor idx="6">GUERRILLAS</governor>
            <dependent idx="4">FMLN</dependent>
          </dep>
          <dep type="amod">
            <governor idx="6">GUERRILLAS</governor>
            <dependent idx="5">URBAN</dependent>
          </dep>
          <dep type="nsubj">
            <governor idx="7">DROVE</governor>
            <dependent idx="6">GUERRILLAS</dependent>
          </dep>
          <dep type="ccomp">
            <governor idx="2">INDICATE</governor>
            <dependent idx="7">DROVE</dependent>
          </dep>
          <dep type="det">
            <governor idx="9">VEHICLE</governor>
            <dependent idx="8">A</dependent>
          </dep>
          <dep type="dobj">
            <governor idx="7">DROVE</governor>
            <dependent idx="9">VEHICLE</dependent>
          </dep>
          <dep type="case">
            <governor idx="14">BASEMENT</governor>
            <dependent idx="10">INTO</dependent>
          </dep>
          <dep type="det">
            <governor idx="12">BUILDING</governor>
            <dependent idx="11">THE</dependent>
          </dep>
          <dep type="nmod:poss">
            <governor idx="14">BASEMENT</governor>
            <dependent idx="12">BUILDING</dependent>
          </dep>
          <dep type="case">
            <governor idx="12">BUILDING</governor>
            <dependent idx="13">'S</dependent>
          </dep>
          <dep type="nmod:into">
            <governor idx="7">DROVE</governor>
            <dependent idx="14">BASEMENT</dependent>
          </dep>
          <dep type="acl">
            <governor idx="14">BASEMENT</governor>
            <dependent idx="15">LOADED</dependent>
          </dep>
          <dep type="case">
            <governor idx="18">TANKS</governor>
            <dependent idx="16">WITH</dependent>
          </dep>
          <dep type="compound">
            <governor idx="18">TANKS</governor>
            <dependent idx="17">GAS</dependent>
          </dep>
          <dep type="nmod:with">
            <governor idx="15">LOADED</governor>
            <dependent idx="18">TANKS</dependent>
          </dep>
          <dep type="cc">
            <governor idx="18">TANKS</governor>
            <dependent idx="19">AND</dependent>
          </dep>
          <dep type="det">
            <governor idx="22">BOMB</governor>
            <dependent idx="20">A</dependent>
          </dep>
          <dep type="amod">
            <governor idx="22">BOMB</governor>
            <dependent idx="21">POWERFUL</dependent>
          </dep>
          <dep type="nmod:with" extra="true">
            <governor idx="15">LOADED</governor>
            <dependent idx="22">BOMB</dependent>
          </dep>
          <dep type="conj:and">
            <governor idx="18">TANKS</governor>
            <dependent idx="22">BOMB</dependent>
          </dep>
        </dependencies>
      </sentence>
      <sentence id="4">
        <tokens>
          <token id="1">
            <word>THE</word>
            <lemma>the</lemma>
            <CharacterOffsetBegin>400</CharacterOffsetBegin>
            <CharacterOffsetEnd>403</CharacterOffsetEnd>
            <POS>DT</POS>
            <NER>O</NER>
            <Speaker>PER0</Speaker>
          </token>
          <token id="2">
            <word>EXPLOSION</word>
            <lemma>explosion</lemma>
            <CharacterOffsetBegin>404</CharacterOffsetBegin>
            <CharacterOffsetEnd>413</CharacterOffsetEnd>
            <POS>NN</POS>
            <NER>O</NER>
            <Speaker>PER0</Speaker>
          </token>
          <token id="3">
            <word>SHOOK</word>
            <lemma>shake</lemma>
            <CharacterOffsetBegin>414</CharacterOffsetBegin>
            <CharacterOffsetEnd>419</CharacterOffsetEnd>
            <POS>VBD</POS>
            <NER>O</NER>
            <Speaker>PER0</Speaker>
          </token>
          <token id="4">
            <word>WESTERN</word>
            <lemma>western</lemma>
            <CharacterOffsetBegin>420</CharacterOffsetBegin>
            <CharacterOffsetEnd>427</CharacterOffsetEnd>
            <POS>JJ</POS>
            <NER>O</NER>
            <Speaker>PER0</Speaker>
          </token>
          <token id="5">
            <word>SAN</word>
            <lemma>SAN</lemma>
            <CharacterOffsetBegin>428</CharacterOffsetBegin>
            <CharacterOffsetEnd>431</CharacterOffsetEnd>
            <POS>NNP</POS>
            <NER>LOCATION</NER>
            <Speaker>PER0</Speaker>
          </token>
          <token id="6">
            <word>SALVADOR</word>
            <lemma>SALVADOR</lemma>
            <CharacterOffsetBegin>432</CharacterOffsetBegin>
            <CharacterOffsetEnd>440</CharacterOffsetEnd>
            <POS>NNP</POS>
            <NER>LOCATION</NER>
            <Speaker>PER0</Speaker>
          </token>
          <token id="7">
            <word>AND</word>
            <lemma>and</lemma>
            <CharacterOffsetBegin>441</CharacterOffsetBegin>
            <CharacterOffsetEnd>444</CharacterOffsetEnd>
            <POS>CC</POS>
            <NER>O</NER>
            <Speaker>PER0</Speaker>
          </token>
          <token id="8">
            <word>DESTROYED</word>
            <lemma>destroy</lemma>
            <CharacterOffsetBegin>445</CharacterOffsetBegin>
            <CharacterOffsetEnd>454</CharacterOffsetEnd>
            <POS>VBD</POS>
            <NER>O</NER>
            <Speaker>PER0</Speaker>
          </token>
          <token id="9">
            <word>30</word>
            <lemma>30</lemma>
            <CharacterOffsetBegin>455</CharacterOffsetBegin>
            <CharacterOffsetEnd>457</CharacterOffsetEnd>
            <POS>CD</POS>
            <NER>PERCENT</NER>
            <NormalizedNER>%30.0</NormalizedNER>
            <Speaker>PER0</Speaker>
          </token>
          <token id="10">
            <word>PERCENT</word>
            <lemma>percent</lemma>
            <CharacterOffsetBegin>458</CharacterOffsetBegin>
            <CharacterOffsetEnd>465</CharacterOffsetEnd>
            <POS>NN</POS>
            <NER>PERCENT</NER>
            <NormalizedNER>%30.0</NormalizedNER>
            <Speaker>PER0</Speaker>
          </token>
          <token id="11">
            <word>OF</word>
            <lemma>of</lemma>
            <CharacterOffsetBegin>466</CharacterOffsetBegin>
            <CharacterOffsetEnd>468</CharacterOffsetEnd>
            <POS>IN</POS>
            <NER>O</NER>
            <Speaker>PER0</Speaker>
          </token>
          <token id="12">
            <word>THE</word>
            <lemma>the</lemma>
            <CharacterOffsetBegin>469</CharacterOffsetBegin>
            <CharacterOffsetEnd>472</CharacterOffsetEnd>
            <POS>DT</POS>
            <NER>O</NER>
            <Speaker>PER0</Speaker>
          </token>
          <token id="13">
            <word>WINDOWS</word>
            <lemma>window</lemma>
            <CharacterOffsetBegin>473</CharacterOffsetBegin>
            <CharacterOffsetEnd>480</CharacterOffsetEnd>
            <POS>NNS</POS>
            <NER>O</NER>
            <Speaker>PER0</Speaker>
          </token>
          <token id="14">
            <word>IN</word>
            <lemma>in</lemma>
            <CharacterOffsetBegin>481</CharacterOffsetBegin>
            <CharacterOffsetEnd>483</CharacterOffsetEnd>
            <POS>IN</POS>
            <NER>O</NER>
            <Speaker>PER0</Speaker>
          </token>
          <token id="15">
            <word>THE</word>
            <lemma>the</lemma>
            <CharacterOffsetBegin>484</CharacterOffsetBegin>
            <CharacterOffsetEnd>487</CharacterOffsetEnd>
            <POS>DT</POS>
            <NER>O</NER>
            <Speaker>PER0</Speaker>
          </token>
          <token id="16">
            <word>BUILDING</word>
            <lemma>building</lemma>
            <CharacterOffsetBegin>488</CharacterOffsetBegin>
            <CharacterOffsetEnd>496</CharacterOffsetEnd>
            <POS>NN</POS>
            <NER>O</NER>
            <Speaker>PER0</Speaker>
          </token>
          <token id="17">
            <word>.</word>
            <lemma>.</lemma>
            <CharacterOffsetBegin>496</CharacterOffsetBegin>
            <CharacterOffsetEnd>497</CharacterOffsetEnd>
            <POS>.</POS>
            <NER>O</NER>
            <Speaker>PER0</Speaker>
          </token>
        </tokens>
        <parse>(ROOT (S (NP (DT THE) (NN EXPLOSION)) (VP (VP (VBD SHOOK) (NP (JJ WESTERN) (NNP SAN) (NNP SALVADOR))) (CC AND) (VP (VBD DESTROYED) (NP (NP (CD 30) (NN PERCENT)) (PP (IN OF) (NP (DT THE) (NNS WINDOWS)))) (PP (IN IN) (NP (DT THE) (NN BUILDING))))) (. .))) </parse>
        <dependencies type="basic-dependencies">
          <dep type="root">
            <governor idx="0">ROOT</governor>
            <dependent idx="3">SHOOK</dependent>
          </dep>
          <dep type="det">
            <governor idx="2">EXPLOSION</governor>
            <dependent idx="1">THE</dependent>
          </dep>
          <dep type="nsubj">
            <governor idx="3">SHOOK</governor>
            <dependent idx="2">EXPLOSION</dependent>
          </dep>
          <dep type="amod">
            <governor idx="6">SALVADOR</governor>
            <dependent idx="4">WESTERN</dependent>
          </dep>
          <dep type="compound">
            <governor idx="6">SALVADOR</governor>
            <dependent idx="5">SAN</dependent>
          </dep>
          <dep type="dobj">
            <governor idx="3">SHOOK</governor>
            <dependent idx="6">SALVADOR</dependent>
          </dep>
          <dep type="cc">
            <governor idx="3">SHOOK</governor>
            <dependent idx="7">AND</dependent>
          </dep>
          <dep type="conj">
            <governor idx="3">SHOOK</governor>
            <dependent idx="8">DESTROYED</dependent>
          </dep>
          <dep type="nummod">
            <governor idx="10">PERCENT</governor>
            <dependent idx="9">30</dependent>
          </dep>
          <dep type="dobj">
            <governor idx="8">DESTROYED</governor>
            <dependent idx="10">PERCENT</dependent>
          </dep>
          <dep type="case">
            <governor idx="13">WINDOWS</governor>
            <dependent idx="11">OF</dependent>
          </dep>
          <dep type="det">
            <governor idx="13">WINDOWS</governor>
            <dependent idx="12">THE</dependent>
          </dep>
          <dep type="nmod">
            <governor idx="10">PERCENT</governor>
            <dependent idx="13">WINDOWS</dependent>
          </dep>
          <dep type="case">
            <governor idx="16">BUILDING</governor>
            <dependent idx="14">IN</dependent>
          </dep>
          <dep type="det">
            <governor idx="16">BUILDING</governor>
            <dependent idx="15">THE</dependent>
          </dep>
          <dep type="nmod">
            <governor idx="8">DESTROYED</governor>
            <dependent idx="16">BUILDING</dependent>
          </dep>
        </dependencies>
        <dependencies type="collapsed-dependencies">
          <dep type="root">
            <governor idx="0">ROOT</governor>
            <dependent idx="3">SHOOK</dependent>
          </dep>
          <dep type="det">
            <governor idx="2">EXPLOSION</governor>
            <dependent idx="1">THE</dependent>
          </dep>
          <dep type="nsubj">
            <governor idx="3">SHOOK</governor>
            <dependent idx="2">EXPLOSION</dependent>
          </dep>
          <dep type="amod">
            <governor idx="6">SALVADOR</governor>
            <dependent idx="4">WESTERN</dependent>
          </dep>
          <dep type="compound">
            <governor idx="6">SALVADOR</governor>
            <dependent idx="5">SAN</dependent>
          </dep>
          <dep type="dobj">
            <governor idx="3">SHOOK</governor>
            <dependent idx="6">SALVADOR</dependent>
          </dep>
          <dep type="cc">
            <governor idx="3">SHOOK</governor>
            <dependent idx="7">AND</dependent>
          </dep>
          <dep type="conj:and">
            <governor idx="3">SHOOK</governor>
            <dependent idx="8">DESTROYED</dependent>
          </dep>
          <dep type="nummod">
            <governor idx="10">PERCENT</governor>
            <dependent idx="9">30</dependent>
          </dep>
          <dep type="dobj">
            <governor idx="8">DESTROYED</governor>
            <dependent idx="10">PERCENT</dependent>
          </dep>
          <dep type="case">
            <governor idx="13">WINDOWS</governor>
            <dependent idx="11">OF</dependent>
          </dep>
          <dep type="det">
            <governor idx="13">WINDOWS</governor>
            <dependent idx="12">THE</dependent>
          </dep>
          <dep type="nmod:of">
            <governor idx="10">PERCENT</governor>
            <dependent idx="13">WINDOWS</dependent>
          </dep>
          <dep type="case">
            <governor idx="16">BUILDING</governor>
            <dependent idx="14">IN</dependent>
          </dep>
          <dep type="det">
            <governor idx="16">BUILDING</governor>
            <dependent idx="15">THE</dependent>
          </dep>
          <dep type="nmod:in">
            <governor idx="8">DESTROYED</governor>
            <dependent idx="16">BUILDING</dependent>
          </dep>
        </dependencies>
        <dependencies type="collapsed-ccprocessed-dependencies">
          <dep type="root">
            <governor idx="0">ROOT</governor>
            <dependent idx="3">SHOOK</dependent>
          </dep>
          <dep type="det">
            <governor idx="2">EXPLOSION</governor>
            <dependent idx="1">THE</dependent>
          </dep>
          <dep type="nsubj">
            <governor idx="3">SHOOK</governor>
            <dependent idx="2">EXPLOSION</dependent>
          </dep>
          <dep type="nsubj" extra="true">
            <governor idx="8">DESTROYED</governor>
            <dependent idx="2">EXPLOSION</dependent>
          </dep>
          <dep type="amod">
            <governor idx="6">SALVADOR</governor>
            <dependent idx="4">WESTERN</dependent>
          </dep>
          <dep type="compound">
            <governor idx="6">SALVADOR</governor>
            <dependent idx="5">SAN</dependent>
          </dep>
          <dep type="dobj">
            <governor idx="3">SHOOK</governor>
            <dependent idx="6">SALVADOR</dependent>
          </dep>
          <dep type="cc">
            <governor idx="3">SHOOK</governor>
            <dependent idx="7">AND</dependent>
          </dep>
          <dep type="conj:and">
            <governor idx="3">SHOOK</governor>
            <dependent idx="8">DESTROYED</dependent>
          </dep>
          <dep type="nummod">
            <governor idx="10">PERCENT</governor>
            <dependent idx="9">30</dependent>
          </dep>
          <dep type="dobj">
            <governor idx="8">DESTROYED</governor>
            <dependent idx="10">PERCENT</dependent>
          </dep>
          <dep type="case">
            <governor idx="13">WINDOWS</governor>
            <dependent idx="11">OF</dependent>
          </dep>
          <dep type="det">
            <governor idx="13">WINDOWS</governor>
            <dependent idx="12">THE</dependent>
          </dep>
          <dep type="nmod:of">
            <governor idx="10">PERCENT</governor>
            <dependent idx="13">WINDOWS</dependent>
          </dep>
          <dep type="case">
            <governor idx="16">BUILDING</governor>
            <dependent idx="14">IN</dependent>
          </dep>
          <dep type="det">
            <governor idx="16">BUILDING</governor>
            <dependent idx="15">THE</dependent>
          </dep>
          <dep type="nmod:in">
            <governor idx="8">DESTROYED</governor>
            <dependent idx="16">BUILDING</dependent>
          </dep>
        </dependencies>
      </sentence>
      <sentence id="5">
        <tokens>
          <token id="1">
            <word>THIS</word>
            <lemma>this</lemma>
            <CharacterOffsetBegin>499</CharacterOffsetBegin>
            <CharacterOffsetEnd>503</CharacterOffsetEnd>
            <POS>DT</POS>
            <NER>O</NER>
            <Speaker>PER0</Speaker>
          </token>
          <token id="2">
            <word>IS</word>
            <lemma>be</lemma>
            <CharacterOffsetBegin>504</CharacterOffsetBegin>
            <CharacterOffsetEnd>506</CharacterOffsetEnd>
            <POS>VBZ</POS>
            <NER>O</NER>
            <Speaker>PER0</Speaker>
          </token>
          <token id="3">
            <word>THE</word>
            <lemma>the</lemma>
            <CharacterOffsetBegin>507</CharacterOffsetBegin>
            <CharacterOffsetEnd>510</CharacterOffsetEnd>
            <POS>DT</POS>
            <NER>O</NER>
            <Speaker>PER0</Speaker>
          </token>
          <token id="4">
            <word>REPORT</word>
            <lemma>report</lemma>
            <CharacterOffsetBegin>511</CharacterOffsetBegin>
            <CharacterOffsetEnd>517</CharacterOffsetEnd>
            <POS>NN</POS>
            <NER>O</NER>
            <Speaker>PER0</Speaker>
          </token>
          <token id="5">
            <word>WE</word>
            <lemma>we</lemma>
            <CharacterOffsetBegin>518</CharacterOffsetBegin>
            <CharacterOffsetEnd>520</CharacterOffsetEnd>
            <POS>PRP</POS>
            <NER>O</NER>
            <Speaker>PER0</Speaker>
          </token>
          <token id="6">
            <word>HAVE</word>
            <lemma>have</lemma>
            <CharacterOffsetBegin>521</CharacterOffsetBegin>
            <CharacterOffsetEnd>525</CharacterOffsetEnd>
            <POS>VBP</POS>
            <NER>O</NER>
            <Speaker>PER0</Speaker>
          </token>
          <token id="7">
            <word>ON</word>
            <lemma>on</lemma>
            <CharacterOffsetBegin>526</CharacterOffsetBegin>
            <CharacterOffsetEnd>528</CharacterOffsetEnd>
            <POS>IN</POS>
            <NER>O</NER>
            <Speaker>PER0</Speaker>
          </token>
          <token id="8">
            <word>AN</word>
            <lemma>a</lemma>
            <CharacterOffsetBegin>529</CharacterOffsetBegin>
            <CharacterOffsetEnd>531</CharacterOffsetEnd>
            <POS>DT</POS>
            <NER>O</NER>
            <Speaker>PER0</Speaker>
          </token>
          <token id="9">
            <word>FMLN</word>
            <lemma>fmln</lemma>
            <CharacterOffsetBegin>532</CharacterOffsetBegin>
            <CharacterOffsetEnd>536</CharacterOffsetEnd>
            <POS>NN</POS>
            <NER>ORGANIZATION</NER>
            <Speaker>PER0</Speaker>
          </token>
          <token id="10">
            <word>OPERATION</word>
            <lemma>operation</lemma>
            <CharacterOffsetBegin>537</CharacterOffsetBegin>
            <CharacterOffsetEnd>546</CharacterOffsetEnd>
            <POS>NN</POS>
            <NER>O</NER>
            <Speaker>PER0</Speaker>
          </token>
          <token id="11">
            <word>WHICH</word>
            <lemma>which</lemma>
            <CharacterOffsetBegin>547</CharacterOffsetBegin>
            <CharacterOffsetEnd>552</CharacterOffsetEnd>
            <POS>WDT</POS>
            <NER>O</NER>
            <Speaker>PER0</Speaker>
          </token>
          <token id="12">
            <word>,</word>
            <lemma>,</lemma>
            <CharacterOffsetBegin>552</CharacterOffsetBegin>
            <CharacterOffsetEnd>553</CharacterOffsetEnd>
            <POS>,</POS>
            <NER>O</NER>
            <Speaker>PER0</Speaker>
          </token>
          <token id="13">
            <word>AT</word>
            <lemma>at</lemma>
            <CharacterOffsetBegin>554</CharacterOffsetBegin>
            <CharacterOffsetEnd>556</CharacterOffsetEnd>
            <POS>IN</POS>
            <NER>O</NER>
            <Speaker>PER0</Speaker>
          </token>
          <token id="14">
            <word>0600</word>
            <lemma>0600</lemma>
            <CharacterOffsetBegin>557</CharacterOffsetBegin>
            <CharacterOffsetEnd>561</CharacterOffsetEnd>
            <POS>CD</POS>
            <NER>TIME</NER>
            <NormalizedNER>THIS MO INTERSECT 0600</NormalizedNER>
            <Speaker>PER0</Speaker>
            <Timex tid="t4" type="DATE"/>
          </token>
          <token id="15">
            <word>THIS</word>
            <lemma>this</lemma>
            <CharacterOffsetBegin>562</CharacterOffsetBegin>
            <CharacterOffsetEnd>566</CharacterOffsetEnd>
            <POS>DT</POS>
            <NER>TIME</NER>
            <NormalizedNER>THIS MO INTERSECT 0600</NormalizedNER>
            <Speaker>PER0</Speaker>
            <Timex tid="t4" type="DATE"/>
          </token>
          <token id="16">
            <word>MORNING</word>
            <lemma>morning</lemma>
            <CharacterOffsetBegin>567</CharacterOffsetBegin>
            <CharacterOffsetEnd>574</CharacterOffsetEnd>
            <POS>NN</POS>
            <NER>TIME</NER>
            <NormalizedNER>THIS MO INTERSECT 0600</NormalizedNER>
            <Speaker>PER0</Speaker>
            <Timex tid="t4" type="DATE"/>
          </token>
          <token id="17">
            <word>,</word>
            <lemma>,</lemma>
            <CharacterOffsetBegin>574</CharacterOffsetBegin>
            <CharacterOffsetEnd>575</CharacterOffsetEnd>
            <POS>,</POS>
            <NER>O</NER>
            <Speaker>PER0</Speaker>
          </token>
          <token id="18">
            <word>CAUSED</word>
            <lemma>cause</lemma>
            <CharacterOffsetBegin>576</CharacterOffsetBegin>
            <CharacterOffsetEnd>582</CharacterOffsetEnd>
            <POS>VBD</POS>
            <NER>O</NER>
            <Speaker>PER0</Speaker>
          </token>
          <token id="19">
            <word>GENERAL</word>
            <lemma>general</lemma>
            <CharacterOffsetBegin>583</CharacterOffsetBegin>
            <CharacterOffsetEnd>590</CharacterOffsetEnd>
            <POS>JJ</POS>
            <NER>O</NER>
            <Speaker>PER0</Speaker>
          </token>
          <token id="20">
            <word>ALARM</word>
            <lemma>alarm</lemma>
            <CharacterOffsetBegin>591</CharacterOffsetBegin>
            <CharacterOffsetEnd>596</CharacterOffsetEnd>
            <POS>NN</POS>
            <NER>O</NER>
            <Speaker>PER0</Speaker>
          </token>
          <token id="21">
            <word>IN</word>
            <lemma>in</lemma>
            <CharacterOffsetBegin>597</CharacterOffsetBegin>
            <CharacterOffsetEnd>599</CharacterOffsetEnd>
            <POS>IN</POS>
            <NER>O</NER>
            <Speaker>PER0</Speaker>
          </token>
          <token id="22">
            <word>WESTERN</word>
            <lemma>western</lemma>
            <CharacterOffsetBegin>600</CharacterOffsetBegin>
            <CharacterOffsetEnd>607</CharacterOffsetEnd>
            <POS>JJ</POS>
            <NER>O</NER>
            <Speaker>PER0</Speaker>
          </token>
          <token id="23">
            <word>SAN</word>
            <lemma>SAN</lemma>
            <CharacterOffsetBegin>608</CharacterOffsetBegin>
            <CharacterOffsetEnd>611</CharacterOffsetEnd>
            <POS>NNP</POS>
            <NER>LOCATION</NER>
            <Speaker>PER0</Speaker>
          </token>
          <token id="24">
            <word>SALVADOR</word>
            <lemma>SALVADOR</lemma>
            <CharacterOffsetBegin>612</CharacterOffsetBegin>
            <CharacterOffsetEnd>620</CharacterOffsetEnd>
            <POS>NNP</POS>
            <NER>LOCATION</NER>
            <Speaker>PER0</Speaker>
          </token>
          <token id="25">
            <word>.</word>
            <lemma>.</lemma>
            <CharacterOffsetBegin>620</CharacterOffsetBegin>
            <CharacterOffsetEnd>621</CharacterOffsetEnd>
            <POS>.</POS>
            <NER>O</NER>
            <Speaker>PER0</Speaker>
          </token>
        </tokens>
        <parse>(ROOT (S (NP (DT THIS)) (VP (VBZ IS) (NP (NP (DT THE) (NN REPORT)) (SBAR (S (NP (PRP WE)) (VP (VBP HAVE) (PP (IN ON) (NP (NP (DT AN) (NN FMLN) (NN OPERATION)) (SBAR (WHNP (WDT WHICH)) (S (, ,) (PP (IN AT) (NP (NP (CD 0600)) (NP-TMP (DT THIS) (NN MORNING)))) (, ,) (VP (VBD CAUSED) (NP (JJ GENERAL) (NN ALARM)) (PP (IN IN) (NP (JJ WESTERN) (NNP SAN) (NNP SALVADOR))))))))))))) (. .))) </parse>
        <dependencies type="basic-dependencies">
          <dep type="root">
            <governor idx="0">ROOT</governor>
            <dependent idx="4">REPORT</dependent>
          </dep>
          <dep type="nsubj">
            <governor idx="4">REPORT</governor>
            <dependent idx="1">THIS</dependent>
          </dep>
          <dep type="cop">
            <governor idx="4">REPORT</governor>
            <dependent idx="2">IS</dependent>
          </dep>
          <dep type="det">
            <governor idx="4">REPORT</governor>
            <dependent idx="3">THE</dependent>
          </dep>
          <dep type="nsubj">
            <governor idx="6">HAVE</governor>
            <dependent idx="5">WE</dependent>
          </dep>
          <dep type="acl:relcl">
            <governor idx="4">REPORT</governor>
            <dependent idx="6">HAVE</dependent>
          </dep>
          <dep type="case">
            <governor idx="10">OPERATION</governor>
            <dependent idx="7">ON</dependent>
          </dep>
          <dep type="det">
            <governor idx="10">OPERATION</governor>
            <dependent idx="8">AN</dependent>
          </dep>
          <dep type="compound">
            <governor idx="10">OPERATION</governor>
            <dependent idx="9">FMLN</dependent>
          </dep>
          <dep type="nmod">
            <governor idx="6">HAVE</governor>
            <dependent idx="10">OPERATION</dependent>
          </dep>
          <dep type="nsubj">
            <governor idx="18">CAUSED</governor>
            <dependent idx="11">WHICH</dependent>
          </dep>
          <dep type="case">
            <governor idx="14">0600</governor>
            <dependent idx="13">AT</dependent>
          </dep>
          <dep type="nmod">
            <governor idx="18">CAUSED</governor>
            <dependent idx="14">0600</dependent>
          </dep>
          <dep type="det">
            <governor idx="16">MORNING</governor>
            <dependent idx="15">THIS</dependent>
          </dep>
          <dep type="nmod:tmod">
            <governor idx="14">0600</governor>
            <dependent idx="16">MORNING</dependent>
          </dep>
          <dep type="acl:relcl">
            <governor idx="10">OPERATION</governor>
            <dependent idx="18">CAUSED</dependent>
          </dep>
          <dep type="amod">
            <governor idx="20">ALARM</governor>
            <dependent idx="19">GENERAL</dependent>
          </dep>
          <dep type="dobj">
            <governor idx="18">CAUSED</governor>
            <dependent idx="20">ALARM</dependent>
          </dep>
          <dep type="case">
            <governor idx="24">SALVADOR</governor>
            <dependent idx="21">IN</dependent>
          </dep>
          <dep type="amod">
            <governor idx="24">SALVADOR</governor>
            <dependent idx="22">WESTERN</dependent>
          </dep>
          <dep type="compound">
            <governor idx="24">SALVADOR</governor>
            <dependent idx="23">SAN</dependent>
          </dep>
          <dep type="nmod">
            <governor idx="18">CAUSED</governor>
            <dependent idx="24">SALVADOR</dependent>
          </dep>
        </dependencies>
        <dependencies type="collapsed-dependencies">
          <dep type="root">
            <governor idx="0">ROOT</governor>
            <dependent idx="4">REPORT</dependent>
          </dep>
          <dep type="nsubj">
            <governor idx="4">REPORT</governor>
            <dependent idx="1">THIS</dependent>
          </dep>
          <dep type="cop">
            <governor idx="4">REPORT</governor>
            <dependent idx="2">IS</dependent>
          </dep>
          <dep type="det">
            <governor idx="4">REPORT</governor>
            <dependent idx="3">THE</dependent>
          </dep>
          <dep type="nsubj">
            <governor idx="6">HAVE</governor>
            <dependent idx="5">WE</dependent>
          </dep>
          <dep type="acl:relcl">
            <governor idx="4">REPORT</governor>
            <dependent idx="6">HAVE</dependent>
          </dep>
          <dep type="case">
            <governor idx="10">OPERATION</governor>
            <dependent idx="7">ON</dependent>
          </dep>
          <dep type="det">
            <governor idx="10">OPERATION</governor>
            <dependent idx="8">AN</dependent>
          </dep>
          <dep type="compound">
            <governor idx="10">OPERATION</governor>
            <dependent idx="9">FMLN</dependent>
          </dep>
          <dep type="nmod:on">
            <governor idx="6">HAVE</governor>
            <dependent idx="10">OPERATION</dependent>
          </dep>
          <dep type="nsubj">
            <governor idx="18">CAUSED</governor>
            <dependent idx="11">WHICH</dependent>
          </dep>
          <dep type="case">
            <governor idx="14">0600</governor>
            <dependent idx="13">AT</dependent>
          </dep>
          <dep type="nmod:at">
            <governor idx="18">CAUSED</governor>
            <dependent idx="14">0600</dependent>
          </dep>
          <dep type="det">
            <governor idx="16">MORNING</governor>
            <dependent idx="15">THIS</dependent>
          </dep>
          <dep type="nmod:tmod">
            <governor idx="14">0600</governor>
            <dependent idx="16">MORNING</dependent>
          </dep>
          <dep type="acl:relcl">
            <governor idx="10">OPERATION</governor>
            <dependent idx="18">CAUSED</dependent>
          </dep>
          <dep type="amod">
            <governor idx="20">ALARM</governor>
            <dependent idx="19">GENERAL</dependent>
          </dep>
          <dep type="dobj">
            <governor idx="18">CAUSED</governor>
            <dependent idx="20">ALARM</dependent>
          </dep>
          <dep type="case">
            <governor idx="24">SALVADOR</governor>
            <dependent idx="21">IN</dependent>
          </dep>
          <dep type="amod">
            <governor idx="24">SALVADOR</governor>
            <dependent idx="22">WESTERN</dependent>
          </dep>
          <dep type="compound">
            <governor idx="24">SALVADOR</governor>
            <dependent idx="23">SAN</dependent>
          </dep>
          <dep type="nmod:in">
            <governor idx="18">CAUSED</governor>
            <dependent idx="24">SALVADOR</dependent>
          </dep>
        </dependencies>
        <dependencies type="collapsed-ccprocessed-dependencies">
          <dep type="root">
            <governor idx="0">ROOT</governor>
            <dependent idx="4">REPORT</dependent>
          </dep>
          <dep type="nsubj">
            <governor idx="4">REPORT</governor>
            <dependent idx="1">THIS</dependent>
          </dep>
          <dep type="cop">
            <governor idx="4">REPORT</governor>
            <dependent idx="2">IS</dependent>
          </dep>
          <dep type="det">
            <governor idx="4">REPORT</governor>
            <dependent idx="3">THE</dependent>
          </dep>
          <dep type="nsubj">
            <governor idx="6">HAVE</governor>
            <dependent idx="5">WE</dependent>
          </dep>
          <dep type="acl:relcl">
            <governor idx="4">REPORT</governor>
            <dependent idx="6">HAVE</dependent>
          </dep>
          <dep type="case">
            <governor idx="10">OPERATION</governor>
            <dependent idx="7">ON</dependent>
          </dep>
          <dep type="det">
            <governor idx="10">OPERATION</governor>
            <dependent idx="8">AN</dependent>
          </dep>
          <dep type="compound">
            <governor idx="10">OPERATION</governor>
            <dependent idx="9">FMLN</dependent>
          </dep>
          <dep type="nmod:on">
            <governor idx="6">HAVE</governor>
            <dependent idx="10">OPERATION</dependent>
          </dep>
          <dep type="nsubj">
            <governor idx="18">CAUSED</governor>
            <dependent idx="11">WHICH</dependent>
          </dep>
          <dep type="case">
            <governor idx="14">0600</governor>
            <dependent idx="13">AT</dependent>
          </dep>
          <dep type="nmod:at">
            <governor idx="18">CAUSED</governor>
            <dependent idx="14">0600</dependent>
          </dep>
          <dep type="det">
            <governor idx="16">MORNING</governor>
            <dependent idx="15">THIS</dependent>
          </dep>
          <dep type="nmod:tmod">
            <governor idx="14">0600</governor>
            <dependent idx="16">MORNING</dependent>
          </dep>
          <dep type="acl:relcl">
            <governor idx="10">OPERATION</governor>
            <dependent idx="18">CAUSED</dependent>
          </dep>
          <dep type="amod">
            <governor idx="20">ALARM</governor>
            <dependent idx="19">GENERAL</dependent>
          </dep>
          <dep type="dobj">
            <governor idx="18">CAUSED</governor>
            <dependent idx="20">ALARM</dependent>
          </dep>
          <dep type="case">
            <governor idx="24">SALVADOR</governor>
            <dependent idx="21">IN</dependent>
          </dep>
          <dep type="amod">
            <governor idx="24">SALVADOR</governor>
            <dependent idx="22">WESTERN</dependent>
          </dep>
          <dep type="compound">
            <governor idx="24">SALVADOR</governor>
            <dependent idx="23">SAN</dependent>
          </dep>
          <dep type="nmod:in">
            <governor idx="18">CAUSED</governor>
            <dependent idx="24">SALVADOR</dependent>
          </dep>
        </dependencies>
      </sentence>
    </sentences>
    <coreference>
      <coreference>
        <mention representative="true">
          <sentence>1</sentence>
          <start>1</start>
          <end>3</end>
          <head>2</head>
          <text>SAN SALVADOR</text>
        </mention>
        <mention>
          <sentence>4</sentence>
          <start>5</start>
          <end>7</end>
          <head>6</head>
          <text>SAN SALVADOR</text>
        </mention>
      </coreference>
      <coreference>
        <mention representative="true">
          <sentence>1</sentence>
          <start>18</start>
          <end>20</end>
          <head>19</head>
          <text>THIS MORNING</text>
        </mention>
        <mention>
          <sentence>5</sentence>
          <start>15</start>
          <end>17</end>
          <head>16</head>
          <text>THIS MORNING</text>
        </mention>
      </coreference>
      <coreference>
        <mention representative="true">
          <sentence>1</sentence>
          <start>21</start>
          <end>40</end>
          <head>23</head>
          <text>FMLN URBAN GUERRILLAS SET OFF A BOMB IN THE BASEMENT OF THE DEMOCRACY TOWER BUILDING IN WESTERN SAN SALVADOR</text>
        </mention>
        <mention>
          <sentence>3</sentence>
          <start>4</start>
          <end>7</end>
          <head>6</head>
          <text>FMLN URBAN GUERRILLAS</text>
        </mention>
      </coreference>
      <coreference>
        <mention representative="true">
          <sentence>1</sentence>
          <start>26</start>
          <end>36</end>
          <head>27</head>
          <text>A BOMB IN THE BASEMENT OF THE DEMOCRACY TOWER BUILDING</text>
        </mention>
        <mention>
          <sentence>2</sentence>
          <start>1</start>
          <end>3</end>
          <head>2</head>
          <text>THE BOMB</text>
        </mention>
      </coreference>
      <coreference>
        <mention representative="true">
          <sentence>1</sentence>
          <start>32</start>
          <end>36</end>
          <head>35</head>
          <text>THE DEMOCRACY TOWER BUILDING</text>
        </mention>
        <mention>
          <sentence>2</sentence>
          <start>11</start>
          <end>13</end>
          <head>12</head>
          <text>THE BUILDING</text>
        </mention>
        <mention>
          <sentence>3</sentence>
          <start>11</start>
          <end>14</end>
          <head>12</head>
          <text>THE BUILDING 'S</text>
        </mention>
        <mention>
          <sentence>4</sentence>
          <start>15</start>
          <end>17</end>
          <head>16</head>
          <text>THE BUILDING</text>
        </mention>
      </coreference>
      <coreference>
        <mention representative="true">
          <sentence>1</sentence>
          <start>37</start>
          <end>40</end>
          <head>39</head>
          <text>WESTERN SAN SALVADOR</text>
        </mention>
        <mention>
          <sentence>4</sentence>
          <start>4</start>
          <end>7</end>
          <head>6</head>
          <text>WESTERN SAN SALVADOR</text>
        </mention>
        <mention>
          <sentence>5</sentence>
          <start>22</start>
          <end>25</end>
          <head>24</head>
          <text>WESTERN SAN SALVADOR</text>
        </mention>
      </coreference>
      <coreference>
        <mention representative="true">
          <sentence>2</sentence>
          <start>8</start>
          <end>10</end>
          <head>9</head>
          <text>THE WINDOWS</text>
        </mention>
        <mention>
          <sentence>4</sentence>
          <start>12</start>
          <end>14</end>
          <head>13</head>
          <text>THE WINDOWS</text>
        </mention>
      </coreference>
    </coreference>
  </document>
</root>
