<?xml version="1.0" encoding="ASCII"?>
<?xml-stylesheet href="CoreNLP-to-HTML.xsl" type="text/xsl"?>
<root>
  <document>
    <sentences>
      <sentence id="1">
        <tokens>
          <token id="1">
            <word>MOSCOW</word>
            <lemma>MOSCOW</lemma>
            <CharacterOffsetBegin>3</CharacterOffsetBegin>
            <CharacterOffsetEnd>9</CharacterOffsetEnd>
            <POS>NNP</POS>
            <NER>LOCATION</NER>
            <Speaker>PER0</Speaker>
          </token>
          <token id="2">
            <word>-LRB-</word>
            <lemma>-lrb-</lemma>
            <CharacterOffsetBegin>10</CharacterOffsetBegin>
            <CharacterOffsetEnd>11</CharacterOffsetEnd>
            <POS>-LRB-</POS>
            <NER>O</NER>
            <Speaker>PER0</Speaker>
          </token>
          <token id="3">
            <word>USSR</word>
            <lemma>USSR</lemma>
            <CharacterOffsetBegin>11</CharacterOffsetBegin>
            <CharacterOffsetEnd>15</CharacterOffsetEnd>
            <POS>NNP</POS>
            <NER>LOCATION</NER>
            <Speaker>PER0</Speaker>
          </token>
          <token id="4">
            <word>-RRB-</word>
            <lemma>-rrb-</lemma>
            <CharacterOffsetBegin>15</CharacterOffsetBegin>
            <CharacterOffsetEnd>16</CharacterOffsetEnd>
            <POS>-RRB-</POS>
            <NER>O</NER>
            <Speaker>PER0</Speaker>
          </token>
          <token id="5">
            <word>,</word>
            <lemma>,</lemma>
            <CharacterOffsetBegin>16</CharacterOffsetBegin>
            <CharacterOffsetEnd>17</CharacterOffsetEnd>
            <POS>,</POS>
            <NER>O</NER>
            <Speaker>PER0</Speaker>
          </token>
          <token id="6">
            <word>14</word>
            <lemma>14</lemma>
            <CharacterOffsetBegin>18</CharacterOffsetBegin>
            <CharacterOffsetEnd>20</CharacterOffsetEnd>
            <POS>CD</POS>
            <NER>DATE</NER>
            <NormalizedNER>XXXX-07-14</NormalizedNER>
            <Speaker>PER0</Speaker>
            <Timex tid="t1" type="DATE">XXXX-07-14</Timex>
          </token>
          <token id="7">
            <word>JUL</word>
            <lemma>JUL</lemma>
            <CharacterOffsetBegin>21</CharacterOffsetBegin>
            <CharacterOffsetEnd>24</CharacterOffsetEnd>
            <POS>NNP</POS>
            <NER>DATE</NER>
            <NormalizedNER>XXXX-07-14</NormalizedNER>
            <Speaker>PER0</Speaker>
            <Timex tid="t1" type="DATE">XXXX-07-14</Timex>
          </token>
          <token id="8">
            <word>89</word>
            <lemma>89</lemma>
            <CharacterOffsetBegin>25</CharacterOffsetBegin>
            <CharacterOffsetEnd>27</CharacterOffsetEnd>
            <POS>CD</POS>
            <NER>NUMBER</NER>
            <NormalizedNER>89.0</NormalizedNER>
            <Speaker>PER0</Speaker>
          </token>
          <token id="9">
            <word>-LRB-</word>
            <lemma>-lrb-</lemma>
            <CharacterOffsetBegin>28</CharacterOffsetBegin>
            <CharacterOffsetEnd>29</CharacterOffsetEnd>
            <POS>-LRB-</POS>
            <NER>O</NER>
            <Speaker>PER0</Speaker>
          </token>
          <token id="10">
            <word>DOMESTIC</word>
            <lemma>domestic</lemma>
            <CharacterOffsetBegin>29</CharacterOffsetBegin>
            <CharacterOffsetEnd>37</CharacterOffsetEnd>
            <POS>JJ</POS>
            <NER>O</NER>
            <Speaker>PER0</Speaker>
          </token>
          <token id="11">
            <word>SERVICE</word>
            <lemma>service</lemma>
            <CharacterOffsetBegin>38</CharacterOffsetBegin>
            <CharacterOffsetEnd>45</CharacterOffsetEnd>
            <POS>NN</POS>
            <NER>O</NER>
            <Speaker>PER0</Speaker>
          </token>
          <token id="12">
            <word>-RRB-</word>
            <lemma>-rrb-</lemma>
            <CharacterOffsetBegin>45</CharacterOffsetBegin>
            <CharacterOffsetEnd>46</CharacterOffsetEnd>
            <POS>-RRB-</POS>
            <NER>O</NER>
            <Speaker>PER0</Speaker>
          </token>
          <token id="13">
            <word>--</word>
            <lemma>--</lemma>
            <CharacterOffsetBegin>47</CharacterOffsetBegin>
            <CharacterOffsetEnd>49</CharacterOffsetEnd>
            <POS>:</POS>
            <NER>O</NER>
            <Speaker>PER0</Speaker>
          </token>
          <token id="14">
            <word>-LSB-</word>
            <lemma>-lsb-</lemma>
            <CharacterOffsetBegin>50</CharacterOffsetBegin>
            <CharacterOffsetEnd>51</CharacterOffsetEnd>
            <POS>-LRB-</POS>
            <NER>O</NER>
            <Speaker>PER0</Speaker>
          </token>
          <token id="15">
            <word>TEXT</word>
            <lemma>text</lemma>
            <CharacterOffsetBegin>51</CharacterOffsetBegin>
            <CharacterOffsetEnd>55</CharacterOffsetEnd>
            <POS>NN</POS>
            <NER>O</NER>
            <Speaker>PER0</Speaker>
          </token>
          <token id="16">
            <word>-RSB-</word>
            <lemma>-rsb-</lemma>
            <CharacterOffsetBegin>55</CharacterOffsetBegin>
            <CharacterOffsetEnd>56</CharacterOffsetEnd>
            <POS>-RRB-</POS>
            <NER>O</NER>
            <Speaker>PER0</Speaker>
          </token>
          <token id="17">
            <word>PERUVIAN</word>
            <lemma>peruvian</lemma>
            <CharacterOffsetBegin>57</CharacterOffsetBegin>
            <CharacterOffsetEnd>65</CharacterOffsetEnd>
            <POS>JJ</POS>
            <NER>MISC</NER>
            <Speaker>PER0</Speaker>
          </token>
          <token id="18">
            <word>COMMUNISTS</word>
            <lemma>communist</lemma>
            <CharacterOffsetBegin>66</CharacterOffsetBegin>
            <CharacterOffsetEnd>76</CharacterOffsetEnd>
            <POS>NNS</POS>
            <NER>O</NER>
            <Speaker>PER0</Speaker>
          </token>
          <token id="19">
            <word>HAVE</word>
            <lemma>have</lemma>
            <CharacterOffsetBegin>77</CharacterOffsetBegin>
            <CharacterOffsetEnd>81</CharacterOffsetEnd>
            <POS>VBP</POS>
            <NER>O</NER>
            <Speaker>PER0</Speaker>
          </token>
          <token id="20">
            <word>FIRMLY</word>
            <lemma>firmly</lemma>
            <CharacterOffsetBegin>82</CharacterOffsetBegin>
            <CharacterOffsetEnd>88</CharacterOffsetEnd>
            <POS>RB</POS>
            <NER>O</NER>
            <Speaker>PER0</Speaker>
          </token>
          <token id="21">
            <word>CONDEMNED</word>
            <lemma>condemn</lemma>
            <CharacterOffsetBegin>89</CharacterOffsetBegin>
            <CharacterOffsetEnd>98</CharacterOffsetEnd>
            <POS>VBN</POS>
            <NER>O</NER>
            <Speaker>PER0</Speaker>
          </token>
          <token id="22">
            <word>THE</word>
            <lemma>the</lemma>
            <CharacterOffsetBegin>99</CharacterOffsetBegin>
            <CharacterOffsetEnd>102</CharacterOffsetEnd>
            <POS>DT</POS>
            <NER>O</NER>
            <Speaker>PER0</Speaker>
          </token>
          <token id="23">
            <word>TERRORIST</word>
            <lemma>terrorist</lemma>
            <CharacterOffsetBegin>103</CharacterOffsetBegin>
            <CharacterOffsetEnd>112</CharacterOffsetEnd>
            <POS>JJ</POS>
            <NER>O</NER>
            <Speaker>PER0</Speaker>
          </token>
          <token id="24">
            <word>ACT</word>
            <lemma>act</lemma>
            <CharacterOffsetBegin>113</CharacterOffsetBegin>
            <CharacterOffsetEnd>116</CharacterOffsetEnd>
            <POS>NN</POS>
            <NER>O</NER>
            <Speaker>PER0</Speaker>
          </token>
          <token id="25">
            <word>CARRIED</word>
            <lemma>carry</lemma>
            <CharacterOffsetBegin>117</CharacterOffsetBegin>
            <CharacterOffsetEnd>124</CharacterOffsetEnd>
            <POS>VBD</POS>
            <NER>O</NER>
            <Speaker>PER0</Speaker>
          </token>
          <token id="26">
            <word>OUT</word>
            <lemma>out</lemma>
            <CharacterOffsetBegin>125</CharacterOffsetBegin>
            <CharacterOffsetEnd>128</CharacterOffsetEnd>
            <POS>RP</POS>
            <NER>O</NER>
            <Speaker>PER0</Speaker>
          </token>
          <token id="27">
            <word>BY</word>
            <lemma>by</lemma>
            <CharacterOffsetBegin>129</CharacterOffsetBegin>
            <CharacterOffsetEnd>131</CharacterOffsetEnd>
            <POS>IN</POS>
            <NER>O</NER>
            <Speaker>PER0</Speaker>
          </token>
          <token id="28">
            <word>THE</word>
            <lemma>the</lemma>
            <CharacterOffsetBegin>132</CharacterOffsetBegin>
            <CharacterOffsetEnd>135</CharacterOffsetEnd>
            <POS>DT</POS>
            <NER>O</NER>
            <Speaker>PER0</Speaker>
          </token>
          <token id="29">
            <word>PERUVIAN</word>
            <lemma>peruvian</lemma>
            <CharacterOffsetBegin>136</CharacterOffsetBegin>
            <CharacterOffsetEnd>144</CharacterOffsetEnd>
            <POS>JJ</POS>
            <NER>MISC</NER>
            <Speaker>PER0</Speaker>
          </token>
          <token id="30">
            <word>REACTION</word>
            <lemma>reaction</lemma>
            <CharacterOffsetBegin>145</CharacterOffsetBegin>
            <CharacterOffsetEnd>153</CharacterOffsetEnd>
            <POS>NN</POS>
            <NER>O</NER>
            <Speaker>PER0</Speaker>
          </token>
          <token id="31">
            <word>AGAINST</word>
            <lemma>against</lemma>
            <CharacterOffsetBegin>154</CharacterOffsetBegin>
            <CharacterOffsetEnd>161</CharacterOffsetEnd>
            <POS>IN</POS>
            <NER>O</NER>
            <Speaker>PER0</Speaker>
          </token>
          <token id="32">
            <word>SOVIET</word>
            <lemma>soviet</lemma>
            <CharacterOffsetBegin>162</CharacterOffsetBegin>
            <CharacterOffsetEnd>168</CharacterOffsetEnd>
            <POS>JJ</POS>
            <NER>MISC</NER>
            <Speaker>PER0</Speaker>
          </token>
          <token id="33">
            <word>FISHERMEN</word>
            <lemma>fisherman</lemma>
            <CharacterOffsetBegin>169</CharacterOffsetBegin>
            <CharacterOffsetEnd>178</CharacterOffsetEnd>
            <POS>NNS</POS>
            <NER>O</NER>
            <Speaker>PER0</Speaker>
          </token>
          <token id="34">
            <word>.</word>
            <lemma>.</lemma>
            <CharacterOffsetBegin>178</CharacterOffsetBegin>
            <CharacterOffsetEnd>179</CharacterOffsetEnd>
            <POS>.</POS>
            <NER>O</NER>
            <Speaker>PER0</Speaker>
          </token>
        </tokens>
        <parse>(ROOT (NP (NP (NP (NNP MOSCOW)) (PRN (-LRB- -LRB-) (NP (NNP USSR)) (-RRB- -RRB-)) (, ,) (NP (NP (CD 14) (NNP JUL) (CD 89)) (PRN (-LRB- -LRB-) (NP (JJ DOMESTIC) (NN SERVICE)) (-RRB- -RRB-)))) (: --) (NP (NP (-LRB- -LSB-) (NN TEXT)) (SBAR (-RRB- -RSB-) (S (NP (JJ PERUVIAN) (NNS COMMUNISTS)) (VP (VBP HAVE) (ADVP (RB FIRMLY)) (VP (VBN CONDEMNED) (SBAR (S (NP (DT THE) (JJ TERRORIST) (NN ACT)) (VP (VBD CARRIED) (PRT (RP OUT)) (PP (IN BY) (NP (NP (DT THE) (JJ PERUVIAN) (NN REACTION)) (PP (IN AGAINST) (NP (JJ SOVIET) (NNS FISHERMEN))))))))))))) (. .))) </parse>
        <dependencies type="basic-dependencies">
          <dep type="root">
            <governor idx="0">ROOT</governor>
            <dependent idx="1">MOSCOW</dependent>
          </dep>
          <dep type="appos">
            <governor idx="1">MOSCOW</governor>
            <dependent idx="3">USSR</dependent>
          </dep>
          <dep type="nummod">
            <governor idx="7">JUL</governor>
            <dependent idx="6">14</dependent>
          </dep>
          <dep type="appos">
            <governor idx="1">MOSCOW</governor>
            <dependent idx="7">JUL</dependent>
          </dep>
          <dep type="nummod">
            <governor idx="7">JUL</governor>
            <dependent idx="8">89</dependent>
          </dep>
          <dep type="amod">
            <governor idx="11">SERVICE</governor>
            <dependent idx="10">DOMESTIC</dependent>
          </dep>
          <dep type="appos">
            <governor idx="7">JUL</governor>
            <dependent idx="11">SERVICE</dependent>
          </dep>
          <dep type="dep">
            <governor idx="1">MOSCOW</governor>
            <dependent idx="15">TEXT</dependent>
          </dep>
          <dep type="amod">
            <governor idx="18">COMMUNISTS</governor>
            <dependent idx="17">PERUVIAN</dependent>
          </dep>
          <dep type="nsubj">
            <governor idx="21">CONDEMNED</governor>
            <dependent idx="18">COMMUNISTS</dependent>
          </dep>
          <dep type="aux">
            <governor idx="21">CONDEMNED</governor>
            <dependent idx="19">HAVE</dependent>
          </dep>
          <dep type="advmod">
            <governor idx="21">CONDEMNED</governor>
            <dependent idx="20">FIRMLY</dependent>
          </dep>
          <dep type="acl:relcl">
            <governor idx="15">TEXT</governor>
            <dependent idx="21">CONDEMNED</dependent>
          </dep>
          <dep type="det">
            <governor idx="24">ACT</governor>
            <dependent idx="22">THE</dependent>
          </dep>
          <dep type="amod">
            <governor idx="24">ACT</governor>
            <dependent idx="23">TERRORIST</dependent>
          </dep>
          <dep type="nsubj">
            <governor idx="25">CARRIED</governor>
            <dependent idx="24">ACT</dependent>
          </dep>
          <dep type="ccomp">
            <governor idx="21">CONDEMNED</governor>
            <dependent idx="25">CARRIED</dependent>
          </dep>
          <dep type="compound:prt">
            <governor idx="25">CARRIED</governor>
            <dependent idx="26">OUT</dependent>
          </dep>
          <dep type="case">
            <governor idx="30">REACTION</governor>
            <dependent idx="27">BY</dependent>
          </dep>
          <dep type="det">
            <governor idx="30">REACTION</governor>
            <dependent idx="28">THE</dependent>
          </dep>
          <dep type="amod">
            <governor idx="30">REACTION</governor>
            <dependent idx="29">PERUVIAN</dependent>
          </dep>
          <dep type="nmod">
            <governor idx="25">CARRIED</governor>
            <dependent idx="30">REACTION</dependent>
          </dep>
          <dep type="case">
            <governor idx="33">FISHERMEN</governor>
            <dependent idx="31">AGAINST</dependent>
          </dep>
          <dep type="amod">
            <governor idx="33">FISHERMEN</governor>
            <dependent idx="32">SOVIET</dependent>
          </dep>
          <dep type="nmod">
            <governor idx="30">REACTION</governor>
            <dependent idx="33">FISHERMEN</dependent>
          </dep>
        </dependencies>
        <dependencies type="collapsed-dependencies">
          <dep type="root">
            <governor idx="0">ROOT</governor>
            <dependent idx="1">MOSCOW</dependent>
          </dep>
          <dep type="appos">
            <governor idx="1">MOSCOW</governor>
            <dependent idx="3">USSR</dependent>
          </dep>
          <dep type="nummod">
            <governor idx="7">JUL</governor>
            <dependent idx="6">14</dependent>
          </dep>
          <dep type="appos">
            <governor idx="1">MOSCOW</governor>
            <dependent idx="7">JUL</dependent>
          </dep>
          <dep type="nummod">
            <governor idx="7">JUL</governor>
            <dependent idx="8">89</dependent>
          </dep>
          <dep type="amod">
            <governor idx="11">SERVICE</governor>
            <dependent idx="10">DOMESTIC</dependent>
          </dep>
          <dep type="appos">
            <governor idx="7">JUL</governor>
            <dependent idx="11">SERVICE</dependent>
          </dep>
          <dep type="dep">
            <governor idx="1">MOSCOW</governor>
            <dependent idx="15">TEXT</dependent>
          </dep>
          <dep type="amod">
            <governor idx="18">COMMUNISTS</governor>
            <dependent idx="17">PERUVIAN</dependent>
          </dep>
          <dep type="nsubj">
            <governor idx="21">CONDEMNED</governor>
            <dependent idx="18">COMMUNISTS</dependent>
          </dep>
          <dep type="aux">
            <governor idx="21">CONDEMNED</governor>
            <dependent idx="19">HAVE</dependent>
          </dep>
          <dep type="advmod">
            <governor idx="21">CONDEMNED</governor>
            <dependent idx="20">FIRMLY</dependent>
          </dep>
          <dep type="acl:relcl">
            <governor idx="15">TEXT</governor>
            <dependent idx="21">CONDEMNED</dependent>
          </dep>
          <dep type="det">
            <governor idx="24">ACT</governor>
            <dependent idx="22">THE</dependent>
          </dep>
          <dep type="amod">
            <governor idx="24">ACT</governor>
            <dependent idx="23">TERRORIST</dependent>
          </dep>
          <dep type="nsubj">
            <governor idx="25">CARRIED</governor>
            <dependent idx="24">ACT</dependent>
          </dep>
          <dep type="ccomp">
            <governor idx="21">CONDEMNED</governor>
            <dependent idx="25">CARRIED</dependent>
          </dep>
          <dep type="compound:prt">
            <governor idx="25">CARRIED</governor>
            <dependent idx="26">OUT</dependent>
          </dep>
          <dep type="case">
            <governor idx="30">REACTION</governor>
            <dependent idx="27">BY</dependent>
          </dep>
          <dep type="det">
            <governor idx="30">REACTION</governor>
            <dependent idx="28">THE</dependent>
          </dep>
          <dep type="amod">
            <governor idx="30">REACTION</governor>
            <dependent idx="29">PERUVIAN</dependent>
          </dep>
          <dep type="nmod:by">
            <governor idx="25">CARRIED</governor>
            <dependent idx="30">REACTION</dependent>
          </dep>
          <dep type="case">
            <governor idx="33">FISHERMEN</governor>
            <dependent idx="31">AGAINST</dependent>
          </dep>
          <dep type="amod">
            <governor idx="33">FISHERMEN</governor>
            <dependent idx="32">SOVIET</dependent>
          </dep>
          <dep type="nmod:against">
            <governor idx="30">REACTION</governor>
            <dependent idx="33">FISHERMEN</dependent>
          </dep>
        </dependencies>
        <dependencies type="collapsed-ccprocessed-dependencies">
          <dep type="root">
            <governor idx="0">ROOT</governor>
            <dependent idx="1">MOSCOW</dependent>
          </dep>
          <dep type="appos">
            <governor idx="1">MOSCOW</governor>
            <dependent idx="3">USSR</dependent>
          </dep>
          <dep type="nummod">
            <governor idx="7">JUL</governor>
            <dependent idx="6">14</dependent>
          </dep>
          <dep type="appos">
            <governor idx="1">MOSCOW</governor>
            <dependent idx="7">JUL</dependent>
          </dep>
          <dep type="nummod">
            <governor idx="7">JUL</governor>
            <dependent idx="8">89</dependent>
          </dep>
          <dep type="amod">
            <governor idx="11">SERVICE</governor>
            <dependent idx="10">DOMESTIC</dependent>
          </dep>
          <dep type="appos">
            <governor idx="7">JUL</governor>
            <dependent idx="11">SERVICE</dependent>
          </dep>
          <dep type="dep">
            <governor idx="1">MOSCOW</governor>
            <dependent idx="15">TEXT</dependent>
          </dep>
          <dep type="amod">
            <governor idx="18">COMMUNISTS</governor>
            <dependent idx="17">PERUVIAN</dependent>
          </dep>
          <dep type="nsubj">
            <governor idx="21">CONDEMNED</governor>
            <dependent idx="18">COMMUNISTS</dependent>
          </dep>
          <dep type="aux">
            <governor idx="21">CONDEMNED</governor>
            <dependent idx="19">HAVE</dependent>
          </dep>
          <dep type="advmod">
            <governor idx="21">CONDEMNED</governor>
            <dependent idx="20">FIRMLY</dependent>
          </dep>
          <dep type="acl:relcl">
            <governor idx="15">TEXT</governor>
            <dependent idx="21">CONDEMNED</dependent>
          </dep>
          <dep type="det">
            <governor idx="24">ACT</governor>
            <dependent idx="22">THE</dependent>
          </dep>
          <dep type="amod">
            <governor idx="24">ACT</governor>
            <dependent idx="23">TERRORIST</dependent>
          </dep>
          <dep type="nsubj">
            <governor idx="25">CARRIED</governor>
            <dependent idx="24">ACT</dependent>
          </dep>
          <dep type="ccomp">
            <governor idx="21">CONDEMNED</governor>
            <dependent idx="25">CARRIED</dependent>
          </dep>
          <dep type="compound:prt">
            <governor idx="25">CARRIED</governor>
            <dependent idx="26">OUT</dependent>
          </dep>
          <dep type="case">
            <governor idx="30">REACTION</governor>
            <dependent idx="27">BY</dependent>
          </dep>
          <dep type="det">
            <governor idx="30">REACTION</governor>
            <dependent idx="28">THE</dependent>
          </dep>
          <dep type="amod">
            <governor idx="30">REACTION</governor>
            <dependent idx="29">PERUVIAN</dependent>
          </dep>
          <dep type="nmod:by">
            <governor idx="25">CARRIED</governor>
            <dependent idx="30">REACTION</dependent>
          </dep>
          <dep type="case">
            <governor idx="33">FISHERMEN</governor>
            <dependent idx="31">AGAINST</dependent>
          </dep>
          <dep type="amod">
            <governor idx="33">FISHERMEN</governor>
            <dependent idx="32">SOVIET</dependent>
          </dep>
          <dep type="nmod:against">
            <governor idx="30">REACTION</governor>
            <dependent idx="33">FISHERMEN</dependent>
          </dep>
        </dependencies>
      </sentence>
      <sentence id="2">
        <tokens>
          <token id="1">
            <word>AS</word>
            <lemma>as</lemma>
            <CharacterOffsetBegin>181</CharacterOffsetBegin>
            <CharacterOffsetEnd>183</CharacterOffsetEnd>
            <POS>IN</POS>
            <NER>O</NER>
            <Speaker>PER0</Speaker>
          </token>
          <token id="2">
            <word>HAS</word>
            <lemma>have</lemma>
            <CharacterOffsetBegin>184</CharacterOffsetBegin>
            <CharacterOffsetEnd>187</CharacterOffsetEnd>
            <POS>VBZ</POS>
            <NER>O</NER>
            <Speaker>PER0</Speaker>
          </token>
          <token id="3">
            <word>BEEN</word>
            <lemma>be</lemma>
            <CharacterOffsetBegin>188</CharacterOffsetBegin>
            <CharacterOffsetEnd>192</CharacterOffsetEnd>
            <POS>VBN</POS>
            <NER>O</NER>
            <Speaker>PER0</Speaker>
          </token>
          <token id="4">
            <word>REPORTED</word>
            <lemma>report</lemma>
            <CharacterOffsetBegin>193</CharacterOffsetBegin>
            <CharacterOffsetEnd>201</CharacterOffsetEnd>
            <POS>VBN</POS>
            <NER>O</NER>
            <Speaker>PER0</Speaker>
          </token>
          <token id="5">
            <word>,</word>
            <lemma>,</lemma>
            <CharacterOffsetBegin>201</CharacterOffsetBegin>
            <CharacterOffsetEnd>202</CharacterOffsetEnd>
            <POS>,</POS>
            <NER>O</NER>
            <Speaker>PER0</Speaker>
          </token>
          <token id="6">
            <word>THE</word>
            <lemma>the</lemma>
            <CharacterOffsetBegin>203</CharacterOffsetBegin>
            <CharacterOffsetEnd>206</CharacterOffsetEnd>
            <POS>DT</POS>
            <NER>O</NER>
            <Speaker>PER0</Speaker>
          </token>
          <token id="7">
            <word>TERRORISTS</word>
            <lemma>terrorist</lemma>
            <CharacterOffsetBegin>207</CharacterOffsetBegin>
            <CharacterOffsetEnd>217</CharacterOffsetEnd>
            <POS>NNS</POS>
            <NER>O</NER>
            <Speaker>PER0</Speaker>
          </token>
          <token id="8">
            <word>PLACED</word>
            <lemma>place</lemma>
            <CharacterOffsetBegin>218</CharacterOffsetBegin>
            <CharacterOffsetEnd>224</CharacterOffsetEnd>
            <POS>VBD</POS>
            <NER>O</NER>
            <Speaker>PER0</Speaker>
          </token>
          <token id="9">
            <word>A</word>
            <lemma>a</lemma>
            <CharacterOffsetBegin>225</CharacterOffsetBegin>
            <CharacterOffsetEnd>226</CharacterOffsetEnd>
            <POS>DT</POS>
            <NER>O</NER>
            <Speaker>PER0</Speaker>
          </token>
          <token id="10">
            <word>CHARGE</word>
            <lemma>charge</lemma>
            <CharacterOffsetBegin>227</CharacterOffsetBegin>
            <CharacterOffsetEnd>233</CharacterOffsetEnd>
            <POS>NN</POS>
            <NER>O</NER>
            <Speaker>PER0</Speaker>
          </token>
          <token id="11">
            <word>OF</word>
            <lemma>of</lemma>
            <CharacterOffsetBegin>234</CharacterOffsetBegin>
            <CharacterOffsetEnd>236</CharacterOffsetEnd>
            <POS>IN</POS>
            <NER>O</NER>
            <Speaker>PER0</Speaker>
          </token>
          <token id="12">
            <word>DYNAMITE</word>
            <lemma>dynamite</lemma>
            <CharacterOffsetBegin>237</CharacterOffsetBegin>
            <CharacterOffsetEnd>245</CharacterOffsetEnd>
            <POS>NN</POS>
            <NER>O</NER>
            <Speaker>PER0</Speaker>
          </token>
          <token id="13">
            <word>UNDER</word>
            <lemma>under</lemma>
            <CharacterOffsetBegin>246</CharacterOffsetBegin>
            <CharacterOffsetEnd>251</CharacterOffsetEnd>
            <POS>IN</POS>
            <NER>O</NER>
            <Speaker>PER0</Speaker>
          </token>
          <token id="14">
            <word>A</word>
            <lemma>a</lemma>
            <CharacterOffsetBegin>252</CharacterOffsetBegin>
            <CharacterOffsetEnd>253</CharacterOffsetEnd>
            <POS>DT</POS>
            <NER>O</NER>
            <Speaker>PER0</Speaker>
          </token>
          <token id="15">
            <word>BUS</word>
            <lemma>bus</lemma>
            <CharacterOffsetBegin>254</CharacterOffsetBegin>
            <CharacterOffsetEnd>257</CharacterOffsetEnd>
            <POS>NN</POS>
            <NER>O</NER>
            <Speaker>PER0</Speaker>
          </token>
          <token id="16">
            <word>IN</word>
            <lemma>in</lemma>
            <CharacterOffsetBegin>258</CharacterOffsetBegin>
            <CharacterOffsetEnd>260</CharacterOffsetEnd>
            <POS>IN</POS>
            <NER>O</NER>
            <Speaker>PER0</Speaker>
          </token>
          <token id="17">
            <word>WHICH</word>
            <lemma>which</lemma>
            <CharacterOffsetBegin>261</CharacterOffsetBegin>
            <CharacterOffsetEnd>266</CharacterOffsetEnd>
            <POS>WDT</POS>
            <NER>O</NER>
            <Speaker>PER0</Speaker>
          </token>
          <token id="18">
            <word>THERE</word>
            <lemma>there</lemma>
            <CharacterOffsetBegin>267</CharacterOffsetBegin>
            <CharacterOffsetEnd>272</CharacterOffsetEnd>
            <POS>EX</POS>
            <NER>O</NER>
            <Speaker>PER0</Speaker>
          </token>
          <token id="19">
            <word>WERE</word>
            <lemma>be</lemma>
            <CharacterOffsetBegin>273</CharacterOffsetBegin>
            <CharacterOffsetEnd>277</CharacterOffsetEnd>
            <POS>VBD</POS>
            <NER>O</NER>
            <Speaker>PER0</Speaker>
          </token>
          <token id="20">
            <word>SOVIET</word>
            <lemma>soviet</lemma>
            <CharacterOffsetBegin>278</CharacterOffsetBegin>
            <CharacterOffsetEnd>284</CharacterOffsetEnd>
            <POS>JJ</POS>
            <NER>MISC</NER>
            <Speaker>PER0</Speaker>
          </token>
          <token id="21">
            <word>FISHERMEN</word>
            <lemma>fisherman</lemma>
            <CharacterOffsetBegin>285</CharacterOffsetBegin>
            <CharacterOffsetEnd>294</CharacterOffsetEnd>
            <POS>NNS</POS>
            <NER>O</NER>
            <Speaker>PER0</Speaker>
          </token>
          <token id="22">
            <word>FROM</word>
            <lemma>from</lemma>
            <CharacterOffsetBegin>295</CharacterOffsetBegin>
            <CharacterOffsetEnd>299</CharacterOffsetEnd>
            <POS>IN</POS>
            <NER>O</NER>
            <Speaker>PER0</Speaker>
          </token>
          <token id="23">
            <word>SEVERAL</word>
            <lemma>several</lemma>
            <CharacterOffsetBegin>300</CharacterOffsetBegin>
            <CharacterOffsetEnd>307</CharacterOffsetEnd>
            <POS>JJ</POS>
            <NER>O</NER>
            <Speaker>PER0</Speaker>
          </token>
          <token id="24">
            <word>TRAWLERS</word>
            <lemma>trawler</lemma>
            <CharacterOffsetBegin>308</CharacterOffsetBegin>
            <CharacterOffsetEnd>316</CharacterOffsetEnd>
            <POS>NNS</POS>
            <NER>O</NER>
            <Speaker>PER0</Speaker>
          </token>
          <token id="25">
            <word>.</word>
            <lemma>.</lemma>
            <CharacterOffsetBegin>316</CharacterOffsetBegin>
            <CharacterOffsetEnd>317</CharacterOffsetEnd>
            <POS>.</POS>
            <NER>O</NER>
            <Speaker>PER0</Speaker>
          </token>
        </tokens>
        <parse>(ROOT (S (SBAR (IN AS) (S (VP (VBZ HAS) (VP (VBN BEEN) (VP (VBN REPORTED)))))) (, ,) (NP (DT THE) (NNS TERRORISTS)) (VP (VBD PLACED) (NP (NP (DT A) (NN CHARGE)) (PP (IN OF) (NP (NN DYNAMITE)))) (PP (IN UNDER) (NP (NP (DT A) (NN BUS)) (SBAR (WHPP (IN IN) (WHNP (WDT WHICH))) (S (NP (EX THERE)) (VP (VBD WERE) (NP (NP (JJ SOVIET) (NNS FISHERMEN)) (PP (IN FROM) (NP (JJ SEVERAL) (NNS TRAWLERS)))))))))) (. .))) </parse>
        <dependencies type="basic-dependencies">
          <dep type="root">
            <governor idx="0">ROOT</governor>
            <dependent idx="8">PLACED</dependent>
          </dep>
          <dep type="mark">
            <governor idx="4">REPORTED</governor>
            <dependent idx="1">AS</dependent>
          </dep>
          <dep type="aux">
            <governor idx="4">REPORTED</governor>
            <dependent idx="2">HAS</dependent>
          </dep>
          <dep type="auxpass">
            <governor idx="4">REPORTED</governor>
            <dependent idx="3">BEEN</dependent>
          </dep>
          <dep type="advcl">
            <governor idx="8">PLACED</governor>
            <dependent idx="4">REPORTED</dependent>
          </dep>
          <dep type="det">
            <governor idx="7">TERRORISTS</governor>
            <dependent idx="6">THE</dependent>
          </dep>
          <dep type="nsubj">
            <governor idx="8">PLACED</governor>
            <dependent idx="7">TERRORISTS</dependent>
          </dep>
          <dep type="det">
            <governor idx="10">CHARGE</governor>
            <dependent idx="9">A</dependent>
          </dep>
          <dep type="dobj">
            <governor idx="8">PLACED</governor>
            <dependent idx="10">CHARGE</dependent>
          </dep>
          <dep type="case">
            <governor idx="12">DYNAMITE</governor>
            <dependent idx="11">OF</dependent>
          </dep>
          <dep type="nmod">
            <governor idx="10">CHARGE</governor>
            <dependent idx="12">DYNAMITE</dependent>
          </dep>
          <dep type="case">
            <governor idx="15">BUS</governor>
            <dependent idx="13">UNDER</dependent>
          </dep>
          <dep type="det">
            <governor idx="15">BUS</governor>
            <dependent idx="14">A</dependent>
          </dep>
          <dep type="nmod">
            <governor idx="8">PLACED</governor>
            <dependent idx="15">BUS</dependent>
          </dep>
          <dep type="case">
            <governor idx="17">WHICH</governor>
            <dependent idx="16">IN</dependent>
          </dep>
          <dep type="nmod">
            <governor idx="19">WERE</governor>
            <dependent idx="17">WHICH</dependent>
          </dep>
          <dep type="expl">
            <governor idx="19">WERE</governor>
            <dependent idx="18">THERE</dependent>
          </dep>
          <dep type="acl:relcl">
            <governor idx="15">BUS</governor>
            <dependent idx="19">WERE</dependent>
          </dep>
          <dep type="amod">
            <governor idx="21">FISHERMEN</governor>
            <dependent idx="20">SOVIET</dependent>
          </dep>
          <dep type="nsubj">
            <governor idx="19">WERE</governor>
            <dependent idx="21">FISHERMEN</dependent>
          </dep>
          <dep type="case">
            <governor idx="24">TRAWLERS</governor>
            <dependent idx="22">FROM</dependent>
          </dep>
          <dep type="amod">
            <governor idx="24">TRAWLERS</governor>
            <dependent idx="23">SEVERAL</dependent>
          </dep>
          <dep type="nmod">
            <governor idx="21">FISHERMEN</governor>
            <dependent idx="24">TRAWLERS</dependent>
          </dep>
        </dependencies>
        <dependencies type="collapsed-dependencies">
          <dep type="root">
            <governor idx="0">ROOT</governor>
            <dependent idx="8">PLACED</dependent>
          </dep>
          <dep type="mark">
            <governor idx="4">REPORTED</governor>
            <dependent idx="1">AS</dependent>
          </dep>
          <dep type="aux">
            <governor idx="4">REPORTED</governor>
            <dependent idx="2">HAS</dependent>
          </dep>
          <dep type="auxpass">
            <governor idx="4">REPORTED</governor>
            <dependent idx="3">BEEN</dependent>
          </dep>
          <dep type="advcl">
            <governor idx="8">PLACED</governor>
            <dependent idx="4">REPORTED</dependent>
          </dep>
          <dep type="det">
            <governor idx="7">TERRORISTS</governor>
            <dependent idx="6">THE</dependent>
          </dep>
          <dep type="nsubj">
            <governor idx="8">PLACED</governor>
            <dependent idx="7">TERRORISTS</dependent>
          </dep>
          <dep type="det">
            <governor idx="10">CHARGE</governor>
            <dependent idx="9">A</dependent>
          </dep>
          <dep type="dobj">
            <governor idx="8">PLACED</governor>
            <dependent idx="10">CHARGE</dependent>
          </dep>
          <dep type="case">
            <governor idx="12">DYNAMITE</governor>
            <dependent idx="11">OF</dependent>
          </dep>
          <dep type="nmod:of">
            <governor idx="10">CHARGE</governor>
            <dependent idx="12">DYNAMITE</dependent>
          </dep>
          <dep type="case">
            <governor idx="15">BUS</governor>
            <dependent idx="13">UNDER</dependent>
          </dep>
          <dep type="det">
            <governor idx="15">BUS</governor>
            <dependent idx="14">A</dependent>
          </dep>
          <dep type="nmod:under">
            <governor idx="8">PLACED</governor>
            <dependent idx="15">BUS</dependent>
          </dep>
          <dep type="case">
            <governor idx="17">WHICH</governor>
            <dependent idx="16">IN</dependent>
          </dep>
          <dep type="nmod:in">
            <governor idx="19">WERE</governor>
            <dependent idx="17">WHICH</dependent>
          </dep>
          <dep type="expl">
            <governor idx="19">WERE</governor>
            <dependent idx="18">THERE</dependent>
          </dep>
          <dep type="acl:relcl">
            <governor idx="15">BUS</governor>
            <dependent idx="19">WERE</dependent>
          </dep>
          <dep type="amod">
            <governor idx="21">FISHERMEN</governor>
            <dependent idx="20">SOVIET</dependent>
          </dep>
          <dep type="nsubj">
            <governor idx="19">WERE</governor>
            <dependent idx="21">FISHERMEN</dependent>
          </dep>
          <dep type="case">
            <governor idx="24">TRAWLERS</governor>
            <dependent idx="22">FROM</dependent>
          </dep>
          <dep type="amod">
            <governor idx="24">TRAWLERS</governor>
            <dependent idx="23">SEVERAL</dependent>
          </dep>
          <dep type="nmod:from">
            <governor idx="21">FISHERMEN</governor>
            <dependent idx="24">TRAWLERS</dependent>
          </dep>
        </dependencies>
        <dependencies type="collapsed-ccprocessed-dependencies">
          <dep type="root">
            <governor idx="0">ROOT</governor>
            <dependent idx="8">PLACED</dependent>
          </dep>
          <dep type="mark">
            <governor idx="4">REPORTED</governor>
            <dependent idx="1">AS</dependent>
          </dep>
          <dep type="aux">
            <governor idx="4">REPORTED</governor>
            <dependent idx="2">HAS</dependent>
          </dep>
          <dep type="auxpass">
            <governor idx="4">REPORTED</governor>
            <dependent idx="3">BEEN</dependent>
          </dep>
          <dep type="advcl">
            <governor idx="8">PLACED</governor>
            <dependent idx="4">REPORTED</dependent>
          </dep>
          <dep type="det">
            <governor idx="7">TERRORISTS</governor>
            <dependent idx="6">THE</dependent>
          </dep>
          <dep type="nsubj">
            <governor idx="8">PLACED</governor>
            <dependent idx="7">TERRORISTS</dependent>
          </dep>
          <dep type="det">
            <governor idx="10">CHARGE</governor>
            <dependent idx="9">A</dependent>
          </dep>
          <dep type="dobj">
            <governor idx="8">PLACED</governor>
            <dependent idx="10">CHARGE</dependent>
          </dep>
          <dep type="case">
            <governor idx="12">DYNAMITE</governor>
            <dependent idx="11">OF</dependent>
          </dep>
          <dep type="nmod:of">
            <governor idx="10">CHARGE</governor>
            <dependent idx="12">DYNAMITE</dependent>
          </dep>
          <dep type="case">
            <governor idx="15">BUS</governor>
            <dependent idx="13">UNDER</dependent>
          </dep>
          <dep type="det">
            <governor idx="15">BUS</governor>
            <dependent idx="14">A</dependent>
          </dep>
          <dep type="nmod:under">
            <governor idx="8">PLACED</governor>
            <dependent idx="15">BUS</dependent>
          </dep>
          <dep type="case">
            <governor idx="17">WHICH</governor>
            <dependent idx="16">IN</dependent>
          </dep>
          <dep type="nmod:in">
            <governor idx="19">WERE</governor>
            <dependent idx="17">WHICH</dependent>
          </dep>
          <dep type="expl">
            <governor idx="19">WERE</governor>
            <dependent idx="18">THERE</dependent>
          </dep>
          <dep type="acl:relcl">
            <governor idx="15">BUS</governor>
            <dependent idx="19">WERE</dependent>
          </dep>
          <dep type="amod">
            <governor idx="21">FISHERMEN</governor>
            <dependent idx="20">SOVIET</dependent>
          </dep>
          <dep type="nsubj">
            <governor idx="19">WERE</governor>
            <dependent idx="21">FISHERMEN</dependent>
          </dep>
          <dep type="case">
            <governor idx="24">TRAWLERS</governor>
            <dependent idx="22">FROM</dependent>
          </dep>
          <dep type="amod">
            <governor idx="24">TRAWLERS</governor>
            <dependent idx="23">SEVERAL</dependent>
          </dep>
          <dep type="nmod:from">
            <governor idx="21">FISHERMEN</governor>
            <dependent idx="24">TRAWLERS</dependent>
          </dep>
        </dependencies>
      </sentence>
      <sentence id="3">
        <tokens>
          <token id="1">
            <word>IN</word>
            <lemma>in</lemma>
            <CharacterOffsetBegin>322</CharacterOffsetBegin>
            <CharacterOffsetEnd>324</CharacterOffsetEnd>
            <POS>IN</POS>
            <NER>O</NER>
            <Speaker>PER0</Speaker>
          </token>
          <token id="2">
            <word>THE</word>
            <lemma>the</lemma>
            <CharacterOffsetBegin>325</CharacterOffsetBegin>
            <CharacterOffsetEnd>328</CharacterOffsetEnd>
            <POS>DT</POS>
            <NER>O</NER>
            <Speaker>PER0</Speaker>
          </token>
          <token id="3">
            <word>ANNOUNCEMENT</word>
            <lemma>announcement</lemma>
            <CharacterOffsetBegin>329</CharacterOffsetBegin>
            <CharacterOffsetEnd>341</CharacterOffsetEnd>
            <POS>NN</POS>
            <NER>O</NER>
            <Speaker>PER0</Speaker>
          </token>
          <token id="4">
            <word>BY</word>
            <lemma>by</lemma>
            <CharacterOffsetBegin>342</CharacterOffsetBegin>
            <CharacterOffsetEnd>344</CharacterOffsetEnd>
            <POS>IN</POS>
            <NER>O</NER>
            <Speaker>PER0</Speaker>
          </token>
          <token id="5">
            <word>THE</word>
            <lemma>the</lemma>
            <CharacterOffsetBegin>345</CharacterOffsetBegin>
            <CharacterOffsetEnd>348</CharacterOffsetEnd>
            <POS>DT</POS>
            <NER>O</NER>
            <Speaker>PER0</Speaker>
          </token>
          <token id="6">
            <word>PERUVIAN</word>
            <lemma>peruvian</lemma>
            <CharacterOffsetBegin>349</CharacterOffsetBegin>
            <CharacterOffsetEnd>357</CharacterOffsetEnd>
            <POS>JJ</POS>
            <NER>ORGANIZATION</NER>
            <Speaker>PER0</Speaker>
          </token>
          <token id="7">
            <word>COMMUNIST</word>
            <lemma>COMMUNIST</lemma>
            <CharacterOffsetBegin>358</CharacterOffsetBegin>
            <CharacterOffsetEnd>367</CharacterOffsetEnd>
            <POS>NNP</POS>
            <NER>ORGANIZATION</NER>
            <Speaker>PER0</Speaker>
          </token>
          <token id="8">
            <word>PARTY</word>
            <lemma>PARTY</lemma>
            <CharacterOffsetBegin>368</CharacterOffsetBegin>
            <CharacterOffsetEnd>373</CharacterOffsetEnd>
            <POS>NNP</POS>
            <NER>ORGANIZATION</NER>
            <Speaker>PER0</Speaker>
          </token>
          <token id="9">
            <word>CENTRAL</word>
            <lemma>CENTRAL</lemma>
            <CharacterOffsetBegin>374</CharacterOffsetBegin>
            <CharacterOffsetEnd>381</CharacterOffsetEnd>
            <POS>NNP</POS>
            <NER>ORGANIZATION</NER>
            <Speaker>PER0</Speaker>
          </token>
          <token id="10">
            <word>COMMITTEE</word>
            <lemma>COMMITTEE</lemma>
            <CharacterOffsetBegin>382</CharacterOffsetBegin>
            <CharacterOffsetEnd>391</CharacterOffsetEnd>
            <POS>NNP</POS>
            <NER>ORGANIZATION</NER>
            <Speaker>PER0</Speaker>
          </token>
          <token id="11">
            <word>,</word>
            <lemma>,</lemma>
            <CharacterOffsetBegin>391</CharacterOffsetBegin>
            <CharacterOffsetEnd>392</CharacterOffsetEnd>
            <POS>,</POS>
            <NER>O</NER>
            <Speaker>PER0</Speaker>
          </token>
          <token id="12">
            <word>IT</word>
            <lemma>it</lemma>
            <CharacterOffsetBegin>393</CharacterOffsetBegin>
            <CharacterOffsetEnd>395</CharacterOffsetEnd>
            <POS>PRP</POS>
            <NER>O</NER>
            <Speaker>PER0</Speaker>
          </token>
          <token id="13">
            <word>IS</word>
            <lemma>be</lemma>
            <CharacterOffsetBegin>396</CharacterOffsetBegin>
            <CharacterOffsetEnd>398</CharacterOffsetEnd>
            <POS>VBZ</POS>
            <NER>O</NER>
            <Speaker>PER0</Speaker>
          </token>
          <token id="14">
            <word>POINTED</word>
            <lemma>point</lemma>
            <CharacterOffsetBegin>399</CharacterOffsetBegin>
            <CharacterOffsetEnd>406</CharacterOffsetEnd>
            <POS>VBN</POS>
            <NER>O</NER>
            <Speaker>PER0</Speaker>
          </token>
          <token id="15">
            <word>OUT</word>
            <lemma>out</lemma>
            <CharacterOffsetBegin>407</CharacterOffsetBegin>
            <CharacterOffsetEnd>410</CharacterOffsetEnd>
            <POS>RP</POS>
            <NER>O</NER>
            <Speaker>PER0</Speaker>
          </token>
          <token id="16">
            <word>THAT</word>
            <lemma>that</lemma>
            <CharacterOffsetBegin>411</CharacterOffsetBegin>
            <CharacterOffsetEnd>415</CharacterOffsetEnd>
            <POS>IN</POS>
            <NER>O</NER>
            <Speaker>PER0</Speaker>
          </token>
          <token id="17">
            <word>THIS</word>
            <lemma>this</lemma>
            <CharacterOffsetBegin>416</CharacterOffsetBegin>
            <CharacterOffsetEnd>420</CharacterOffsetEnd>
            <POS>DT</POS>
            <NER>O</NER>
            <Speaker>PER0</Speaker>
          </token>
          <token id="18">
            <word>CRIME</word>
            <lemma>crime</lemma>
            <CharacterOffsetBegin>421</CharacterOffsetBegin>
            <CharacterOffsetEnd>426</CharacterOffsetEnd>
            <POS>NN</POS>
            <NER>O</NER>
            <Speaker>PER0</Speaker>
          </token>
          <token id="19">
            <word>PURSUES</word>
            <lemma>pursue</lemma>
            <CharacterOffsetBegin>427</CharacterOffsetBegin>
            <CharacterOffsetEnd>434</CharacterOffsetEnd>
            <POS>VBZ</POS>
            <NER>O</NER>
            <Speaker>PER0</Speaker>
          </token>
          <token id="20">
            <word>THE</word>
            <lemma>the</lemma>
            <CharacterOffsetBegin>435</CharacterOffsetBegin>
            <CharacterOffsetEnd>438</CharacterOffsetEnd>
            <POS>DT</POS>
            <NER>O</NER>
            <Speaker>PER0</Speaker>
          </token>
          <token id="21">
            <word>AIM</word>
            <lemma>aim</lemma>
            <CharacterOffsetBegin>439</CharacterOffsetBegin>
            <CharacterOffsetEnd>442</CharacterOffsetEnd>
            <POS>NN</POS>
            <NER>O</NER>
            <Speaker>PER0</Speaker>
          </token>
          <token id="22">
            <word>OF</word>
            <lemma>of</lemma>
            <CharacterOffsetBegin>443</CharacterOffsetBegin>
            <CharacterOffsetEnd>445</CharacterOffsetEnd>
            <POS>IN</POS>
            <NER>O</NER>
            <Speaker>PER0</Speaker>
          </token>
          <token id="23">
            <word>UNDERMINING</word>
            <lemma>undermine</lemma>
            <CharacterOffsetBegin>446</CharacterOffsetBegin>
            <CharacterOffsetEnd>457</CharacterOffsetEnd>
            <POS>VBG</POS>
            <NER>O</NER>
            <Speaker>PER0</Speaker>
          </token>
          <token id="24">
            <word>RELATIONS</word>
            <lemma>relation</lemma>
            <CharacterOffsetBegin>458</CharacterOffsetBegin>
            <CharacterOffsetEnd>467</CharacterOffsetEnd>
            <POS>NNS</POS>
            <NER>O</NER>
            <Speaker>PER0</Speaker>
          </token>
          <token id="25">
            <word>BETWEEN</word>
            <lemma>between</lemma>
            <CharacterOffsetBegin>468</CharacterOffsetBegin>
            <CharacterOffsetEnd>475</CharacterOffsetEnd>
            <POS>IN</POS>
            <NER>O</NER>
            <Speaker>PER0</Speaker>
          </token>
          <token id="26">
            <word>PERU</word>
            <lemma>PERU</lemma>
            <CharacterOffsetBegin>476</CharacterOffsetBegin>
            <CharacterOffsetEnd>480</CharacterOffsetEnd>
            <POS>NNP</POS>
            <NER>LOCATION</NER>
            <Speaker>PER0</Speaker>
          </token>
          <token id="27">
            <word>AND</word>
            <lemma>and</lemma>
            <CharacterOffsetBegin>481</CharacterOffsetBegin>
            <CharacterOffsetEnd>484</CharacterOffsetEnd>
            <POS>CC</POS>
            <NER>O</NER>
            <Speaker>PER0</Speaker>
          </token>
          <token id="28">
            <word>THE</word>
            <lemma>the</lemma>
            <CharacterOffsetBegin>485</CharacterOffsetBegin>
            <CharacterOffsetEnd>488</CharacterOffsetEnd>
            <POS>DT</POS>
            <NER>O</NER>
            <Speaker>PER0</Speaker>
          </token>
          <token id="29">
            <word>SOCIALIST</word>
            <lemma>socialist</lemma>
            <CharacterOffsetBegin>489</CharacterOffsetBegin>
            <CharacterOffsetEnd>498</CharacterOffsetEnd>
            <POS>JJ</POS>
            <NER>O</NER>
            <Speaker>PER0</Speaker>
          </token>
          <token id="30">
            <word>COUNTRIES</word>
            <lemma>country</lemma>
            <CharacterOffsetBegin>499</CharacterOffsetBegin>
            <CharacterOffsetEnd>508</CharacterOffsetEnd>
            <POS>NNS</POS>
            <NER>O</NER>
            <Speaker>PER0</Speaker>
          </token>
          <token id="31">
            <word>.</word>
            <lemma>.</lemma>
            <CharacterOffsetBegin>508</CharacterOffsetBegin>
            <CharacterOffsetEnd>509</CharacterOffsetEnd>
            <POS>.</POS>
            <NER>O</NER>
            <Speaker>PER0</Speaker>
          </token>
        </tokens>
        <parse>(ROOT (S (PP (IN IN) (NP (NP (DT THE) (NN ANNOUNCEMENT)) (PP (IN BY) (NP (DT THE) (JJ PERUVIAN) (NNP COMMUNIST) (NNP PARTY) (NNP CENTRAL) (NNP COMMITTEE))))) (, ,) (NP (PRP IT)) (VP (VBZ IS) (VP (VBN POINTED) (PRT (RP OUT)) (SBAR (IN THAT) (S (NP (DT THIS) (NN CRIME)) (VP (VBZ PURSUES) (NP (NP (DT THE) (NN AIM)) (PP (IN OF) (S (VP (VBG UNDERMINING) (NP (NP (NNS RELATIONS)) (PP (IN BETWEEN) (NP (NP (NNP PERU)) (CC AND) (NP (DT THE) (JJ SOCIALIST) (NNS COUNTRIES)))))))))))))) (. .))) </parse>
        <dependencies type="basic-dependencies">
          <dep type="root">
            <governor idx="0">ROOT</governor>
            <dependent idx="14">POINTED</dependent>
          </dep>
          <dep type="case">
            <governor idx="3">ANNOUNCEMENT</governor>
            <dependent idx="1">IN</dependent>
          </dep>
          <dep type="det">
            <governor idx="3">ANNOUNCEMENT</governor>
            <dependent idx="2">THE</dependent>
          </dep>
          <dep type="nmod">
            <governor idx="14">POINTED</governor>
            <dependent idx="3">ANNOUNCEMENT</dependent>
          </dep>
          <dep type="case">
            <governor idx="10">COMMITTEE</governor>
            <dependent idx="4">BY</dependent>
          </dep>
          <dep type="det">
            <governor idx="10">COMMITTEE</governor>
            <dependent idx="5">THE</dependent>
          </dep>
          <dep type="amod">
            <governor idx="10">COMMITTEE</governor>
            <dependent idx="6">PERUVIAN</dependent>
          </dep>
          <dep type="compound">
            <governor idx="10">COMMITTEE</governor>
            <dependent idx="7">COMMUNIST</dependent>
          </dep>
          <dep type="compound">
            <governor idx="10">COMMITTEE</governor>
            <dependent idx="8">PARTY</dependent>
          </dep>
          <dep type="compound">
            <governor idx="10">COMMITTEE</governor>
            <dependent idx="9">CENTRAL</dependent>
          </dep>
          <dep type="nmod">
            <governor idx="3">ANNOUNCEMENT</governor>
            <dependent idx="10">COMMITTEE</dependent>
          </dep>
          <dep type="nsubjpass">
            <governor idx="14">POINTED</governor>
            <dependent idx="12">IT</dependent>
          </dep>
          <dep type="auxpass">
            <governor idx="14">POINTED</governor>
            <dependent idx="13">IS</dependent>
          </dep>
          <dep type="compound:prt">
            <governor idx="14">POINTED</governor>
            <dependent idx="15">OUT</dependent>
          </dep>
          <dep type="mark">
            <governor idx="19">PURSUES</governor>
            <dependent idx="16">THAT</dependent>
          </dep>
          <dep type="det">
            <governor idx="18">CRIME</governor>
            <dependent idx="17">THIS</dependent>
          </dep>
          <dep type="nsubj">
            <governor idx="19">PURSUES</governor>
            <dependent idx="18">CRIME</dependent>
          </dep>
          <dep type="ccomp">
            <governor idx="14">POINTED</governor>
            <dependent idx="19">PURSUES</dependent>
          </dep>
          <dep type="det">
            <governor idx="21">AIM</governor>
            <dependent idx="20">THE</dependent>
          </dep>
          <dep type="dobj">
            <governor idx="19">PURSUES</governor>
            <dependent idx="21">AIM</dependent>
          </dep>
          <dep type="mark">
            <governor idx="23">UNDERMINING</governor>
            <dependent idx="22">OF</dependent>
          </dep>
          <dep type="acl">
            <governor idx="21">AIM</governor>
            <dependent idx="23">UNDERMINING</dependent>
          </dep>
          <dep type="dobj">
            <governor idx="23">UNDERMINING</governor>
            <dependent idx="24">RELATIONS</dependent>
          </dep>
          <dep type="case">
            <governor idx="26">PERU</governor>
            <dependent idx="25">BETWEEN</dependent>
          </dep>
          <dep type="nmod">
            <governor idx="24">RELATIONS</governor>
            <dependent idx="26">PERU</dependent>
          </dep>
          <dep type="cc">
            <governor idx="26">PERU</governor>
            <dependent idx="27">AND</dependent>
          </dep>
          <dep type="det">
            <governor idx="30">COUNTRIES</governor>
            <dependent idx="28">THE</dependent>
          </dep>
          <dep type="amod">
            <governor idx="30">COUNTRIES</governor>
            <dependent idx="29">SOCIALIST</dependent>
          </dep>
          <dep type="conj">
            <governor idx="26">PERU</governor>
            <dependent idx="30">COUNTRIES</dependent>
          </dep>
        </dependencies>
        <dependencies type="collapsed-dependencies">
          <dep type="root">
            <governor idx="0">ROOT</governor>
            <dependent idx="14">POINTED</dependent>
          </dep>
          <dep type="case">
            <governor idx="3">ANNOUNCEMENT</governor>
            <dependent idx="1">IN</dependent>
          </dep>
          <dep type="det">
            <governor idx="3">ANNOUNCEMENT</governor>
            <dependent idx="2">THE</dependent>
          </dep>
          <dep type="nmod:in">
            <governor idx="14">POINTED</governor>
            <dependent idx="3">ANNOUNCEMENT</dependent>
          </dep>
          <dep type="case">
            <governor idx="10">COMMITTEE</governor>
            <dependent idx="4">BY</dependent>
          </dep>
          <dep type="det">
            <governor idx="10">COMMITTEE</governor>
            <dependent idx="5">THE</dependent>
          </dep>
          <dep type="amod">
            <governor idx="10">COMMITTEE</governor>
            <dependent idx="6">PERUVIAN</dependent>
          </dep>
          <dep type="compound">
            <governor idx="10">COMMITTEE</governor>
            <dependent idx="7">COMMUNIST</dependent>
          </dep>
          <dep type="compound">
            <governor idx="10">COMMITTEE</governor>
            <dependent idx="8">PARTY</dependent>
          </dep>
          <dep type="compound">
            <governor idx="10">COMMITTEE</governor>
            <dependent idx="9">CENTRAL</dependent>
          </dep>
          <dep type="nmod:by">
            <governor idx="3">ANNOUNCEMENT</governor>
            <dependent idx="10">COMMITTEE</dependent>
          </dep>
          <dep type="nsubjpass">
            <governor idx="14">POINTED</governor>
            <dependent idx="12">IT</dependent>
          </dep>
          <dep type="auxpass">
            <governor idx="14">POINTED</governor>
            <dependent idx="13">IS</dependent>
          </dep>
          <dep type="compound:prt">
            <governor idx="14">POINTED</governor>
            <dependent idx="15">OUT</dependent>
          </dep>
          <dep type="mark">
            <governor idx="19">PURSUES</governor>
            <dependent idx="16">THAT</dependent>
          </dep>
          <dep type="det">
            <governor idx="18">CRIME</governor>
            <dependent idx="17">THIS</dependent>
          </dep>
          <dep type="nsubj">
            <governor idx="19">PURSUES</governor>
            <dependent idx="18">CRIME</dependent>
          </dep>
          <dep type="ccomp">
            <governor idx="14">POINTED</governor>
            <dependent idx="19">PURSUES</dependent>
          </dep>
          <dep type="det">
            <governor idx="21">AIM</governor>
            <dependent idx="20">THE</dependent>
          </dep>
          <dep type="dobj">
            <governor idx="19">PURSUES</governor>
            <dependent idx="21">AIM</dependent>
          </dep>
          <dep type="mark">
            <governor idx="23">UNDERMINING</governor>
            <dependent idx="22">OF</dependent>
          </dep>
          <dep type="acl">
            <governor idx="21">AIM</governor>
            <dependent idx="23">UNDERMINING</dependent>
          </dep>
          <dep type="dobj">
            <governor idx="23">UNDERMINING</governor>
            <dependent idx="24">RELATIONS</dependent>
          </dep>
          <dep type="case">
            <governor idx="26">PERU</governor>
            <dependent idx="25">BETWEEN</dependent>
          </dep>
          <dep type="nmod:between">
            <governor idx="24">RELATIONS</governor>
            <dependent idx="26">PERU</dependent>
          </dep>
          <dep type="cc">
            <governor idx="26">PERU</governor>
            <dependent idx="27">AND</dependent>
          </dep>
          <dep type="det">
            <governor idx="30">COUNTRIES</governor>
            <dependent idx="28">THE</dependent>
          </dep>
          <dep type="amod">
            <governor idx="30">COUNTRIES</governor>
            <dependent idx="29">SOCIALIST</dependent>
          </dep>
          <dep type="conj:and">
            <governor idx="26">PERU</governor>
            <dependent idx="30">COUNTRIES</dependent>
          </dep>
        </dependencies>
        <dependencies type="collapsed-ccprocessed-dependencies">
          <dep type="root">
            <governor idx="0">ROOT</governor>
            <dependent idx="14">POINTED</dependent>
          </dep>
          <dep type="case">
            <governor idx="3">ANNOUNCEMENT</governor>
            <dependent idx="1">IN</dependent>
          </dep>
          <dep type="det">
            <governor idx="3">ANNOUNCEMENT</governor>
            <dependent idx="2">THE</dependent>
          </dep>
          <dep type="nmod:in">
            <governor idx="14">POINTED</governor>
            <dependent idx="3">ANNOUNCEMENT</dependent>
          </dep>
          <dep type="case">
            <governor idx="10">COMMITTEE</governor>
            <dependent idx="4">BY</dependent>
          </dep>
          <dep type="det">
            <governor idx="10">COMMITTEE</governor>
            <dependent idx="5">THE</dependent>
          </dep>
          <dep type="amod">
            <governor idx="10">COMMITTEE</governor>
            <dependent idx="6">PERUVIAN</dependent>
          </dep>
          <dep type="compound">
            <governor idx="10">COMMITTEE</governor>
            <dependent idx="7">COMMUNIST</dependent>
          </dep>
          <dep type="compound">
            <governor idx="10">COMMITTEE</governor>
            <dependent idx="8">PARTY</dependent>
          </dep>
          <dep type="compound">
            <governor idx="10">COMMITTEE</governor>
            <dependent idx="9">CENTRAL</dependent>
          </dep>
          <dep type="nmod:by">
            <governor idx="3">ANNOUNCEMENT</governor>
            <dependent idx="10">COMMITTEE</dependent>
          </dep>
          <dep type="nsubjpass">
            <governor idx="14">POINTED</governor>
            <dependent idx="12">IT</dependent>
          </dep>
          <dep type="auxpass">
            <governor idx="14">POINTED</governor>
            <dependent idx="13">IS</dependent>
          </dep>
          <dep type="compound:prt">
            <governor idx="14">POINTED</governor>
            <dependent idx="15">OUT</dependent>
          </dep>
          <dep type="mark">
            <governor idx="19">PURSUES</governor>
            <dependent idx="16">THAT</dependent>
          </dep>
          <dep type="det">
            <governor idx="18">CRIME</governor>
            <dependent idx="17">THIS</dependent>
          </dep>
          <dep type="nsubj">
            <governor idx="19">PURSUES</governor>
            <dependent idx="18">CRIME</dependent>
          </dep>
          <dep type="ccomp">
            <governor idx="14">POINTED</governor>
            <dependent idx="19">PURSUES</dependent>
          </dep>
          <dep type="det">
            <governor idx="21">AIM</governor>
            <dependent idx="20">THE</dependent>
          </dep>
          <dep type="dobj">
            <governor idx="19">PURSUES</governor>
            <dependent idx="21">AIM</dependent>
          </dep>
          <dep type="mark">
            <governor idx="23">UNDERMINING</governor>
            <dependent idx="22">OF</dependent>
          </dep>
          <dep type="acl">
            <governor idx="21">AIM</governor>
            <dependent idx="23">UNDERMINING</dependent>
          </dep>
          <dep type="dobj">
            <governor idx="23">UNDERMINING</governor>
            <dependent idx="24">RELATIONS</dependent>
          </dep>
          <dep type="case">
            <governor idx="26">PERU</governor>
            <dependent idx="25">BETWEEN</dependent>
          </dep>
          <dep type="nmod:between">
            <governor idx="24">RELATIONS</governor>
            <dependent idx="26">PERU</dependent>
          </dep>
          <dep type="cc">
            <governor idx="26">PERU</governor>
            <dependent idx="27">AND</dependent>
          </dep>
          <dep type="det">
            <governor idx="30">COUNTRIES</governor>
            <dependent idx="28">THE</dependent>
          </dep>
          <dep type="amod">
            <governor idx="30">COUNTRIES</governor>
            <dependent idx="29">SOCIALIST</dependent>
          </dep>
          <dep type="nmod:between" extra="true">
            <governor idx="24">RELATIONS</governor>
            <dependent idx="30">COUNTRIES</dependent>
          </dep>
          <dep type="conj:and">
            <governor idx="26">PERU</governor>
            <dependent idx="30">COUNTRIES</dependent>
          </dep>
        </dependencies>
      </sentence>
    </sentences>
    <coreference>
      <coreference>
        <mention representative="true">
          <sentence>1</sentence>
          <start>1</start>
          <end>35</end>
          <head>1</head>
          <text>MOSCOW -LRB- USSR -RRB- , 14 JUL 89 -LRB- DOMESTIC SERVICE -RRB- -- -LSB- TEXT -RSB- PERUVIAN COMMUNISTS HAVE FIRMLY CONDEMNED THE TERRORIST ACT CARRIED OUT BY THE PERUVIAN REACTION AGAINST SOVIET FISHERMEN .</text>
        </mention>
        <mention>
          <sentence>3</sentence>
          <start>26</start>
          <end>27</end>
          <head>26</head>
          <text>PERU</text>
        </mention>
      </coreference>
    </coreference>
  </document>
</root>
