<?xml version="1.0" encoding="ASCII"?>
<?xml-stylesheet href="CoreNLP-to-HTML.xsl" type="text/xsl"?>
<root>
  <document>
    <sentences>
      <sentence id="1">
        <tokens>
          <token id="1">
            <word>LIMA</word>
            <lemma>LIMA</lemma>
            <CharacterOffsetBegin>3</CharacterOffsetBegin>
            <CharacterOffsetEnd>7</CharacterOffsetEnd>
            <POS>NNP</POS>
            <NER>LOCATION</NER>
            <Speaker>PER0</Speaker>
          </token>
          <token id="2">
            <word>,</word>
            <lemma>,</lemma>
            <CharacterOffsetBegin>7</CharacterOffsetBegin>
            <CharacterOffsetEnd>8</CharacterOffsetEnd>
            <POS>,</POS>
            <NER>O</NER>
            <Speaker>PER0</Speaker>
          </token>
          <token id="3">
            <word>4</word>
            <lemma>4</lemma>
            <CharacterOffsetBegin>9</CharacterOffsetBegin>
            <CharacterOffsetEnd>10</CharacterOffsetEnd>
            <POS>CD</POS>
            <NER>DATE</NER>
            <NormalizedNER>XXXX-08-04</NormalizedNER>
            <Speaker>PER0</Speaker>
            <Timex tid="t1" type="DATE">XXXX-08-04</Timex>
          </token>
          <token id="4">
            <word>AUG</word>
            <lemma>aug</lemma>
            <CharacterOffsetBegin>11</CharacterOffsetBegin>
            <CharacterOffsetEnd>14</CharacterOffsetEnd>
            <POS>NN</POS>
            <NER>DATE</NER>
            <NormalizedNER>XXXX-08-04</NormalizedNER>
            <Speaker>PER0</Speaker>
            <Timex tid="t1" type="DATE">XXXX-08-04</Timex>
          </token>
          <token id="5">
            <word>89</word>
            <lemma>89</lemma>
            <CharacterOffsetBegin>15</CharacterOffsetBegin>
            <CharacterOffsetEnd>17</CharacterOffsetEnd>
            <POS>CD</POS>
            <NER>NUMBER</NER>
            <NormalizedNER>89.0</NormalizedNER>
            <Speaker>PER0</Speaker>
          </token>
          <token id="6">
            <word>-LRB-</word>
            <lemma>-lrb-</lemma>
            <CharacterOffsetBegin>18</CharacterOffsetBegin>
            <CharacterOffsetEnd>19</CharacterOffsetEnd>
            <POS>-LRB-</POS>
            <NER>O</NER>
            <Speaker>PER0</Speaker>
          </token>
          <token id="7">
            <word>TELEVISION</word>
            <lemma>television</lemma>
            <CharacterOffsetBegin>19</CharacterOffsetBegin>
            <CharacterOffsetEnd>29</CharacterOffsetEnd>
            <POS>NN</POS>
            <NER>O</NER>
            <Speaker>PER0</Speaker>
          </token>
          <token id="8">
            <word>PERUANA</word>
            <lemma>peruana</lemma>
            <CharacterOffsetBegin>30</CharacterOffsetBegin>
            <CharacterOffsetEnd>37</CharacterOffsetEnd>
            <POS>NN</POS>
            <NER>O</NER>
            <Speaker>PER0</Speaker>
          </token>
          <token id="9">
            <word>-RRB-</word>
            <lemma>-rrb-</lemma>
            <CharacterOffsetBegin>37</CharacterOffsetBegin>
            <CharacterOffsetEnd>38</CharacterOffsetEnd>
            <POS>-RRB-</POS>
            <NER>O</NER>
            <Speaker>PER0</Speaker>
          </token>
          <token id="10">
            <word>--</word>
            <lemma>--</lemma>
            <CharacterOffsetBegin>39</CharacterOffsetBegin>
            <CharacterOffsetEnd>41</CharacterOffsetEnd>
            <POS>:</POS>
            <NER>O</NER>
            <Speaker>PER0</Speaker>
          </token>
          <token id="11">
            <word>-LSB-</word>
            <lemma>-lsb-</lemma>
            <CharacterOffsetBegin>42</CharacterOffsetBegin>
            <CharacterOffsetEnd>43</CharacterOffsetEnd>
            <POS>-LRB-</POS>
            <NER>O</NER>
            <Speaker>PER0</Speaker>
          </token>
          <token id="12">
            <word>EXCERPT</word>
            <lemma>excerpt</lemma>
            <CharacterOffsetBegin>43</CharacterOffsetBegin>
            <CharacterOffsetEnd>50</CharacterOffsetEnd>
            <POS>NN</POS>
            <NER>O</NER>
            <Speaker>PER0</Speaker>
          </token>
          <token id="13">
            <word>-RSB-</word>
            <lemma>-rsb-</lemma>
            <CharacterOffsetBegin>50</CharacterOffsetBegin>
            <CharacterOffsetEnd>51</CharacterOffsetEnd>
            <POS>-RRB-</POS>
            <NER>O</NER>
            <Speaker>PER0</Speaker>
          </token>
          <token id="14">
            <word>A</word>
            <lemma>a</lemma>
            <CharacterOffsetBegin>52</CharacterOffsetBegin>
            <CharacterOffsetEnd>53</CharacterOffsetEnd>
            <POS>DT</POS>
            <NER>O</NER>
            <Speaker>PER0</Speaker>
          </token>
          <token id="15">
            <word>SEVERE</word>
            <lemma>severe</lemma>
            <CharacterOffsetBegin>54</CharacterOffsetBegin>
            <CharacterOffsetEnd>60</CharacterOffsetEnd>
            <POS>JJ</POS>
            <NER>O</NER>
            <Speaker>PER0</Speaker>
          </token>
          <token id="16">
            <word>BLOW</word>
            <lemma>blow</lemma>
            <CharacterOffsetBegin>61</CharacterOffsetBegin>
            <CharacterOffsetEnd>65</CharacterOffsetEnd>
            <POS>NN</POS>
            <NER>O</NER>
            <Speaker>PER0</Speaker>
          </token>
          <token id="17">
            <word>HAS</word>
            <lemma>have</lemma>
            <CharacterOffsetBegin>66</CharacterOffsetBegin>
            <CharacterOffsetEnd>69</CharacterOffsetEnd>
            <POS>VBZ</POS>
            <NER>O</NER>
            <Speaker>PER0</Speaker>
          </token>
          <token id="18">
            <word>BEEN</word>
            <lemma>be</lemma>
            <CharacterOffsetBegin>70</CharacterOffsetBegin>
            <CharacterOffsetEnd>74</CharacterOffsetEnd>
            <POS>VBN</POS>
            <NER>O</NER>
            <Speaker>PER0</Speaker>
          </token>
          <token id="19">
            <word>DEALT</word>
            <lemma>deal</lemma>
            <CharacterOffsetBegin>75</CharacterOffsetBegin>
            <CharacterOffsetEnd>80</CharacterOffsetEnd>
            <POS>VBN</POS>
            <NER>O</NER>
            <Speaker>PER0</Speaker>
          </token>
          <token id="20">
            <word>TO</word>
            <lemma>to</lemma>
            <CharacterOffsetBegin>81</CharacterOffsetBegin>
            <CharacterOffsetEnd>83</CharacterOffsetEnd>
            <POS>TO</POS>
            <NER>O</NER>
            <Speaker>PER0</Speaker>
          </token>
          <token id="21">
            <word>THE</word>
            <lemma>the</lemma>
            <CharacterOffsetBegin>84</CharacterOffsetBegin>
            <CharacterOffsetEnd>87</CharacterOffsetEnd>
            <POS>DT</POS>
            <NER>O</NER>
            <Speaker>PER0</Speaker>
          </token>
          <token id="22">
            <word>SHINING</word>
            <lemma>shine</lemma>
            <CharacterOffsetBegin>88</CharacterOffsetBegin>
            <CharacterOffsetEnd>95</CharacterOffsetEnd>
            <POS>VBG</POS>
            <NER>ORGANIZATION</NER>
            <Speaker>PER0</Speaker>
          </token>
          <token id="23">
            <word>PATH</word>
            <lemma>path</lemma>
            <CharacterOffsetBegin>96</CharacterOffsetBegin>
            <CharacterOffsetEnd>100</CharacterOffsetEnd>
            <POS>NN</POS>
            <NER>ORGANIZATION</NER>
            <Speaker>PER0</Speaker>
          </token>
          <token id="24">
            <word>TERRORIST</word>
            <lemma>terrorist</lemma>
            <CharacterOffsetBegin>101</CharacterOffsetBegin>
            <CharacterOffsetEnd>110</CharacterOffsetEnd>
            <POS>JJ</POS>
            <NER>ORGANIZATION</NER>
            <Speaker>PER0</Speaker>
          </token>
          <token id="25">
            <word>ORGANIZATION</word>
            <lemma>organization</lemma>
            <CharacterOffsetBegin>111</CharacterOffsetBegin>
            <CharacterOffsetEnd>123</CharacterOffsetEnd>
            <POS>NN</POS>
            <NER>ORGANIZATION</NER>
            <Speaker>PER0</Speaker>
          </token>
          <token id="26">
            <word>IN</word>
            <lemma>in</lemma>
            <CharacterOffsetBegin>124</CharacterOffsetBegin>
            <CharacterOffsetEnd>126</CharacterOffsetEnd>
            <POS>IN</POS>
            <NER>O</NER>
            <Speaker>PER0</Speaker>
          </token>
          <token id="27">
            <word>LIMA</word>
            <lemma>LIMA</lemma>
            <CharacterOffsetBegin>127</CharacterOffsetBegin>
            <CharacterOffsetEnd>131</CharacterOffsetEnd>
            <POS>NNP</POS>
            <NER>LOCATION</NER>
            <Speaker>PER0</Speaker>
          </token>
          <token id="28">
            <word>.</word>
            <lemma>.</lemma>
            <CharacterOffsetBegin>131</CharacterOffsetBegin>
            <CharacterOffsetEnd>132</CharacterOffsetEnd>
            <POS>.</POS>
            <NER>O</NER>
            <Speaker>PER0</Speaker>
          </token>
        </tokens>
        <parse>(ROOT (S (NP (NP (NNP LIMA)) (, ,) (NP (NP (NP (CD 4) (NN AUG)) (NP (NP (CD 89)) (PRN (-LRB- -LRB-) (NP (NN TELEVISION) (NN PERUANA)) (-RRB- -RRB-)))) (: --) (NP (NP (-LRB- -LSB-) (NN EXCERPT)) (PP (-RRB- -RSB-) (NP (DT A) (JJ SEVERE) (NN BLOW)))))) (VP (VBZ HAS) (VP (VBN BEEN) (VP (VBN DEALT) (PP (TO TO) (NP (NP (DT THE) (VBG SHINING) (NN PATH) (JJ TERRORIST) (NN ORGANIZATION)) (PP (IN IN) (NP (NNP LIMA)))))))) (. .))) </parse>
        <dependencies type="basic-dependencies">
          <dep type="root">
            <governor idx="0">ROOT</governor>
            <dependent idx="19">DEALT</dependent>
          </dep>
          <dep type="nsubjpass">
            <governor idx="19">DEALT</governor>
            <dependent idx="1">LIMA</dependent>
          </dep>
          <dep type="nummod">
            <governor idx="4">AUG</governor>
            <dependent idx="3">4</dependent>
          </dep>
          <dep type="appos">
            <governor idx="1">LIMA</governor>
            <dependent idx="4">AUG</dependent>
          </dep>
          <dep type="dep">
            <governor idx="4">AUG</governor>
            <dependent idx="5">89</dependent>
          </dep>
          <dep type="compound">
            <governor idx="8">PERUANA</governor>
            <dependent idx="7">TELEVISION</dependent>
          </dep>
          <dep type="appos">
            <governor idx="5">89</governor>
            <dependent idx="8">PERUANA</dependent>
          </dep>
          <dep type="dep">
            <governor idx="4">AUG</governor>
            <dependent idx="12">EXCERPT</dependent>
          </dep>
          <dep type="det">
            <governor idx="16">BLOW</governor>
            <dependent idx="14">A</dependent>
          </dep>
          <dep type="amod">
            <governor idx="16">BLOW</governor>
            <dependent idx="15">SEVERE</dependent>
          </dep>
          <dep type="nmod">
            <governor idx="12">EXCERPT</governor>
            <dependent idx="16">BLOW</dependent>
          </dep>
          <dep type="aux">
            <governor idx="19">DEALT</governor>
            <dependent idx="17">HAS</dependent>
          </dep>
          <dep type="auxpass">
            <governor idx="19">DEALT</governor>
            <dependent idx="18">BEEN</dependent>
          </dep>
          <dep type="case">
            <governor idx="25">ORGANIZATION</governor>
            <dependent idx="20">TO</dependent>
          </dep>
          <dep type="det">
            <governor idx="25">ORGANIZATION</governor>
            <dependent idx="21">THE</dependent>
          </dep>
          <dep type="amod">
            <governor idx="25">ORGANIZATION</governor>
            <dependent idx="22">SHINING</dependent>
          </dep>
          <dep type="compound">
            <governor idx="25">ORGANIZATION</governor>
            <dependent idx="23">PATH</dependent>
          </dep>
          <dep type="amod">
            <governor idx="25">ORGANIZATION</governor>
            <dependent idx="24">TERRORIST</dependent>
          </dep>
          <dep type="nmod">
            <governor idx="19">DEALT</governor>
            <dependent idx="25">ORGANIZATION</dependent>
          </dep>
          <dep type="case">
            <governor idx="27">LIMA</governor>
            <dependent idx="26">IN</dependent>
          </dep>
          <dep type="nmod">
            <governor idx="25">ORGANIZATION</governor>
            <dependent idx="27">LIMA</dependent>
          </dep>
        </dependencies>
        <dependencies type="collapsed-dependencies">
          <dep type="root">
            <governor idx="0">ROOT</governor>
            <dependent idx="19">DEALT</dependent>
          </dep>
          <dep type="nsubjpass">
            <governor idx="19">DEALT</governor>
            <dependent idx="1">LIMA</dependent>
          </dep>
          <dep type="nummod">
            <governor idx="4">AUG</governor>
            <dependent idx="3">4</dependent>
          </dep>
          <dep type="appos">
            <governor idx="1">LIMA</governor>
            <dependent idx="4">AUG</dependent>
          </dep>
          <dep type="dep">
            <governor idx="4">AUG</governor>
            <dependent idx="5">89</dependent>
          </dep>
          <dep type="compound">
            <governor idx="8">PERUANA</governor>
            <dependent idx="7">TELEVISION</dependent>
          </dep>
          <dep type="appos">
            <governor idx="5">89</governor>
            <dependent idx="8">PERUANA</dependent>
          </dep>
          <dep type="dep">
            <governor idx="4">AUG</governor>
            <dependent idx="12">EXCERPT</dependent>
          </dep>
          <dep type="det">
            <governor idx="16">BLOW</governor>
            <dependent idx="14">A</dependent>
          </dep>
          <dep type="amod">
            <governor idx="16">BLOW</governor>
            <dependent idx="15">SEVERE</dependent>
          </dep>
          <dep type="nmod">
            <governor idx="12">EXCERPT</governor>
            <dependent idx="16">BLOW</dependent>
          </dep>
          <dep type="aux">
            <governor idx="19">DEALT</governor>
            <dependent idx="17">HAS</dependent>
          </dep>
          <dep type="auxpass">
            <governor idx="19">DEALT</governor>
            <dependent idx="18">BEEN</dependent>
          </dep>
          <dep type="case">
            <governor idx="25">ORGANIZATION</governor>
            <dependent idx="20">TO</dependent>
          </dep>
          <dep type="det">
            <governor idx="25">ORGANIZATION</governor>
            <dependent idx="21">THE</dependent>
          </dep>
          <dep type="amod">
            <governor idx="25">ORGANIZATION</governor>
            <dependent idx="22">SHINING</dependent>
          </dep>
          <dep type="compound">
            <governor idx="25">ORGANIZATION</governor>
            <dependent idx="23">PATH</dependent>
          </dep>
          <dep type="amod">
            <governor idx="25">ORGANIZATION</governor>
            <dependent idx="24">TERRORIST</dependent>
          </dep>
          <dep type="nmod:to">
            <governor idx="19">DEALT</governor>
            <dependent idx="25">ORGANIZATION</dependent>
          </dep>
          <dep type="case">
            <governor idx="27">LIMA</governor>
            <dependent idx="26">IN</dependent>
          </dep>
          <dep type="nmod:in">
            <governor idx="25">ORGANIZATION</governor>
            <dependent idx="27">LIMA</dependent>
          </dep>
        </dependencies>
        <dependencies type="collapsed-ccprocessed-dependencies">
          <dep type="root">
            <governor idx="0">ROOT</governor>
            <dependent idx="19">DEALT</dependent>
          </dep>
          <dep type="nsubjpass">
            <governor idx="19">DEALT</governor>
            <dependent idx="1">LIMA</dependent>
          </dep>
          <dep type="nummod">
            <governor idx="4">AUG</governor>
            <dependent idx="3">4</dependent>
          </dep>
          <dep type="appos">
            <governor idx="1">LIMA</governor>
            <dependent idx="4">AUG</dependent>
          </dep>
          <dep type="dep">
            <governor idx="4">AUG</governor>
            <dependent idx="5">89</dependent>
          </dep>
          <dep type="compound">
            <governor idx="8">PERUANA</governor>
            <dependent idx="7">TELEVISION</dependent>
          </dep>
          <dep type="appos">
            <governor idx="5">89</governor>
            <dependent idx="8">PERUANA</dependent>
          </dep>
          <dep type="dep">
            <governor idx="4">AUG</governor>
            <dependent idx="12">EXCERPT</dependent>
          </dep>
          <dep type="det">
            <governor idx="16">BLOW</governor>
            <dependent idx="14">A</dependent>
          </dep>
          <dep type="amod">
            <governor idx="16">BLOW</governor>
            <dependent idx="15">SEVERE</dependent>
          </dep>
          <dep type="nmod">
            <governor idx="12">EXCERPT</governor>
            <dependent idx="16">BLOW</dependent>
          </dep>
          <dep type="aux">
            <governor idx="19">DEALT</governor>
            <dependent idx="17">HAS</dependent>
          </dep>
          <dep type="auxpass">
            <governor idx="19">DEALT</governor>
            <dependent idx="18">BEEN</dependent>
          </dep>
          <dep type="case">
            <governor idx="25">ORGANIZATION</governor>
            <dependent idx="20">TO</dependent>
          </dep>
          <dep type="det">
            <governor idx="25">ORGANIZATION</governor>
            <dependent idx="21">THE</dependent>
          </dep>
          <dep type="amod">
            <governor idx="25">ORGANIZATION</governor>
            <dependent idx="22">SHINING</dependent>
          </dep>
          <dep type="compound">
            <governor idx="25">ORGANIZATION</governor>
            <dependent idx="23">PATH</dependent>
          </dep>
          <dep type="amod">
            <governor idx="25">ORGANIZATION</governor>
            <dependent idx="24">TERRORIST</dependent>
          </dep>
          <dep type="nmod:to">
            <governor idx="19">DEALT</governor>
            <dependent idx="25">ORGANIZATION</dependent>
          </dep>
          <dep type="case">
            <governor idx="27">LIMA</governor>
            <dependent idx="26">IN</dependent>
          </dep>
          <dep type="nmod:in">
            <governor idx="25">ORGANIZATION</governor>
            <dependent idx="27">LIMA</dependent>
          </dep>
        </dependencies>
      </sentence>
      <sentence id="2">
        <tokens>
          <token id="1">
            <word>IN</word>
            <lemma>in</lemma>
            <CharacterOffsetBegin>134</CharacterOffsetBegin>
            <CharacterOffsetEnd>136</CharacterOffsetEnd>
            <POS>IN</POS>
            <NER>O</NER>
            <Speaker>PER0</Speaker>
          </token>
          <token id="2">
            <word>THEIR</word>
            <lemma>they</lemma>
            <CharacterOffsetBegin>137</CharacterOffsetBegin>
            <CharacterOffsetEnd>142</CharacterOffsetEnd>
            <POS>PRP$</POS>
            <NER>O</NER>
            <Speaker>PER0</Speaker>
          </token>
          <token id="3">
            <word>TIRELESS</word>
            <lemma>tireless</lemma>
            <CharacterOffsetBegin>143</CharacterOffsetBegin>
            <CharacterOffsetEnd>151</CharacterOffsetEnd>
            <POS>JJ</POS>
            <NER>O</NER>
            <Speaker>PER0</Speaker>
          </token>
          <token id="4">
            <word>STRUGGLE</word>
            <lemma>struggle</lemma>
            <CharacterOffsetBegin>152</CharacterOffsetBegin>
            <CharacterOffsetEnd>160</CharacterOffsetEnd>
            <POS>NN</POS>
            <NER>O</NER>
            <Speaker>PER0</Speaker>
          </token>
          <token id="5">
            <word>AGAINST</word>
            <lemma>against</lemma>
            <CharacterOffsetBegin>161</CharacterOffsetBegin>
            <CharacterOffsetEnd>168</CharacterOffsetEnd>
            <POS>IN</POS>
            <NER>O</NER>
            <Speaker>PER0</Speaker>
          </token>
          <token id="6">
            <word>SUBVERSION</word>
            <lemma>subversion</lemma>
            <CharacterOffsetBegin>169</CharacterOffsetBegin>
            <CharacterOffsetEnd>179</CharacterOffsetEnd>
            <POS>NN</POS>
            <NER>O</NER>
            <Speaker>PER0</Speaker>
          </token>
          <token id="7">
            <word>,</word>
            <lemma>,</lemma>
            <CharacterOffsetBegin>179</CharacterOffsetBegin>
            <CharacterOffsetEnd>180</CharacterOffsetEnd>
            <POS>,</POS>
            <NER>O</NER>
            <Speaker>PER0</Speaker>
          </token>
          <token id="8">
            <word>THE</word>
            <lemma>the</lemma>
            <CharacterOffsetBegin>181</CharacterOffsetBegin>
            <CharacterOffsetEnd>184</CharacterOffsetEnd>
            <POS>DT</POS>
            <NER>O</NER>
            <Speaker>PER0</Speaker>
          </token>
          <token id="9">
            <word>POLICE</word>
            <lemma>police</lemma>
            <CharacterOffsetBegin>185</CharacterOffsetBegin>
            <CharacterOffsetEnd>191</CharacterOffsetEnd>
            <POS>NN</POS>
            <NER>O</NER>
            <Speaker>PER0</Speaker>
          </token>
          <token id="10">
            <word>TODAY</word>
            <lemma>today</lemma>
            <CharacterOffsetBegin>192</CharacterOffsetBegin>
            <CharacterOffsetEnd>197</CharacterOffsetEnd>
            <POS>NN</POS>
            <NER>DATE</NER>
            <NormalizedNER>THIS P1D</NormalizedNER>
            <Speaker>PER0</Speaker>
            <Timex tid="t2" type="DATE"/>
          </token>
          <token id="11">
            <word>PRESENTED</word>
            <lemma>present</lemma>
            <CharacterOffsetBegin>198</CharacterOffsetBegin>
            <CharacterOffsetEnd>207</CharacterOffsetEnd>
            <POS>VBN</POS>
            <NER>O</NER>
            <Speaker>PER0</Speaker>
          </token>
          <token id="12">
            <word>TO</word>
            <lemma>to</lemma>
            <CharacterOffsetBegin>208</CharacterOffsetBegin>
            <CharacterOffsetEnd>210</CharacterOffsetEnd>
            <POS>TO</POS>
            <NER>O</NER>
            <Speaker>PER0</Speaker>
          </token>
          <token id="13">
            <word>THE</word>
            <lemma>the</lemma>
            <CharacterOffsetBegin>211</CharacterOffsetBegin>
            <CharacterOffsetEnd>214</CharacterOffsetEnd>
            <POS>DT</POS>
            <NER>O</NER>
            <Speaker>PER0</Speaker>
          </token>
          <token id="14">
            <word>PRESS</word>
            <lemma>press</lemma>
            <CharacterOffsetBegin>215</CharacterOffsetBegin>
            <CharacterOffsetEnd>220</CharacterOffsetEnd>
            <POS>NN</POS>
            <NER>O</NER>
            <Speaker>PER0</Speaker>
          </token>
          <token id="15">
            <word>29</word>
            <lemma>29</lemma>
            <CharacterOffsetBegin>221</CharacterOffsetBegin>
            <CharacterOffsetEnd>223</CharacterOffsetEnd>
            <POS>CD</POS>
            <NER>NUMBER</NER>
            <NormalizedNER>29.0</NormalizedNER>
            <Speaker>PER0</Speaker>
          </token>
          <token id="16">
            <word>SHINING</word>
            <lemma>shine</lemma>
            <CharacterOffsetBegin>224</CharacterOffsetBegin>
            <CharacterOffsetEnd>231</CharacterOffsetEnd>
            <POS>VBG</POS>
            <NER>O</NER>
            <Speaker>PER0</Speaker>
          </token>
          <token id="17">
            <word>PATH</word>
            <lemma>path</lemma>
            <CharacterOffsetBegin>232</CharacterOffsetBegin>
            <CharacterOffsetEnd>236</CharacterOffsetEnd>
            <POS>NN</POS>
            <NER>O</NER>
            <Speaker>PER0</Speaker>
          </token>
          <token id="18">
            <word>MEMBERS</word>
            <lemma>member</lemma>
            <CharacterOffsetBegin>237</CharacterOffsetBegin>
            <CharacterOffsetEnd>244</CharacterOffsetEnd>
            <POS>NNS</POS>
            <NER>O</NER>
            <Speaker>PER0</Speaker>
          </token>
          <token id="19">
            <word>WHO</word>
            <lemma>who</lemma>
            <CharacterOffsetBegin>245</CharacterOffsetBegin>
            <CharacterOffsetEnd>248</CharacterOffsetEnd>
            <POS>WP</POS>
            <NER>O</NER>
            <Speaker>PER0</Speaker>
          </token>
          <token id="20">
            <word>WERE</word>
            <lemma>be</lemma>
            <CharacterOffsetBegin>249</CharacterOffsetBegin>
            <CharacterOffsetEnd>253</CharacterOffsetEnd>
            <POS>VBD</POS>
            <NER>O</NER>
            <Speaker>PER0</Speaker>
          </token>
          <token id="21">
            <word>ARRESTED</word>
            <lemma>arrest</lemma>
            <CharacterOffsetBegin>254</CharacterOffsetBegin>
            <CharacterOffsetEnd>262</CharacterOffsetEnd>
            <POS>VBN</POS>
            <NER>O</NER>
            <Speaker>PER0</Speaker>
          </token>
          <token id="22">
            <word>IN</word>
            <lemma>in</lemma>
            <CharacterOffsetBegin>263</CharacterOffsetBegin>
            <CharacterOffsetEnd>265</CharacterOffsetEnd>
            <POS>IN</POS>
            <NER>O</NER>
            <Speaker>PER0</Speaker>
          </token>
          <token id="23">
            <word>DIFFERENT</word>
            <lemma>different</lemma>
            <CharacterOffsetBegin>266</CharacterOffsetBegin>
            <CharacterOffsetEnd>275</CharacterOffsetEnd>
            <POS>JJ</POS>
            <NER>O</NER>
            <Speaker>PER0</Speaker>
          </token>
          <token id="24">
            <word>OPERATIONS</word>
            <lemma>operation</lemma>
            <CharacterOffsetBegin>276</CharacterOffsetBegin>
            <CharacterOffsetEnd>286</CharacterOffsetEnd>
            <POS>NNS</POS>
            <NER>O</NER>
            <Speaker>PER0</Speaker>
          </token>
          <token id="25">
            <word>.</word>
            <lemma>.</lemma>
            <CharacterOffsetBegin>286</CharacterOffsetBegin>
            <CharacterOffsetEnd>287</CharacterOffsetEnd>
            <POS>.</POS>
            <NER>O</NER>
            <Speaker>PER0</Speaker>
          </token>
        </tokens>
        <parse>(ROOT (S (PP (IN IN) (NP (NP (PRP$ THEIR) (JJ TIRELESS) (NN STRUGGLE)) (PP (IN AGAINST) (NP (NN SUBVERSION))))) (, ,) (NP (DT THE) (NN POLICE) (NN TODAY)) (VP (VBN PRESENTED) (PP (TO TO) (NP (DT THE) (NN PRESS))) (NP (NP (CD 29) (VBG SHINING) (NN PATH) (NNS MEMBERS)) (SBAR (WHNP (WP WHO)) (S (VP (VBD WERE) (VP (VBN ARRESTED) (PP (IN IN) (NP (JJ DIFFERENT) (NNS OPERATIONS))))))))) (. .))) </parse>
        <dependencies type="basic-dependencies">
          <dep type="root">
            <governor idx="0">ROOT</governor>
            <dependent idx="11">PRESENTED</dependent>
          </dep>
          <dep type="case">
            <governor idx="4">STRUGGLE</governor>
            <dependent idx="1">IN</dependent>
          </dep>
          <dep type="nmod:poss">
            <governor idx="4">STRUGGLE</governor>
            <dependent idx="2">THEIR</dependent>
          </dep>
          <dep type="amod">
            <governor idx="4">STRUGGLE</governor>
            <dependent idx="3">TIRELESS</dependent>
          </dep>
          <dep type="nmod">
            <governor idx="11">PRESENTED</governor>
            <dependent idx="4">STRUGGLE</dependent>
          </dep>
          <dep type="case">
            <governor idx="6">SUBVERSION</governor>
            <dependent idx="5">AGAINST</dependent>
          </dep>
          <dep type="nmod">
            <governor idx="4">STRUGGLE</governor>
            <dependent idx="6">SUBVERSION</dependent>
          </dep>
          <dep type="det">
            <governor idx="10">TODAY</governor>
            <dependent idx="8">THE</dependent>
          </dep>
          <dep type="compound">
            <governor idx="10">TODAY</governor>
            <dependent idx="9">POLICE</dependent>
          </dep>
          <dep type="nsubj">
            <governor idx="11">PRESENTED</governor>
            <dependent idx="10">TODAY</dependent>
          </dep>
          <dep type="case">
            <governor idx="14">PRESS</governor>
            <dependent idx="12">TO</dependent>
          </dep>
          <dep type="det">
            <governor idx="14">PRESS</governor>
            <dependent idx="13">THE</dependent>
          </dep>
          <dep type="nmod">
            <governor idx="11">PRESENTED</governor>
            <dependent idx="14">PRESS</dependent>
          </dep>
          <dep type="nummod">
            <governor idx="18">MEMBERS</governor>
            <dependent idx="15">29</dependent>
          </dep>
          <dep type="amod">
            <governor idx="18">MEMBERS</governor>
            <dependent idx="16">SHINING</dependent>
          </dep>
          <dep type="compound">
            <governor idx="18">MEMBERS</governor>
            <dependent idx="17">PATH</dependent>
          </dep>
          <dep type="dobj">
            <governor idx="11">PRESENTED</governor>
            <dependent idx="18">MEMBERS</dependent>
          </dep>
          <dep type="nsubjpass">
            <governor idx="21">ARRESTED</governor>
            <dependent idx="19">WHO</dependent>
          </dep>
          <dep type="auxpass">
            <governor idx="21">ARRESTED</governor>
            <dependent idx="20">WERE</dependent>
          </dep>
          <dep type="acl:relcl">
            <governor idx="18">MEMBERS</governor>
            <dependent idx="21">ARRESTED</dependent>
          </dep>
          <dep type="case">
            <governor idx="24">OPERATIONS</governor>
            <dependent idx="22">IN</dependent>
          </dep>
          <dep type="amod">
            <governor idx="24">OPERATIONS</governor>
            <dependent idx="23">DIFFERENT</dependent>
          </dep>
          <dep type="nmod">
            <governor idx="21">ARRESTED</governor>
            <dependent idx="24">OPERATIONS</dependent>
          </dep>
        </dependencies>
        <dependencies type="collapsed-dependencies">
          <dep type="root">
            <governor idx="0">ROOT</governor>
            <dependent idx="11">PRESENTED</dependent>
          </dep>
          <dep type="case">
            <governor idx="4">STRUGGLE</governor>
            <dependent idx="1">IN</dependent>
          </dep>
          <dep type="nmod:poss">
            <governor idx="4">STRUGGLE</governor>
            <dependent idx="2">THEIR</dependent>
          </dep>
          <dep type="amod">
            <governor idx="4">STRUGGLE</governor>
            <dependent idx="3">TIRELESS</dependent>
          </dep>
          <dep type="nmod:in">
            <governor idx="11">PRESENTED</governor>
            <dependent idx="4">STRUGGLE</dependent>
          </dep>
          <dep type="case">
            <governor idx="6">SUBVERSION</governor>
            <dependent idx="5">AGAINST</dependent>
          </dep>
          <dep type="nmod:against">
            <governor idx="4">STRUGGLE</governor>
            <dependent idx="6">SUBVERSION</dependent>
          </dep>
          <dep type="det">
            <governor idx="10">TODAY</governor>
            <dependent idx="8">THE</dependent>
          </dep>
          <dep type="compound">
            <governor idx="10">TODAY</governor>
            <dependent idx="9">POLICE</dependent>
          </dep>
          <dep type="nsubj">
            <governor idx="11">PRESENTED</governor>
            <dependent idx="10">TODAY</dependent>
          </dep>
          <dep type="case">
            <governor idx="14">PRESS</governor>
            <dependent idx="12">TO</dependent>
          </dep>
          <dep type="det">
            <governor idx="14">PRESS</governor>
            <dependent idx="13">THE</dependent>
          </dep>
          <dep type="nmod:to">
            <governor idx="11">PRESENTED</governor>
            <dependent idx="14">PRESS</dependent>
          </dep>
          <dep type="nummod">
            <governor idx="18">MEMBERS</governor>
            <dependent idx="15">29</dependent>
          </dep>
          <dep type="amod">
            <governor idx="18">MEMBERS</governor>
            <dependent idx="16">SHINING</dependent>
          </dep>
          <dep type="compound">
            <governor idx="18">MEMBERS</governor>
            <dependent idx="17">PATH</dependent>
          </dep>
          <dep type="dobj">
            <governor idx="11">PRESENTED</governor>
            <dependent idx="18">MEMBERS</dependent>
          </dep>
          <dep type="nsubjpass">
            <governor idx="21">ARRESTED</governor>
            <dependent idx="19">WHO</dependent>
          </dep>
          <dep type="auxpass">
            <governor idx="21">ARRESTED</governor>
            <dependent idx="20">WERE</dependent>
          </dep>
          <dep type="acl:relcl">
            <governor idx="18">MEMBERS</governor>
            <dependent idx="21">ARRESTED</dependent>
          </dep>
          <dep type="case">
            <governor idx="24">OPERATIONS</governor>
            <dependent idx="22">IN</dependent>
          </dep>
          <dep type="amod">
            <governor idx="24">OPERATIONS</governor>
            <dependent idx="23">DIFFERENT</dependent>
          </dep>
          <dep type="nmod:in">
            <governor idx="21">ARRESTED</governor>
            <dependent idx="24">OPERATIONS</dependent>
          </dep>
        </dependencies>
        <dependencies type="collapsed-ccprocessed-dependencies">
          <dep type="root">
            <governor idx="0">ROOT</governor>
            <dependent idx="11">PRESENTED</dependent>
          </dep>
          <dep type="case">
            <governor idx="4">STRUGGLE</governor>
            <dependent idx="1">IN</dependent>
          </dep>
          <dep type="nmod:poss">
            <governor idx="4">STRUGGLE</governor>
            <dependent idx="2">THEIR</dependent>
          </dep>
          <dep type="amod">
            <governor idx="4">STRUGGLE</governor>
            <dependent idx="3">TIRELESS</dependent>
          </dep>
          <dep type="nmod:in">
            <governor idx="11">PRESENTED</governor>
            <dependent idx="4">STRUGGLE</dependent>
          </dep>
          <dep type="case">
            <governor idx="6">SUBVERSION</governor>
            <dependent idx="5">AGAINST</dependent>
          </dep>
          <dep type="nmod:against">
            <governor idx="4">STRUGGLE</governor>
            <dependent idx="6">SUBVERSION</dependent>
          </dep>
          <dep type="det">
            <governor idx="10">TODAY</governor>
            <dependent idx="8">THE</dependent>
          </dep>
          <dep type="compound">
            <governor idx="10">TODAY</governor>
            <dependent idx="9">POLICE</dependent>
          </dep>
          <dep type="nsubj">
            <governor idx="11">PRESENTED</governor>
            <dependent idx="10">TODAY</dependent>
          </dep>
          <dep type="case">
            <governor idx="14">PRESS</governor>
            <dependent idx="12">TO</dependent>
          </dep>
          <dep type="det">
            <governor idx="14">PRESS</governor>
            <dependent idx="13">THE</dependent>
          </dep>
          <dep type="nmod:to">
            <governor idx="11">PRESENTED</governor>
            <dependent idx="14">PRESS</dependent>
          </dep>
          <dep type="nummod">
            <governor idx="18">MEMBERS</governor>
            <dependent idx="15">29</dependent>
          </dep>
          <dep type="amod">
            <governor idx="18">MEMBERS</governor>
            <dependent idx="16">SHINING</dependent>
          </dep>
          <dep type="compound">
            <governor idx="18">MEMBERS</governor>
            <dependent idx="17">PATH</dependent>
          </dep>
          <dep type="dobj">
            <governor idx="11">PRESENTED</governor>
            <dependent idx="18">MEMBERS</dependent>
          </dep>
          <dep type="nsubjpass">
            <governor idx="21">ARRESTED</governor>
            <dependent idx="19">WHO</dependent>
          </dep>
          <dep type="auxpass">
            <governor idx="21">ARRESTED</governor>
            <dependent idx="20">WERE</dependent>
          </dep>
          <dep type="acl:relcl">
            <governor idx="18">MEMBERS</governor>
            <dependent idx="21">ARRESTED</dependent>
          </dep>
          <dep type="case">
            <governor idx="24">OPERATIONS</governor>
            <dependent idx="22">IN</dependent>
          </dep>
          <dep type="amod">
            <governor idx="24">OPERATIONS</governor>
            <dependent idx="23">DIFFERENT</dependent>
          </dep>
          <dep type="nmod:in">
            <governor idx="21">ARRESTED</governor>
            <dependent idx="24">OPERATIONS</dependent>
          </dep>
        </dependencies>
      </sentence>
      <sentence id="3">
        <tokens>
          <token id="1">
            <word>THE</word>
            <lemma>the</lemma>
            <CharacterOffsetBegin>289</CharacterOffsetBegin>
            <CharacterOffsetEnd>292</CharacterOffsetEnd>
            <POS>DT</POS>
            <NER>O</NER>
            <Speaker>PER0</Speaker>
          </token>
          <token id="2">
            <word>TERRORISTS</word>
            <lemma>terrorist</lemma>
            <CharacterOffsetBegin>293</CharacterOffsetBegin>
            <CharacterOffsetEnd>303</CharacterOffsetEnd>
            <POS>NNS</POS>
            <NER>O</NER>
            <Speaker>PER0</Speaker>
          </token>
          <token id="3">
            <word>WERE</word>
            <lemma>be</lemma>
            <CharacterOffsetBegin>304</CharacterOffsetBegin>
            <CharacterOffsetEnd>308</CharacterOffsetEnd>
            <POS>VBD</POS>
            <NER>O</NER>
            <Speaker>PER0</Speaker>
          </token>
          <token id="4">
            <word>PRESENTED</word>
            <lemma>present</lemma>
            <CharacterOffsetBegin>309</CharacterOffsetBegin>
            <CharacterOffsetEnd>318</CharacterOffsetEnd>
            <POS>VBN</POS>
            <NER>O</NER>
            <Speaker>PER0</Speaker>
          </token>
          <token id="5">
            <word>AT</word>
            <lemma>at</lemma>
            <CharacterOffsetBegin>319</CharacterOffsetBegin>
            <CharacterOffsetEnd>321</CharacterOffsetEnd>
            <POS>IN</POS>
            <NER>O</NER>
            <Speaker>PER0</Speaker>
          </token>
          <token id="6">
            <word>THE</word>
            <lemma>the</lemma>
            <CharacterOffsetBegin>322</CharacterOffsetBegin>
            <CharacterOffsetEnd>325</CharacterOffsetEnd>
            <POS>DT</POS>
            <NER>O</NER>
            <Speaker>PER0</Speaker>
          </token>
          <token id="7">
            <word>DIRCOTE</word>
            <lemma>dircote</lemma>
            <CharacterOffsetBegin>326</CharacterOffsetBegin>
            <CharacterOffsetEnd>333</CharacterOffsetEnd>
            <POS>NN</POS>
            <NER>O</NER>
            <Speaker>PER0</Speaker>
          </token>
          <token id="8">
            <word>-LSB-</word>
            <lemma>-lsb-</lemma>
            <CharacterOffsetBegin>334</CharacterOffsetBegin>
            <CharacterOffsetEnd>335</CharacterOffsetEnd>
            <POS>-LRB-</POS>
            <NER>O</NER>
            <Speaker>PER0</Speaker>
          </token>
          <token id="9">
            <word>ANTITERRORIST</word>
            <lemma>antiterrorist</lemma>
            <CharacterOffsetBegin>335</CharacterOffsetBegin>
            <CharacterOffsetEnd>348</CharacterOffsetEnd>
            <POS>NN</POS>
            <NER>O</NER>
            <Speaker>PER0</Speaker>
          </token>
          <token id="10">
            <word>DIRECTORATE</word>
            <lemma>directorate</lemma>
            <CharacterOffsetBegin>349</CharacterOffsetBegin>
            <CharacterOffsetEnd>360</CharacterOffsetEnd>
            <POS>NN</POS>
            <NER>O</NER>
            <Speaker>PER0</Speaker>
          </token>
          <token id="11">
            <word>-RSB-</word>
            <lemma>-rsb-</lemma>
            <CharacterOffsetBegin>360</CharacterOffsetBegin>
            <CharacterOffsetEnd>361</CharacterOffsetEnd>
            <POS>-RRB-</POS>
            <NER>O</NER>
            <Speaker>PER0</Speaker>
          </token>
          <token id="12">
            <word>FACILITIES</word>
            <lemma>facility</lemma>
            <CharacterOffsetBegin>362</CharacterOffsetBegin>
            <CharacterOffsetEnd>372</CharacterOffsetEnd>
            <POS>NNS</POS>
            <NER>O</NER>
            <Speaker>PER0</Speaker>
          </token>
          <token id="13">
            <word>.</word>
            <lemma>.</lemma>
            <CharacterOffsetBegin>372</CharacterOffsetBegin>
            <CharacterOffsetEnd>373</CharacterOffsetEnd>
            <POS>.</POS>
            <NER>O</NER>
            <Speaker>PER0</Speaker>
          </token>
        </tokens>
        <parse>(ROOT (S (NP (DT THE) (NNS TERRORISTS)) (VP (VBD WERE) (VP (VBN PRESENTED) (PP (IN AT) (NP (NP (DT THE) (NN DIRCOTE)) (PP (-LRB- -LSB-) (NP (NN ANTITERRORIST) (NN DIRECTORATE) (-RRB- -RSB-) (NNS FACILITIES))))))) (. .))) </parse>
        <dependencies type="basic-dependencies">
          <dep type="root">
            <governor idx="0">ROOT</governor>
            <dependent idx="4">PRESENTED</dependent>
          </dep>
          <dep type="det">
            <governor idx="2">TERRORISTS</governor>
            <dependent idx="1">THE</dependent>
          </dep>
          <dep type="nsubjpass">
            <governor idx="4">PRESENTED</governor>
            <dependent idx="2">TERRORISTS</dependent>
          </dep>
          <dep type="auxpass">
            <governor idx="4">PRESENTED</governor>
            <dependent idx="3">WERE</dependent>
          </dep>
          <dep type="case">
            <governor idx="7">DIRCOTE</governor>
            <dependent idx="5">AT</dependent>
          </dep>
          <dep type="det">
            <governor idx="7">DIRCOTE</governor>
            <dependent idx="6">THE</dependent>
          </dep>
          <dep type="nmod">
            <governor idx="4">PRESENTED</governor>
            <dependent idx="7">DIRCOTE</dependent>
          </dep>
          <dep type="compound">
            <governor idx="12">FACILITIES</governor>
            <dependent idx="9">ANTITERRORIST</dependent>
          </dep>
          <dep type="compound">
            <governor idx="12">FACILITIES</governor>
            <dependent idx="10">DIRECTORATE</dependent>
          </dep>
          <dep type="nmod">
            <governor idx="7">DIRCOTE</governor>
            <dependent idx="12">FACILITIES</dependent>
          </dep>
        </dependencies>
        <dependencies type="collapsed-dependencies">
          <dep type="root">
            <governor idx="0">ROOT</governor>
            <dependent idx="4">PRESENTED</dependent>
          </dep>
          <dep type="det">
            <governor idx="2">TERRORISTS</governor>
            <dependent idx="1">THE</dependent>
          </dep>
          <dep type="nsubjpass">
            <governor idx="4">PRESENTED</governor>
            <dependent idx="2">TERRORISTS</dependent>
          </dep>
          <dep type="auxpass">
            <governor idx="4">PRESENTED</governor>
            <dependent idx="3">WERE</dependent>
          </dep>
          <dep type="case">
            <governor idx="7">DIRCOTE</governor>
            <dependent idx="5">AT</dependent>
          </dep>
          <dep type="det">
            <governor idx="7">DIRCOTE</governor>
            <dependent idx="6">THE</dependent>
          </dep>
          <dep type="nmod:at">
            <governor idx="4">PRESENTED</governor>
            <dependent idx="7">DIRCOTE</dependent>
          </dep>
          <dep type="compound">
            <governor idx="12">FACILITIES</governor>
            <dependent idx="9">ANTITERRORIST</dependent>
          </dep>
          <dep type="compound">
            <governor idx="12">FACILITIES</governor>
            <dependent idx="10">DIRECTORATE</dependent>
          </dep>
          <dep type="nmod">
            <governor idx="7">DIRCOTE</governor>
            <dependent idx="12">FACILITIES</dependent>
          </dep>
        </dependencies>
        <dependencies type="collapsed-ccprocessed-dependencies">
          <dep type="root">
            <governor idx="0">ROOT</governor>
            <dependent idx="4">PRESENTED</dependent>
          </dep>
          <dep type="det">
            <governor idx="2">TERRORISTS</governor>
            <dependent idx="1">THE</dependent>
          </dep>
          <dep type="nsubjpass">
            <governor idx="4">PRESENTED</governor>
            <dependent idx="2">TERRORISTS</dependent>
          </dep>
          <dep type="auxpass">
            <governor idx="4">PRESENTED</governor>
            <dependent idx="3">WERE</dependent>
          </dep>
          <dep type="case">
            <governor idx="7">DIRCOTE</governor>
            <dependent idx="5">AT</dependent>
          </dep>
          <dep type="det">
            <governor idx="7">DIRCOTE</governor>
            <dependent idx="6">THE</dependent>
          </dep>
          <dep type="nmod:at">
            <governor idx="4">PRESENTED</governor>
            <dependent idx="7">DIRCOTE</dependent>
          </dep>
          <dep type="compound">
            <governor idx="12">FACILITIES</governor>
            <dependent idx="9">ANTITERRORIST</dependent>
          </dep>
          <dep type="compound">
            <governor idx="12">FACILITIES</governor>
            <dependent idx="10">DIRECTORATE</dependent>
          </dep>
          <dep type="nmod">
            <governor idx="7">DIRCOTE</governor>
            <dependent idx="12">FACILITIES</dependent>
          </dep>
        </dependencies>
      </sentence>
      <sentence id="4">
        <tokens>
          <token id="1">
            <word>INTERIOR</word>
            <lemma>INTERIOR</lemma>
            <CharacterOffsetBegin>375</CharacterOffsetBegin>
            <CharacterOffsetEnd>383</CharacterOffsetEnd>
            <POS>NNP</POS>
            <NER>ORGANIZATION</NER>
            <Speaker>PER0</Speaker>
          </token>
          <token id="2">
            <word>MINISTER</word>
            <lemma>MINISTER</lemma>
            <CharacterOffsetBegin>384</CharacterOffsetBegin>
            <CharacterOffsetEnd>392</CharacterOffsetEnd>
            <POS>NNP</POS>
            <NER>O</NER>
            <Speaker>PER0</Speaker>
          </token>
          <token id="3">
            <word>AGUSTIN</word>
            <lemma>AGUSTIN</lemma>
            <CharacterOffsetBegin>393</CharacterOffsetBegin>
            <CharacterOffsetEnd>400</CharacterOffsetEnd>
            <POS>NNP</POS>
            <NER>PERSON</NER>
            <Speaker>PER0</Speaker>
          </token>
          <token id="4">
            <word>MANTILLA</word>
            <lemma>MANTILLA</lemma>
            <CharacterOffsetBegin>401</CharacterOffsetBegin>
            <CharacterOffsetEnd>409</CharacterOffsetEnd>
            <POS>NNP</POS>
            <NER>PERSON</NER>
            <Speaker>PER0</Speaker>
          </token>
          <token id="5">
            <word>HAS</word>
            <lemma>have</lemma>
            <CharacterOffsetBegin>410</CharacterOffsetBegin>
            <CharacterOffsetEnd>413</CharacterOffsetEnd>
            <POS>VBZ</POS>
            <NER>O</NER>
            <Speaker>PER0</Speaker>
          </token>
          <token id="6">
            <word>SAID</word>
            <lemma>say</lemma>
            <CharacterOffsetBegin>414</CharacterOffsetBegin>
            <CharacterOffsetEnd>418</CharacterOffsetEnd>
            <POS>VBN</POS>
            <NER>O</NER>
            <Speaker>PER0</Speaker>
          </token>
          <token id="7">
            <word>THAT</word>
            <lemma>that</lemma>
            <CharacterOffsetBegin>419</CharacterOffsetBegin>
            <CharacterOffsetEnd>423</CharacterOffsetEnd>
            <POS>IN</POS>
            <NER>O</NER>
            <Speaker>PER0</Speaker>
          </token>
          <token id="8">
            <word>WITH</word>
            <lemma>with</lemma>
            <CharacterOffsetBegin>424</CharacterOffsetBegin>
            <CharacterOffsetEnd>428</CharacterOffsetEnd>
            <POS>IN</POS>
            <NER>O</NER>
            <Speaker>PER0</Speaker>
          </token>
          <token id="9">
            <word>THESE</word>
            <lemma>these</lemma>
            <CharacterOffsetBegin>429</CharacterOffsetBegin>
            <CharacterOffsetEnd>434</CharacterOffsetEnd>
            <POS>DT</POS>
            <NER>O</NER>
            <Speaker>PER0</Speaker>
          </token>
          <token id="10">
            <word>ARRESTS</word>
            <lemma>arrest</lemma>
            <CharacterOffsetBegin>435</CharacterOffsetBegin>
            <CharacterOffsetEnd>442</CharacterOffsetEnd>
            <POS>NNS</POS>
            <NER>O</NER>
            <Speaker>PER0</Speaker>
          </token>
          <token id="11">
            <word>THE</word>
            <lemma>the</lemma>
            <CharacterOffsetBegin>443</CharacterOffsetBegin>
            <CharacterOffsetEnd>446</CharacterOffsetEnd>
            <POS>DT</POS>
            <NER>O</NER>
            <Speaker>PER0</Speaker>
          </token>
          <token id="12">
            <word>POLICE</word>
            <lemma>police</lemma>
            <CharacterOffsetBegin>447</CharacterOffsetBegin>
            <CharacterOffsetEnd>453</CharacterOffsetEnd>
            <POS>NNS</POS>
            <NER>O</NER>
            <Speaker>PER0</Speaker>
          </token>
          <token id="13">
            <word>HAVE</word>
            <lemma>have</lemma>
            <CharacterOffsetBegin>454</CharacterOffsetBegin>
            <CharacterOffsetEnd>458</CharacterOffsetEnd>
            <POS>VBP</POS>
            <NER>O</NER>
            <Speaker>PER0</Speaker>
          </token>
          <token id="14">
            <word>DISMANTLED</word>
            <lemma>dismantle</lemma>
            <CharacterOffsetBegin>459</CharacterOffsetBegin>
            <CharacterOffsetEnd>469</CharacterOffsetEnd>
            <POS>VBN</POS>
            <NER>O</NER>
            <Speaker>PER0</Speaker>
          </token>
          <token id="15">
            <word>A</word>
            <lemma>a</lemma>
            <CharacterOffsetBegin>470</CharacterOffsetBegin>
            <CharacterOffsetEnd>471</CharacterOffsetEnd>
            <POS>DT</POS>
            <NER>O</NER>
            <Speaker>PER0</Speaker>
          </token>
          <token id="16">
            <word>MAJOR</word>
            <lemma>major</lemma>
            <CharacterOffsetBegin>472</CharacterOffsetBegin>
            <CharacterOffsetEnd>477</CharacterOffsetEnd>
            <POS>JJ</POS>
            <NER>O</NER>
            <Speaker>PER0</Speaker>
          </token>
          <token id="17">
            <word>SHINING</word>
            <lemma>shine</lemma>
            <CharacterOffsetBegin>478</CharacterOffsetBegin>
            <CharacterOffsetEnd>485</CharacterOffsetEnd>
            <POS>VBG</POS>
            <NER>O</NER>
            <Speaker>PER0</Speaker>
          </token>
          <token id="18">
            <word>PATH</word>
            <lemma>path</lemma>
            <CharacterOffsetBegin>486</CharacterOffsetBegin>
            <CharacterOffsetEnd>490</CharacterOffsetEnd>
            <POS>NN</POS>
            <NER>O</NER>
            <Speaker>PER0</Speaker>
          </token>
          <token id="19">
            <word>NETWORK</word>
            <lemma>network</lemma>
            <CharacterOffsetBegin>491</CharacterOffsetBegin>
            <CharacterOffsetEnd>498</CharacterOffsetEnd>
            <POS>NN</POS>
            <NER>O</NER>
            <Speaker>PER0</Speaker>
          </token>
          <token id="20">
            <word>.</word>
            <lemma>.</lemma>
            <CharacterOffsetBegin>498</CharacterOffsetBegin>
            <CharacterOffsetEnd>499</CharacterOffsetEnd>
            <POS>.</POS>
            <NER>O</NER>
            <Speaker>PER0</Speaker>
          </token>
        </tokens>
        <parse>(ROOT (S (NP (NNP INTERIOR) (NNP MINISTER) (NNP AGUSTIN) (NNP MANTILLA)) (VP (VBZ HAS) (VP (VBN SAID) (SBAR (IN THAT) (S (PP (IN WITH) (NP (DT THESE) (NNS ARRESTS))) (NP (DT THE) (NNS POLICE)) (VP (VBP HAVE) (VP (VBN DISMANTLED) (NP (DT A) (JJ MAJOR) (VBG SHINING) (NN PATH) (NN NETWORK)))))))) (. .))) </parse>
        <dependencies type="basic-dependencies">
          <dep type="root">
            <governor idx="0">ROOT</governor>
            <dependent idx="6">SAID</dependent>
          </dep>
          <dep type="compound">
            <governor idx="4">MANTILLA</governor>
            <dependent idx="1">INTERIOR</dependent>
          </dep>
          <dep type="compound">
            <governor idx="4">MANTILLA</governor>
            <dependent idx="2">MINISTER</dependent>
          </dep>
          <dep type="compound">
            <governor idx="4">MANTILLA</governor>
            <dependent idx="3">AGUSTIN</dependent>
          </dep>
          <dep type="nsubj">
            <governor idx="6">SAID</governor>
            <dependent idx="4">MANTILLA</dependent>
          </dep>
          <dep type="aux">
            <governor idx="6">SAID</governor>
            <dependent idx="5">HAS</dependent>
          </dep>
          <dep type="mark">
            <governor idx="14">DISMANTLED</governor>
            <dependent idx="7">THAT</dependent>
          </dep>
          <dep type="case">
            <governor idx="10">ARRESTS</governor>
            <dependent idx="8">WITH</dependent>
          </dep>
          <dep type="det">
            <governor idx="10">ARRESTS</governor>
            <dependent idx="9">THESE</dependent>
          </dep>
          <dep type="nmod">
            <governor idx="14">DISMANTLED</governor>
            <dependent idx="10">ARRESTS</dependent>
          </dep>
          <dep type="det">
            <governor idx="12">POLICE</governor>
            <dependent idx="11">THE</dependent>
          </dep>
          <dep type="nsubj">
            <governor idx="14">DISMANTLED</governor>
            <dependent idx="12">POLICE</dependent>
          </dep>
          <dep type="aux">
            <governor idx="14">DISMANTLED</governor>
            <dependent idx="13">HAVE</dependent>
          </dep>
          <dep type="ccomp">
            <governor idx="6">SAID</governor>
            <dependent idx="14">DISMANTLED</dependent>
          </dep>
          <dep type="det">
            <governor idx="19">NETWORK</governor>
            <dependent idx="15">A</dependent>
          </dep>
          <dep type="amod">
            <governor idx="19">NETWORK</governor>
            <dependent idx="16">MAJOR</dependent>
          </dep>
          <dep type="amod">
            <governor idx="19">NETWORK</governor>
            <dependent idx="17">SHINING</dependent>
          </dep>
          <dep type="compound">
            <governor idx="19">NETWORK</governor>
            <dependent idx="18">PATH</dependent>
          </dep>
          <dep type="dobj">
            <governor idx="14">DISMANTLED</governor>
            <dependent idx="19">NETWORK</dependent>
          </dep>
        </dependencies>
        <dependencies type="collapsed-dependencies">
          <dep type="root">
            <governor idx="0">ROOT</governor>
            <dependent idx="6">SAID</dependent>
          </dep>
          <dep type="compound">
            <governor idx="4">MANTILLA</governor>
            <dependent idx="1">INTERIOR</dependent>
          </dep>
          <dep type="compound">
            <governor idx="4">MANTILLA</governor>
            <dependent idx="2">MINISTER</dependent>
          </dep>
          <dep type="compound">
            <governor idx="4">MANTILLA</governor>
            <dependent idx="3">AGUSTIN</dependent>
          </dep>
          <dep type="nsubj">
            <governor idx="6">SAID</governor>
            <dependent idx="4">MANTILLA</dependent>
          </dep>
          <dep type="aux">
            <governor idx="6">SAID</governor>
            <dependent idx="5">HAS</dependent>
          </dep>
          <dep type="mark">
            <governor idx="14">DISMANTLED</governor>
            <dependent idx="7">THAT</dependent>
          </dep>
          <dep type="case">
            <governor idx="10">ARRESTS</governor>
            <dependent idx="8">WITH</dependent>
          </dep>
          <dep type="det">
            <governor idx="10">ARRESTS</governor>
            <dependent idx="9">THESE</dependent>
          </dep>
          <dep type="nmod:with">
            <governor idx="14">DISMANTLED</governor>
            <dependent idx="10">ARRESTS</dependent>
          </dep>
          <dep type="det">
            <governor idx="12">POLICE</governor>
            <dependent idx="11">THE</dependent>
          </dep>
          <dep type="nsubj">
            <governor idx="14">DISMANTLED</governor>
            <dependent idx="12">POLICE</dependent>
          </dep>
          <dep type="aux">
            <governor idx="14">DISMANTLED</governor>
            <dependent idx="13">HAVE</dependent>
          </dep>
          <dep type="ccomp">
            <governor idx="6">SAID</governor>
            <dependent idx="14">DISMANTLED</dependent>
          </dep>
          <dep type="det">
            <governor idx="19">NETWORK</governor>
            <dependent idx="15">A</dependent>
          </dep>
          <dep type="amod">
            <governor idx="19">NETWORK</governor>
            <dependent idx="16">MAJOR</dependent>
          </dep>
          <dep type="amod">
            <governor idx="19">NETWORK</governor>
            <dependent idx="17">SHINING</dependent>
          </dep>
          <dep type="compound">
            <governor idx="19">NETWORK</governor>
            <dependent idx="18">PATH</dependent>
          </dep>
          <dep type="dobj">
            <governor idx="14">DISMANTLED</governor>
            <dependent idx="19">NETWORK</dependent>
          </dep>
        </dependencies>
        <dependencies type="collapsed-ccprocessed-dependencies">
          <dep type="root">
            <governor idx="0">ROOT</governor>
            <dependent idx="6">SAID</dependent>
          </dep>
          <dep type="compound">
            <governor idx="4">MANTILLA</governor>
            <dependent idx="1">INTERIOR</dependent>
          </dep>
          <dep type="compound">
            <governor idx="4">MANTILLA</governor>
            <dependent idx="2">MINISTER</dependent>
          </dep>
          <dep type="compound">
            <governor idx="4">MANTILLA</governor>
            <dependent idx="3">AGUSTIN</dependent>
          </dep>
          <dep type="nsubj">
            <governor idx="6">SAID</governor>
            <dependent idx="4">MANTILLA</dependent>
          </dep>
          <dep type="aux">
            <governor idx="6">SAID</governor>
            <dependent idx="5">HAS</dependent>
          </dep>
          <dep type="mark">
            <governor idx="14">DISMANTLED</governor>
            <dependent idx="7">THAT</dependent>
          </dep>
          <dep type="case">
            <governor idx="10">ARRESTS</governor>
            <dependent idx="8">WITH</dependent>
          </dep>
          <dep type="det">
            <governor idx="10">ARRESTS</governor>
            <dependent idx="9">THESE</dependent>
          </dep>
          <dep type="nmod:with">
            <governor idx="14">DISMANTLED</governor>
            <dependent idx="10">ARRESTS</dependent>
          </dep>
          <dep type="det">
            <governor idx="12">POLICE</governor>
            <dependent idx="11">THE</dependent>
          </dep>
          <dep type="nsubj">
            <governor idx="14">DISMANTLED</governor>
            <dependent idx="12">POLICE</dependent>
          </dep>
          <dep type="aux">
            <governor idx="14">DISMANTLED</governor>
            <dependent idx="13">HAVE</dependent>
          </dep>
          <dep type="ccomp">
            <governor idx="6">SAID</governor>
            <dependent idx="14">DISMANTLED</dependent>
          </dep>
          <dep type="det">
            <governor idx="19">NETWORK</governor>
            <dependent idx="15">A</dependent>
          </dep>
          <dep type="amod">
            <governor idx="19">NETWORK</governor>
            <dependent idx="16">MAJOR</dependent>
          </dep>
          <dep type="amod">
            <governor idx="19">NETWORK</governor>
            <dependent idx="17">SHINING</dependent>
          </dep>
          <dep type="compound">
            <governor idx="19">NETWORK</governor>
            <dependent idx="18">PATH</dependent>
          </dep>
          <dep type="dobj">
            <governor idx="14">DISMANTLED</governor>
            <dependent idx="19">NETWORK</dependent>
          </dep>
        </dependencies>
      </sentence>
    </sentences>
    <coreference>
      <coreference>
        <mention representative="true">
          <sentence>1</sentence>
          <start>1</start>
          <end>2</end>
          <head>1</head>
          <text>LIMA</text>
        </mention>
        <mention>
          <sentence>1</sentence>
          <start>27</start>
          <end>28</end>
          <head>27</head>
          <text>LIMA</text>
        </mention>
      </coreference>
    </coreference>
  </document>
</root>
