<?xml version="1.0" encoding="ASCII"?>
<?xml-stylesheet href="CoreNLP-to-HTML.xsl" type="text/xsl"?>
<root>
  <document>
    <sentences>
      <sentence id="1">
        <tokens>
          <token id="1">
            <word>SAN</word>
            <lemma>SAN</lemma>
            <CharacterOffsetBegin>3</CharacterOffsetBegin>
            <CharacterOffsetEnd>6</CharacterOffsetEnd>
            <POS>NNP</POS>
            <NER>LOCATION</NER>
            <Speaker>PER0</Speaker>
          </token>
          <token id="2">
            <word>SALVADOR</word>
            <lemma>SALVADOR</lemma>
            <CharacterOffsetBegin>7</CharacterOffsetBegin>
            <CharacterOffsetEnd>15</CharacterOffsetEnd>
            <POS>NNP</POS>
            <NER>LOCATION</NER>
            <Speaker>PER0</Speaker>
          </token>
          <token id="3">
            <word>,</word>
            <lemma>,</lemma>
            <CharacterOffsetBegin>15</CharacterOffsetBegin>
            <CharacterOffsetEnd>16</CharacterOffsetEnd>
            <POS>,</POS>
            <NER>O</NER>
            <Speaker>PER0</Speaker>
          </token>
          <token id="4">
            <word>8</word>
            <lemma>8</lemma>
            <CharacterOffsetBegin>17</CharacterOffsetBegin>
            <CharacterOffsetEnd>18</CharacterOffsetEnd>
            <POS>CD</POS>
            <NER>DATE</NER>
            <NormalizedNER>XXXX-08-08</NormalizedNER>
            <Speaker>PER0</Speaker>
            <Timex tid="t1" type="DATE">XXXX-08-08</Timex>
          </token>
          <token id="5">
            <word>AUG</word>
            <lemma>aug</lemma>
            <CharacterOffsetBegin>19</CharacterOffsetBegin>
            <CharacterOffsetEnd>22</CharacterOffsetEnd>
            <POS>NN</POS>
            <NER>DATE</NER>
            <NormalizedNER>XXXX-08-08</NormalizedNER>
            <Speaker>PER0</Speaker>
            <Timex tid="t1" type="DATE">XXXX-08-08</Timex>
          </token>
          <token id="6">
            <word>89</word>
            <lemma>89</lemma>
            <CharacterOffsetBegin>23</CharacterOffsetBegin>
            <CharacterOffsetEnd>25</CharacterOffsetEnd>
            <POS>CD</POS>
            <NER>NUMBER</NER>
            <NormalizedNER>89.0</NormalizedNER>
            <Speaker>PER0</Speaker>
          </token>
          <token id="7">
            <word>-LRB-</word>
            <lemma>-lrb-</lemma>
            <CharacterOffsetBegin>26</CharacterOffsetBegin>
            <CharacterOffsetEnd>27</CharacterOffsetEnd>
            <POS>-LRB-</POS>
            <NER>O</NER>
            <Speaker>PER0</Speaker>
          </token>
          <token id="8">
            <word>RADIO</word>
            <lemma>radio</lemma>
            <CharacterOffsetBegin>27</CharacterOffsetBegin>
            <CharacterOffsetEnd>32</CharacterOffsetEnd>
            <POS>NN</POS>
            <NER>ORGANIZATION</NER>
            <Speaker>PER0</Speaker>
          </token>
          <token id="9">
            <word>CADENA</word>
            <lemma>cadena</lemma>
            <CharacterOffsetBegin>33</CharacterOffsetBegin>
            <CharacterOffsetEnd>39</CharacterOffsetEnd>
            <POS>NN</POS>
            <NER>ORGANIZATION</NER>
            <Speaker>PER0</Speaker>
          </token>
          <token id="10">
            <word>YSKL</word>
            <lemma>yskl</lemma>
            <CharacterOffsetBegin>40</CharacterOffsetBegin>
            <CharacterOffsetEnd>44</CharacterOffsetEnd>
            <POS>NN</POS>
            <NER>ORGANIZATION</NER>
            <Speaker>PER0</Speaker>
          </token>
          <token id="11">
            <word>-RRB-</word>
            <lemma>-rrb-</lemma>
            <CharacterOffsetBegin>44</CharacterOffsetBegin>
            <CharacterOffsetEnd>45</CharacterOffsetEnd>
            <POS>-RRB-</POS>
            <NER>O</NER>
            <Speaker>PER0</Speaker>
          </token>
          <token id="12">
            <word>--</word>
            <lemma>--</lemma>
            <CharacterOffsetBegin>46</CharacterOffsetBegin>
            <CharacterOffsetEnd>48</CharacterOffsetEnd>
            <POS>:</POS>
            <NER>O</NER>
            <Speaker>PER0</Speaker>
          </token>
          <token id="13">
            <word>-LSB-</word>
            <lemma>-lsb-</lemma>
            <CharacterOffsetBegin>49</CharacterOffsetBegin>
            <CharacterOffsetEnd>50</CharacterOffsetEnd>
            <POS>-LRB-</POS>
            <NER>O</NER>
            <Speaker>PER0</Speaker>
          </token>
          <token id="14">
            <word>TEXT</word>
            <lemma>text</lemma>
            <CharacterOffsetBegin>50</CharacterOffsetBegin>
            <CharacterOffsetEnd>54</CharacterOffsetEnd>
            <POS>NN</POS>
            <NER>O</NER>
            <Speaker>PER0</Speaker>
          </token>
          <token id="15">
            <word>-RSB-</word>
            <lemma>-rsb-</lemma>
            <CharacterOffsetBegin>54</CharacterOffsetBegin>
            <CharacterOffsetEnd>55</CharacterOffsetEnd>
            <POS>-RRB-</POS>
            <NER>O</NER>
            <Speaker>PER0</Speaker>
          </token>
          <token id="16">
            <word>A</word>
            <lemma>a</lemma>
            <CharacterOffsetBegin>56</CharacterOffsetBegin>
            <CharacterOffsetEnd>57</CharacterOffsetEnd>
            <POS>DT</POS>
            <NER>O</NER>
            <Speaker>PER0</Speaker>
          </token>
          <token id="17">
            <word>U.S.</word>
            <lemma>U.S.</lemma>
            <CharacterOffsetBegin>58</CharacterOffsetBegin>
            <CharacterOffsetEnd>62</CharacterOffsetEnd>
            <POS>NNP</POS>
            <NER>LOCATION</NER>
            <Speaker>PER0</Speaker>
          </token>
          <token id="18">
            <word>CITIZEN</word>
            <lemma>citizen</lemma>
            <CharacterOffsetBegin>63</CharacterOffsetBegin>
            <CharacterOffsetEnd>70</CharacterOffsetEnd>
            <POS>NN</POS>
            <NER>O</NER>
            <Speaker>PER0</Speaker>
          </token>
          <token id="19">
            <word>DIED</word>
            <lemma>die</lemma>
            <CharacterOffsetBegin>71</CharacterOffsetBegin>
            <CharacterOffsetEnd>75</CharacterOffsetEnd>
            <POS>VBD</POS>
            <NER>O</NER>
            <Speaker>PER0</Speaker>
          </token>
          <token id="20">
            <word>AT</word>
            <lemma>at</lemma>
            <CharacterOffsetBegin>76</CharacterOffsetBegin>
            <CharacterOffsetEnd>78</CharacterOffsetEnd>
            <POS>IN</POS>
            <NER>O</NER>
            <Speaker>PER0</Speaker>
          </token>
          <token id="21">
            <word>THE</word>
            <lemma>the</lemma>
            <CharacterOffsetBegin>79</CharacterOffsetBegin>
            <CharacterOffsetEnd>82</CharacterOffsetEnd>
            <POS>DT</POS>
            <NER>O</NER>
            <Speaker>PER0</Speaker>
          </token>
          <token id="22">
            <word>DIAGNOSIS</word>
            <lemma>diagnosis</lemma>
            <CharacterOffsetBegin>83</CharacterOffsetBegin>
            <CharacterOffsetEnd>92</CharacterOffsetEnd>
            <POS>NN</POS>
            <NER>O</NER>
            <Speaker>PER0</Speaker>
          </token>
          <token id="23">
            <word>HOSPITAL</word>
            <lemma>hospital</lemma>
            <CharacterOffsetBegin>93</CharacterOffsetBegin>
            <CharacterOffsetEnd>101</CharacterOffsetEnd>
            <POS>NN</POS>
            <NER>O</NER>
            <Speaker>PER0</Speaker>
          </token>
          <token id="24">
            <word>EARLY</word>
            <lemma>early</lemma>
            <CharacterOffsetBegin>102</CharacterOffsetBegin>
            <CharacterOffsetEnd>107</CharacterOffsetEnd>
            <POS>RB</POS>
            <NER>TIME</NER>
            <NormalizedNER>THIS MO</NormalizedNER>
            <Speaker>PER0</Speaker>
            <Timex tid="t2" type="DATE"/>
          </token>
          <token id="25">
            <word>THIS</word>
            <lemma>this</lemma>
            <CharacterOffsetBegin>108</CharacterOffsetBegin>
            <CharacterOffsetEnd>112</CharacterOffsetEnd>
            <POS>DT</POS>
            <NER>TIME</NER>
            <NormalizedNER>THIS MO</NormalizedNER>
            <Speaker>PER0</Speaker>
            <Timex tid="t2" type="DATE"/>
          </token>
          <token id="26">
            <word>MORNING</word>
            <lemma>morning</lemma>
            <CharacterOffsetBegin>113</CharacterOffsetBegin>
            <CharacterOffsetEnd>120</CharacterOffsetEnd>
            <POS>NN</POS>
            <NER>TIME</NER>
            <NormalizedNER>THIS MO</NormalizedNER>
            <Speaker>PER0</Speaker>
            <Timex tid="t2" type="DATE"/>
          </token>
          <token id="27">
            <word>.</word>
            <lemma>.</lemma>
            <CharacterOffsetBegin>120</CharacterOffsetBegin>
            <CharacterOffsetEnd>121</CharacterOffsetEnd>
            <POS>.</POS>
            <NER>O</NER>
            <Speaker>PER0</Speaker>
          </token>
        </tokens>
        <parse>(ROOT (S (NP (NP (NNP SAN) (NNP SALVADOR)) (, ,) (NP (NP (NP (CD 8) (NN AUG)) (NP (NP (CD 89)) (-LRB- -LRB-) (NP (NN RADIO) (NN CADENA) (NN YSKL)) (-RRB- -RRB-))) (: --) (NP (NP (-LRB- -LSB-) (NN TEXT)) (PP (-RRB- -RSB-) (NP (DT A) (NNP U.S.) (NN CITIZEN)))))) (VP (VBD DIED) (PP (IN AT) (NP (DT THE) (NN DIAGNOSIS) (NN HOSPITAL))) (NP-TMP (RB EARLY) (DT THIS) (NN MORNING))) (. .))) </parse>
        <dependencies type="basic-dependencies">
          <dep type="root">
            <governor idx="0">ROOT</governor>
            <dependent idx="19">DIED</dependent>
          </dep>
          <dep type="compound">
            <governor idx="2">SALVADOR</governor>
            <dependent idx="1">SAN</dependent>
          </dep>
          <dep type="nsubj">
            <governor idx="19">DIED</governor>
            <dependent idx="2">SALVADOR</dependent>
          </dep>
          <dep type="nummod">
            <governor idx="5">AUG</governor>
            <dependent idx="4">8</dependent>
          </dep>
          <dep type="appos">
            <governor idx="2">SALVADOR</governor>
            <dependent idx="5">AUG</dependent>
          </dep>
          <dep type="dep">
            <governor idx="5">AUG</governor>
            <dependent idx="6">89</dependent>
          </dep>
          <dep type="compound">
            <governor idx="10">YSKL</governor>
            <dependent idx="8">RADIO</dependent>
          </dep>
          <dep type="compound">
            <governor idx="10">YSKL</governor>
            <dependent idx="9">CADENA</dependent>
          </dep>
          <dep type="dep">
            <governor idx="6">89</governor>
            <dependent idx="10">YSKL</dependent>
          </dep>
          <dep type="dep">
            <governor idx="5">AUG</governor>
            <dependent idx="14">TEXT</dependent>
          </dep>
          <dep type="det">
            <governor idx="18">CITIZEN</governor>
            <dependent idx="16">A</dependent>
          </dep>
          <dep type="compound">
            <governor idx="18">CITIZEN</governor>
            <dependent idx="17">U.S.</dependent>
          </dep>
          <dep type="nmod">
            <governor idx="14">TEXT</governor>
            <dependent idx="18">CITIZEN</dependent>
          </dep>
          <dep type="case">
            <governor idx="23">HOSPITAL</governor>
            <dependent idx="20">AT</dependent>
          </dep>
          <dep type="det">
            <governor idx="23">HOSPITAL</governor>
            <dependent idx="21">THE</dependent>
          </dep>
          <dep type="compound">
            <governor idx="23">HOSPITAL</governor>
            <dependent idx="22">DIAGNOSIS</dependent>
          </dep>
          <dep type="nmod">
            <governor idx="19">DIED</governor>
            <dependent idx="23">HOSPITAL</dependent>
          </dep>
          <dep type="advmod">
            <governor idx="26">MORNING</governor>
            <dependent idx="24">EARLY</dependent>
          </dep>
          <dep type="det">
            <governor idx="26">MORNING</governor>
            <dependent idx="25">THIS</dependent>
          </dep>
          <dep type="nmod:tmod">
            <governor idx="19">DIED</governor>
            <dependent idx="26">MORNING</dependent>
          </dep>
        </dependencies>
        <dependencies type="collapsed-dependencies">
          <dep type="root">
            <governor idx="0">ROOT</governor>
            <dependent idx="19">DIED</dependent>
          </dep>
          <dep type="compound">
            <governor idx="2">SALVADOR</governor>
            <dependent idx="1">SAN</dependent>
          </dep>
          <dep type="nsubj">
            <governor idx="19">DIED</governor>
            <dependent idx="2">SALVADOR</dependent>
          </dep>
          <dep type="nummod">
            <governor idx="5">AUG</governor>
            <dependent idx="4">8</dependent>
          </dep>
          <dep type="appos">
            <governor idx="2">SALVADOR</governor>
            <dependent idx="5">AUG</dependent>
          </dep>
          <dep type="dep">
            <governor idx="5">AUG</governor>
            <dependent idx="6">89</dependent>
          </dep>
          <dep type="compound">
            <governor idx="10">YSKL</governor>
            <dependent idx="8">RADIO</dependent>
          </dep>
          <dep type="compound">
            <governor idx="10">YSKL</governor>
            <dependent idx="9">CADENA</dependent>
          </dep>
          <dep type="dep">
            <governor idx="6">89</governor>
            <dependent idx="10">YSKL</dependent>
          </dep>
          <dep type="dep">
            <governor idx="5">AUG</governor>
            <dependent idx="14">TEXT</dependent>
          </dep>
          <dep type="det">
            <governor idx="18">CITIZEN</governor>
            <dependent idx="16">A</dependent>
          </dep>
          <dep type="compound">
            <governor idx="18">CITIZEN</governor>
            <dependent idx="17">U.S.</dependent>
          </dep>
          <dep type="nmod">
            <governor idx="14">TEXT</governor>
            <dependent idx="18">CITIZEN</dependent>
          </dep>
          <dep type="case">
            <governor idx="23">HOSPITAL</governor>
            <dependent idx="20">AT</dependent>
          </dep>
          <dep type="det">
            <governor idx="23">HOSPITAL</governor>
            <dependent idx="21">THE</dependent>
          </dep>
          <dep type="compound">
            <governor idx="23">HOSPITAL</governor>
            <dependent idx="22">DIAGNOSIS</dependent>
          </dep>
          <dep type="nmod:at">
            <governor idx="19">DIED</governor>
            <dependent idx="23">HOSPITAL</dependent>
          </dep>
          <dep type="advmod">
            <governor idx="26">MORNING</governor>
            <dependent idx="24">EARLY</dependent>
          </dep>
          <dep type="det">
            <governor idx="26">MORNING</governor>
            <dependent idx="25">THIS</dependent>
          </dep>
          <dep type="nmod:tmod">
            <governor idx="19">DIED</governor>
            <dependent idx="26">MORNING</dependent>
          </dep>
        </dependencies>
        <dependencies type="collapsed-ccprocessed-dependencies">
          <dep type="root">
            <governor idx="0">ROOT</governor>
            <dependent idx="19">DIED</dependent>
          </dep>
          <dep type="compound">
            <governor idx="2">SALVADOR</governor>
            <dependent idx="1">SAN</dependent>
          </dep>
          <dep type="nsubj">
            <governor idx="19">DIED</governor>
            <dependent idx="2">SALVADOR</dependent>
          </dep>
          <dep type="nummod">
            <governor idx="5">AUG</governor>
            <dependent idx="4">8</dependent>
          </dep>
          <dep type="appos">
            <governor idx="2">SALVADOR</governor>
            <dependent idx="5">AUG</dependent>
          </dep>
          <dep type="dep">
            <governor idx="5">AUG</governor>
            <dependent idx="6">89</dependent>
          </dep>
          <dep type="compound">
            <governor idx="10">YSKL</governor>
            <dependent idx="8">RADIO</dependent>
          </dep>
          <dep type="compound">
            <governor idx="10">YSKL</governor>
            <dependent idx="9">CADENA</dependent>
          </dep>
          <dep type="dep">
            <governor idx="6">89</governor>
            <dependent idx="10">YSKL</dependent>
          </dep>
          <dep type="dep">
            <governor idx="5">AUG</governor>
            <dependent idx="14">TEXT</dependent>
          </dep>
          <dep type="det">
            <governor idx="18">CITIZEN</governor>
            <dependent idx="16">A</dependent>
          </dep>
          <dep type="compound">
            <governor idx="18">CITIZEN</governor>
            <dependent idx="17">U.S.</dependent>
          </dep>
          <dep type="nmod">
            <governor idx="14">TEXT</governor>
            <dependent idx="18">CITIZEN</dependent>
          </dep>
          <dep type="case">
            <governor idx="23">HOSPITAL</governor>
            <dependent idx="20">AT</dependent>
          </dep>
          <dep type="det">
            <governor idx="23">HOSPITAL</governor>
            <dependent idx="21">THE</dependent>
          </dep>
          <dep type="compound">
            <governor idx="23">HOSPITAL</governor>
            <dependent idx="22">DIAGNOSIS</dependent>
          </dep>
          <dep type="nmod:at">
            <governor idx="19">DIED</governor>
            <dependent idx="23">HOSPITAL</dependent>
          </dep>
          <dep type="advmod">
            <governor idx="26">MORNING</governor>
            <dependent idx="24">EARLY</dependent>
          </dep>
          <dep type="det">
            <governor idx="26">MORNING</governor>
            <dependent idx="25">THIS</dependent>
          </dep>
          <dep type="nmod:tmod">
            <governor idx="19">DIED</governor>
            <dependent idx="26">MORNING</dependent>
          </dep>
        </dependencies>
      </sentence>
      <sentence id="2">
        <tokens>
          <token id="1">
            <word>ACCORDING</word>
            <lemma>accord</lemma>
            <CharacterOffsetBegin>126</CharacterOffsetBegin>
            <CharacterOffsetEnd>135</CharacterOffsetEnd>
            <POS>VBG</POS>
            <NER>O</NER>
            <Speaker>PER0</Speaker>
          </token>
          <token id="2">
            <word>TO</word>
            <lemma>to</lemma>
            <CharacterOffsetBegin>136</CharacterOffsetBegin>
            <CharacterOffsetEnd>138</CharacterOffsetEnd>
            <POS>TO</POS>
            <NER>O</NER>
            <Speaker>PER0</Speaker>
          </token>
          <token id="3">
            <word>REPORTS</word>
            <lemma>report</lemma>
            <CharacterOffsetBegin>139</CharacterOffsetBegin>
            <CharacterOffsetEnd>146</CharacterOffsetEnd>
            <POS>NNS</POS>
            <NER>O</NER>
            <Speaker>PER0</Speaker>
          </token>
          <token id="4">
            <word>WE</word>
            <lemma>we</lemma>
            <CharacterOffsetBegin>147</CharacterOffsetBegin>
            <CharacterOffsetEnd>149</CharacterOffsetEnd>
            <POS>PRP</POS>
            <NER>O</NER>
            <Speaker>PER0</Speaker>
          </token>
          <token id="5">
            <word>RECEIVED</word>
            <lemma>receive</lemma>
            <CharacterOffsetBegin>150</CharacterOffsetBegin>
            <CharacterOffsetEnd>158</CharacterOffsetEnd>
            <POS>VBD</POS>
            <NER>O</NER>
            <Speaker>PER0</Speaker>
          </token>
          <token id="6">
            <word>,</word>
            <lemma>,</lemma>
            <CharacterOffsetBegin>158</CharacterOffsetBegin>
            <CharacterOffsetEnd>159</CharacterOffsetEnd>
            <POS>,</POS>
            <NER>O</NER>
            <Speaker>PER0</Speaker>
          </token>
          <token id="7">
            <word>THE</word>
            <lemma>the</lemma>
            <CharacterOffsetBegin>160</CharacterOffsetBegin>
            <CharacterOffsetEnd>163</CharacterOffsetEnd>
            <POS>DT</POS>
            <NER>O</NER>
            <Speaker>PER0</Speaker>
          </token>
          <token id="8">
            <word>U.S.</word>
            <lemma>U.S.</lemma>
            <CharacterOffsetBegin>164</CharacterOffsetBegin>
            <CharacterOffsetEnd>168</CharacterOffsetEnd>
            <POS>NNP</POS>
            <NER>LOCATION</NER>
            <Speaker>PER0</Speaker>
          </token>
          <token id="9">
            <word>CITIZEN</word>
            <lemma>citizen</lemma>
            <CharacterOffsetBegin>169</CharacterOffsetBegin>
            <CharacterOffsetEnd>176</CharacterOffsetEnd>
            <POS>NN</POS>
            <NER>O</NER>
            <Speaker>PER0</Speaker>
          </token>
          <token id="10">
            <word>WAS</word>
            <lemma>be</lemma>
            <CharacterOffsetBegin>177</CharacterOffsetBegin>
            <CharacterOffsetEnd>180</CharacterOffsetEnd>
            <POS>VBD</POS>
            <NER>O</NER>
            <Speaker>PER0</Speaker>
          </token>
          <token id="11">
            <word>SHOT</word>
            <lemma>shoot</lemma>
            <CharacterOffsetBegin>181</CharacterOffsetBegin>
            <CharacterOffsetEnd>185</CharacterOffsetEnd>
            <POS>VBN</POS>
            <NER>O</NER>
            <Speaker>PER0</Speaker>
          </token>
          <token id="12">
            <word>LAST</word>
            <lemma>last</lemma>
            <CharacterOffsetBegin>186</CharacterOffsetBegin>
            <CharacterOffsetEnd>190</CharacterOffsetEnd>
            <POS>JJ</POS>
            <NER>TIME</NER>
            <NormalizedNER>TNI OFFSET P-1D</NormalizedNER>
            <Speaker>PER0</Speaker>
            <Timex tid="t3" type="DATE"/>
          </token>
          <token id="13">
            <word>NIGHT</word>
            <lemma>night</lemma>
            <CharacterOffsetBegin>191</CharacterOffsetBegin>
            <CharacterOffsetEnd>196</CharacterOffsetEnd>
            <POS>NN</POS>
            <NER>TIME</NER>
            <NormalizedNER>TNI OFFSET P-1D</NormalizedNER>
            <Speaker>PER0</Speaker>
            <Timex tid="t3" type="DATE"/>
          </token>
          <token id="14">
            <word>WHEN</word>
            <lemma>when</lemma>
            <CharacterOffsetBegin>197</CharacterOffsetBegin>
            <CharacterOffsetEnd>201</CharacterOffsetEnd>
            <POS>WRB</POS>
            <NER>O</NER>
            <Speaker>PER0</Speaker>
          </token>
          <token id="15">
            <word>UNIDENTIFIED</word>
            <lemma>unidentified</lemma>
            <CharacterOffsetBegin>202</CharacterOffsetBegin>
            <CharacterOffsetEnd>214</CharacterOffsetEnd>
            <POS>JJ</POS>
            <NER>O</NER>
            <Speaker>PER0</Speaker>
          </token>
          <token id="16">
            <word>INDIVIDUALS</word>
            <lemma>individual</lemma>
            <CharacterOffsetBegin>215</CharacterOffsetBegin>
            <CharacterOffsetEnd>226</CharacterOffsetEnd>
            <POS>NNS</POS>
            <NER>O</NER>
            <Speaker>PER0</Speaker>
          </token>
          <token id="17">
            <word>TRIED</word>
            <lemma>try</lemma>
            <CharacterOffsetBegin>227</CharacterOffsetBegin>
            <CharacterOffsetEnd>232</CharacterOffsetEnd>
            <POS>VBD</POS>
            <NER>O</NER>
            <Speaker>PER0</Speaker>
          </token>
          <token id="18">
            <word>TO</word>
            <lemma>to</lemma>
            <CharacterOffsetBegin>233</CharacterOffsetBegin>
            <CharacterOffsetEnd>235</CharacterOffsetEnd>
            <POS>TO</POS>
            <NER>O</NER>
            <Speaker>PER0</Speaker>
          </token>
          <token id="19">
            <word>ENTER</word>
            <lemma>enter</lemma>
            <CharacterOffsetBegin>236</CharacterOffsetBegin>
            <CharacterOffsetEnd>241</CharacterOffsetEnd>
            <POS>VB</POS>
            <NER>O</NER>
            <Speaker>PER0</Speaker>
          </token>
          <token id="20">
            <word>HIS</word>
            <lemma>he</lemma>
            <CharacterOffsetBegin>242</CharacterOffsetBegin>
            <CharacterOffsetEnd>245</CharacterOffsetEnd>
            <POS>PRP$</POS>
            <NER>O</NER>
            <Speaker>PER0</Speaker>
          </token>
          <token id="21">
            <word>RESIDENCE</word>
            <lemma>residence</lemma>
            <CharacterOffsetBegin>246</CharacterOffsetBegin>
            <CharacterOffsetEnd>255</CharacterOffsetEnd>
            <POS>NN</POS>
            <NER>O</NER>
            <Speaker>PER0</Speaker>
          </token>
          <token id="22">
            <word>AT</word>
            <lemma>at</lemma>
            <CharacterOffsetBegin>256</CharacterOffsetBegin>
            <CharacterOffsetEnd>258</CharacterOffsetEnd>
            <POS>IN</POS>
            <NER>O</NER>
            <Speaker>PER0</Speaker>
          </token>
          <token id="23">
            <word>SAN</word>
            <lemma>SAN</lemma>
            <CharacterOffsetBegin>259</CharacterOffsetBegin>
            <CharacterOffsetEnd>262</CharacterOffsetEnd>
            <POS>NNP</POS>
            <NER>LOCATION</NER>
            <Speaker>PER0</Speaker>
          </token>
          <token id="24">
            <word>SALVADOR</word>
            <lemma>SALVADOR</lemma>
            <CharacterOffsetBegin>263</CharacterOffsetBegin>
            <CharacterOffsetEnd>271</CharacterOffsetEnd>
            <POS>NNP</POS>
            <NER>LOCATION</NER>
            <Speaker>PER0</Speaker>
          </token>
          <token id="25">
            <word>'S</word>
            <lemma>'s</lemma>
            <CharacterOffsetBegin>271</CharacterOffsetBegin>
            <CharacterOffsetEnd>273</CharacterOffsetEnd>
            <POS>POS</POS>
            <NER>O</NER>
            <Speaker>PER0</Speaker>
          </token>
          <token id="26">
            <word>VENEZUELA</word>
            <lemma>VENEZUELA</lemma>
            <CharacterOffsetBegin>274</CharacterOffsetBegin>
            <CharacterOffsetEnd>283</CharacterOffsetEnd>
            <POS>NNP</POS>
            <NER>LOCATION</NER>
            <Speaker>PER0</Speaker>
          </token>
          <token id="27">
            <word>NEIGHBORHOOD</word>
            <lemma>neighborhood</lemma>
            <CharacterOffsetBegin>284</CharacterOffsetBegin>
            <CharacterOffsetEnd>296</CharacterOffsetEnd>
            <POS>NN</POS>
            <NER>O</NER>
            <Speaker>PER0</Speaker>
          </token>
          <token id="28">
            <word>,</word>
            <lemma>,</lemma>
            <CharacterOffsetBegin>296</CharacterOffsetBegin>
            <CharacterOffsetEnd>297</CharacterOffsetEnd>
            <POS>,</POS>
            <NER>O</NER>
            <Speaker>PER0</Speaker>
          </token>
          <token id="29">
            <word>NEAR</word>
            <lemma>near</lemma>
            <CharacterOffsetBegin>298</CharacterOffsetBegin>
            <CharacterOffsetEnd>302</CharacterOffsetEnd>
            <POS>IN</POS>
            <NER>O</NER>
            <Speaker>PER0</Speaker>
          </token>
          <token id="30">
            <word>LAS</word>
            <lemma>LAS</lemma>
            <CharacterOffsetBegin>303</CharacterOffsetBegin>
            <CharacterOffsetEnd>306</CharacterOffsetEnd>
            <POS>NNP</POS>
            <NER>LOCATION</NER>
            <Speaker>PER0</Speaker>
          </token>
          <token id="31">
            <word>COROLAS</word>
            <lemma>COROLAS</lemma>
            <CharacterOffsetBegin>307</CharacterOffsetBegin>
            <CharacterOffsetEnd>314</CharacterOffsetEnd>
            <POS>NNP</POS>
            <NER>LOCATION</NER>
            <Speaker>PER0</Speaker>
          </token>
          <token id="32">
            <word>AVENUE</word>
            <lemma>AVENUE</lemma>
            <CharacterOffsetBegin>315</CharacterOffsetBegin>
            <CharacterOffsetEnd>321</CharacterOffsetEnd>
            <POS>NNP</POS>
            <NER>LOCATION</NER>
            <Speaker>PER0</Speaker>
          </token>
          <token id="33">
            <word>.</word>
            <lemma>.</lemma>
            <CharacterOffsetBegin>321</CharacterOffsetBegin>
            <CharacterOffsetEnd>322</CharacterOffsetEnd>
            <POS>.</POS>
            <NER>O</NER>
            <Speaker>PER0</Speaker>
          </token>
        </tokens>
        <parse>(ROOT (S (PP (VBG ACCORDING) (PP (TO TO) (NP (NP (NNS REPORTS)) (SBAR (S (NP (PRP WE)) (VP (VBD RECEIVED))))))) (, ,) (NP (DT THE) (NNP U.S.) (NN CITIZEN)) (VP (VBD WAS) (VP (VBN SHOT) (NP-TMP (JJ LAST) (NN NIGHT)) (SBAR (WHADVP (WRB WHEN)) (S (NP (JJ UNIDENTIFIED) (NNS INDIVIDUALS)) (VP (VBD TRIED) (S (VP (TO TO) (VP (VB ENTER) (NP (PRP$ HIS) (NN RESIDENCE)) (PP (IN AT) (NP (NP (NNP SAN) (NNP SALVADOR) (POS 'S)) (NNP VENEZUELA) (NN NEIGHBORHOOD)))))) (, ,) (PP (IN NEAR) (NP (NNP LAS) (NNP COROLAS) (NNP AVENUE)))))))) (. .))) </parse>
        <dependencies type="basic-dependencies">
          <dep type="root">
            <governor idx="0">ROOT</governor>
            <dependent idx="11">SHOT</dependent>
          </dep>
          <dep type="case">
            <governor idx="3">REPORTS</governor>
            <dependent idx="1">ACCORDING</dependent>
          </dep>
          <dep type="case">
            <governor idx="3">REPORTS</governor>
            <dependent idx="2">TO</dependent>
          </dep>
          <dep type="advcl">
            <governor idx="11">SHOT</governor>
            <dependent idx="3">REPORTS</dependent>
          </dep>
          <dep type="nsubj">
            <governor idx="5">RECEIVED</governor>
            <dependent idx="4">WE</dependent>
          </dep>
          <dep type="acl:relcl">
            <governor idx="3">REPORTS</governor>
            <dependent idx="5">RECEIVED</dependent>
          </dep>
          <dep type="det">
            <governor idx="9">CITIZEN</governor>
            <dependent idx="7">THE</dependent>
          </dep>
          <dep type="compound">
            <governor idx="9">CITIZEN</governor>
            <dependent idx="8">U.S.</dependent>
          </dep>
          <dep type="nsubjpass">
            <governor idx="11">SHOT</governor>
            <dependent idx="9">CITIZEN</dependent>
          </dep>
          <dep type="auxpass">
            <governor idx="11">SHOT</governor>
            <dependent idx="10">WAS</dependent>
          </dep>
          <dep type="amod">
            <governor idx="13">NIGHT</governor>
            <dependent idx="12">LAST</dependent>
          </dep>
          <dep type="nmod:tmod">
            <governor idx="11">SHOT</governor>
            <dependent idx="13">NIGHT</dependent>
          </dep>
          <dep type="advmod">
            <governor idx="17">TRIED</governor>
            <dependent idx="14">WHEN</dependent>
          </dep>
          <dep type="amod">
            <governor idx="16">INDIVIDUALS</governor>
            <dependent idx="15">UNIDENTIFIED</dependent>
          </dep>
          <dep type="nsubj">
            <governor idx="17">TRIED</governor>
            <dependent idx="16">INDIVIDUALS</dependent>
          </dep>
          <dep type="advcl">
            <governor idx="11">SHOT</governor>
            <dependent idx="17">TRIED</dependent>
          </dep>
          <dep type="mark">
            <governor idx="19">ENTER</governor>
            <dependent idx="18">TO</dependent>
          </dep>
          <dep type="xcomp">
            <governor idx="17">TRIED</governor>
            <dependent idx="19">ENTER</dependent>
          </dep>
          <dep type="nmod:poss">
            <governor idx="21">RESIDENCE</governor>
            <dependent idx="20">HIS</dependent>
          </dep>
          <dep type="dobj">
            <governor idx="19">ENTER</governor>
            <dependent idx="21">RESIDENCE</dependent>
          </dep>
          <dep type="case">
            <governor idx="27">NEIGHBORHOOD</governor>
            <dependent idx="22">AT</dependent>
          </dep>
          <dep type="compound">
            <governor idx="24">SALVADOR</governor>
            <dependent idx="23">SAN</dependent>
          </dep>
          <dep type="nmod:poss">
            <governor idx="27">NEIGHBORHOOD</governor>
            <dependent idx="24">SALVADOR</dependent>
          </dep>
          <dep type="case">
            <governor idx="24">SALVADOR</governor>
            <dependent idx="25">'S</dependent>
          </dep>
          <dep type="compound">
            <governor idx="27">NEIGHBORHOOD</governor>
            <dependent idx="26">VENEZUELA</dependent>
          </dep>
          <dep type="nmod">
            <governor idx="19">ENTER</governor>
            <dependent idx="27">NEIGHBORHOOD</dependent>
          </dep>
          <dep type="case">
            <governor idx="32">AVENUE</governor>
            <dependent idx="29">NEAR</dependent>
          </dep>
          <dep type="compound">
            <governor idx="32">AVENUE</governor>
            <dependent idx="30">LAS</dependent>
          </dep>
          <dep type="compound">
            <governor idx="32">AVENUE</governor>
            <dependent idx="31">COROLAS</dependent>
          </dep>
          <dep type="nmod">
            <governor idx="17">TRIED</governor>
            <dependent idx="32">AVENUE</dependent>
          </dep>
        </dependencies>
        <dependencies type="collapsed-dependencies">
          <dep type="root">
            <governor idx="0">ROOT</governor>
            <dependent idx="11">SHOT</dependent>
          </dep>
          <dep type="case">
            <governor idx="3">REPORTS</governor>
            <dependent idx="1">ACCORDING</dependent>
          </dep>
          <dep type="mwe">
            <governor idx="1">ACCORDING</governor>
            <dependent idx="2">TO</dependent>
          </dep>
          <dep type="advcl:according_to">
            <governor idx="11">SHOT</governor>
            <dependent idx="3">REPORTS</dependent>
          </dep>
          <dep type="nsubj">
            <governor idx="5">RECEIVED</governor>
            <dependent idx="4">WE</dependent>
          </dep>
          <dep type="acl:relcl">
            <governor idx="3">REPORTS</governor>
            <dependent idx="5">RECEIVED</dependent>
          </dep>
          <dep type="det">
            <governor idx="9">CITIZEN</governor>
            <dependent idx="7">THE</dependent>
          </dep>
          <dep type="compound">
            <governor idx="9">CITIZEN</governor>
            <dependent idx="8">U.S.</dependent>
          </dep>
          <dep type="nsubjpass">
            <governor idx="11">SHOT</governor>
            <dependent idx="9">CITIZEN</dependent>
          </dep>
          <dep type="auxpass">
            <governor idx="11">SHOT</governor>
            <dependent idx="10">WAS</dependent>
          </dep>
          <dep type="amod">
            <governor idx="13">NIGHT</governor>
            <dependent idx="12">LAST</dependent>
          </dep>
          <dep type="nmod:tmod">
            <governor idx="11">SHOT</governor>
            <dependent idx="13">NIGHT</dependent>
          </dep>
          <dep type="advmod">
            <governor idx="17">TRIED</governor>
            <dependent idx="14">WHEN</dependent>
          </dep>
          <dep type="amod">
            <governor idx="16">INDIVIDUALS</governor>
            <dependent idx="15">UNIDENTIFIED</dependent>
          </dep>
          <dep type="nsubj">
            <governor idx="17">TRIED</governor>
            <dependent idx="16">INDIVIDUALS</dependent>
          </dep>
          <dep type="advcl">
            <governor idx="11">SHOT</governor>
            <dependent idx="17">TRIED</dependent>
          </dep>
          <dep type="mark">
            <governor idx="19">ENTER</governor>
            <dependent idx="18">TO</dependent>
          </dep>
          <dep type="xcomp">
            <governor idx="17">TRIED</governor>
            <dependent idx="19">ENTER</dependent>
          </dep>
          <dep type="nmod:poss">
            <governor idx="21">RESIDENCE</governor>
            <dependent idx="20">HIS</dependent>
          </dep>
          <dep type="dobj">
            <governor idx="19">ENTER</governor>
            <dependent idx="21">RESIDENCE</dependent>
          </dep>
          <dep type="case">
            <governor idx="27">NEIGHBORHOOD</governor>
            <dependent idx="22">AT</dependent>
          </dep>
          <dep type="compound">
            <governor idx="24">SALVADOR</governor>
            <dependent idx="23">SAN</dependent>
          </dep>
          <dep type="nmod:poss">
            <governor idx="27">NEIGHBORHOOD</governor>
            <dependent idx="24">SALVADOR</dependent>
          </dep>
          <dep type="case">
            <governor idx="24">SALVADOR</governor>
            <dependent idx="25">'S</dependent>
          </dep>
          <dep type="compound">
            <governor idx="27">NEIGHBORHOOD</governor>
            <dependent idx="26">VENEZUELA</dependent>
          </dep>
          <dep type="nmod:at">
            <governor idx="19">ENTER</governor>
            <dependent idx="27">NEIGHBORHOOD</dependent>
          </dep>
          <dep type="case">
            <governor idx="32">AVENUE</governor>
            <dependent idx="29">NEAR</dependent>
          </dep>
          <dep type="compound">
            <governor idx="32">AVENUE</governor>
            <dependent idx="30">LAS</dependent>
          </dep>
          <dep type="compound">
            <governor idx="32">AVENUE</governor>
            <dependent idx="31">COROLAS</dependent>
          </dep>
          <dep type="nmod:near">
            <governor idx="17">TRIED</governor>
            <dependent idx="32">AVENUE</dependent>
          </dep>
        </dependencies>
        <dependencies type="collapsed-ccprocessed-dependencies">
          <dep type="root">
            <governor idx="0">ROOT</governor>
            <dependent idx="11">SHOT</dependent>
          </dep>
          <dep type="case">
            <governor idx="3">REPORTS</governor>
            <dependent idx="1">ACCORDING</dependent>
          </dep>
          <dep type="mwe">
            <governor idx="1">ACCORDING</governor>
            <dependent idx="2">TO</dependent>
          </dep>
          <dep type="advcl:according_to">
            <governor idx="11">SHOT</governor>
            <dependent idx="3">REPORTS</dependent>
          </dep>
          <dep type="nsubj">
            <governor idx="5">RECEIVED</governor>
            <dependent idx="4">WE</dependent>
          </dep>
          <dep type="acl:relcl">
            <governor idx="3">REPORTS</governor>
            <dependent idx="5">RECEIVED</dependent>
          </dep>
          <dep type="det">
            <governor idx="9">CITIZEN</governor>
            <dependent idx="7">THE</dependent>
          </dep>
          <dep type="compound">
            <governor idx="9">CITIZEN</governor>
            <dependent idx="8">U.S.</dependent>
          </dep>
          <dep type="nsubjpass">
            <governor idx="11">SHOT</governor>
            <dependent idx="9">CITIZEN</dependent>
          </dep>
          <dep type="auxpass">
            <governor idx="11">SHOT</governor>
            <dependent idx="10">WAS</dependent>
          </dep>
          <dep type="amod">
            <governor idx="13">NIGHT</governor>
            <dependent idx="12">LAST</dependent>
          </dep>
          <dep type="nmod:tmod">
            <governor idx="11">SHOT</governor>
            <dependent idx="13">NIGHT</dependent>
          </dep>
          <dep type="advmod">
            <governor idx="17">TRIED</governor>
            <dependent idx="14">WHEN</dependent>
          </dep>
          <dep type="amod">
            <governor idx="16">INDIVIDUALS</governor>
            <dependent idx="15">UNIDENTIFIED</dependent>
          </dep>
          <dep type="nsubj">
            <governor idx="17">TRIED</governor>
            <dependent idx="16">INDIVIDUALS</dependent>
          </dep>
          <dep type="advcl">
            <governor idx="11">SHOT</governor>
            <dependent idx="17">TRIED</dependent>
          </dep>
          <dep type="mark">
            <governor idx="19">ENTER</governor>
            <dependent idx="18">TO</dependent>
          </dep>
          <dep type="xcomp">
            <governor idx="17">TRIED</governor>
            <dependent idx="19">ENTER</dependent>
          </dep>
          <dep type="nmod:poss">
            <governor idx="21">RESIDENCE</governor>
            <dependent idx="20">HIS</dependent>
          </dep>
          <dep type="dobj">
            <governor idx="19">ENTER</governor>
            <dependent idx="21">RESIDENCE</dependent>
          </dep>
          <dep type="case">
            <governor idx="27">NEIGHBORHOOD</governor>
            <dependent idx="22">AT</dependent>
          </dep>
          <dep type="compound">
            <governor idx="24">SALVADOR</governor>
            <dependent idx="23">SAN</dependent>
          </dep>
          <dep type="nmod:poss">
            <governor idx="27">NEIGHBORHOOD</governor>
            <dependent idx="24">SALVADOR</dependent>
          </dep>
          <dep type="case">
            <governor idx="24">SALVADOR</governor>
            <dependent idx="25">'S</dependent>
          </dep>
          <dep type="compound">
            <governor idx="27">NEIGHBORHOOD</governor>
            <dependent idx="26">VENEZUELA</dependent>
          </dep>
          <dep type="nmod:at">
            <governor idx="19">ENTER</governor>
            <dependent idx="27">NEIGHBORHOOD</dependent>
          </dep>
          <dep type="case">
            <governor idx="32">AVENUE</governor>
            <dependent idx="29">NEAR</dependent>
          </dep>
          <dep type="compound">
            <governor idx="32">AVENUE</governor>
            <dependent idx="30">LAS</dependent>
          </dep>
          <dep type="compound">
            <governor idx="32">AVENUE</governor>
            <dependent idx="31">COROLAS</dependent>
          </dep>
          <dep type="nmod:near">
            <governor idx="17">TRIED</governor>
            <dependent idx="32">AVENUE</dependent>
          </dep>
        </dependencies>
      </sentence>
      <sentence id="3">
        <tokens>
          <token id="1">
            <word>HE</word>
            <lemma>he</lemma>
            <CharacterOffsetBegin>324</CharacterOffsetBegin>
            <CharacterOffsetEnd>326</CharacterOffsetEnd>
            <POS>PRP</POS>
            <NER>O</NER>
            <Speaker>PER0</Speaker>
          </token>
          <token id="2">
            <word>RECEIVED</word>
            <lemma>receive</lemma>
            <CharacterOffsetBegin>327</CharacterOffsetBegin>
            <CharacterOffsetEnd>335</CharacterOffsetEnd>
            <POS>VBD</POS>
            <NER>O</NER>
            <Speaker>PER0</Speaker>
          </token>
          <token id="3">
            <word>TWO</word>
            <lemma>two</lemma>
            <CharacterOffsetBegin>336</CharacterOffsetBegin>
            <CharacterOffsetEnd>339</CharacterOffsetEnd>
            <POS>CD</POS>
            <NER>NUMBER</NER>
            <NormalizedNER>2.0</NormalizedNER>
            <Speaker>PER0</Speaker>
          </token>
          <token id="4">
            <word>BULLET</word>
            <lemma>bullet</lemma>
            <CharacterOffsetBegin>340</CharacterOffsetBegin>
            <CharacterOffsetEnd>346</CharacterOffsetEnd>
            <POS>NN</POS>
            <NER>O</NER>
            <Speaker>PER0</Speaker>
          </token>
          <token id="5">
            <word>WOUNDS</word>
            <lemma>wound</lemma>
            <CharacterOffsetBegin>347</CharacterOffsetBegin>
            <CharacterOffsetEnd>353</CharacterOffsetEnd>
            <POS>NNS</POS>
            <NER>O</NER>
            <Speaker>PER0</Speaker>
          </token>
          <token id="6">
            <word>AND</word>
            <lemma>and</lemma>
            <CharacterOffsetBegin>354</CharacterOffsetBegin>
            <CharacterOffsetEnd>357</CharacterOffsetEnd>
            <POS>CC</POS>
            <NER>O</NER>
            <Speaker>PER0</Speaker>
          </token>
          <token id="7">
            <word>WAS</word>
            <lemma>be</lemma>
            <CharacterOffsetBegin>358</CharacterOffsetBegin>
            <CharacterOffsetEnd>361</CharacterOffsetEnd>
            <POS>VBD</POS>
            <NER>O</NER>
            <Speaker>PER0</Speaker>
          </token>
          <token id="8">
            <word>TAKEN</word>
            <lemma>take</lemma>
            <CharacterOffsetBegin>362</CharacterOffsetBegin>
            <CharacterOffsetEnd>367</CharacterOffsetEnd>
            <POS>VBN</POS>
            <NER>O</NER>
            <Speaker>PER0</Speaker>
          </token>
          <token id="9">
            <word>TO</word>
            <lemma>to</lemma>
            <CharacterOffsetBegin>368</CharacterOffsetBegin>
            <CharacterOffsetEnd>370</CharacterOffsetEnd>
            <POS>TO</POS>
            <NER>O</NER>
            <Speaker>PER0</Speaker>
          </token>
          <token id="10">
            <word>THE</word>
            <lemma>the</lemma>
            <CharacterOffsetBegin>371</CharacterOffsetBegin>
            <CharacterOffsetEnd>374</CharacterOffsetEnd>
            <POS>DT</POS>
            <NER>O</NER>
            <Speaker>PER0</Speaker>
          </token>
          <token id="11">
            <word>DIAGNOSIS</word>
            <lemma>diagnosis</lemma>
            <CharacterOffsetBegin>375</CharacterOffsetBegin>
            <CharacterOffsetEnd>384</CharacterOffsetEnd>
            <POS>NN</POS>
            <NER>O</NER>
            <Speaker>PER0</Speaker>
          </token>
          <token id="12">
            <word>HOSPITAL</word>
            <lemma>hospital</lemma>
            <CharacterOffsetBegin>385</CharacterOffsetBegin>
            <CharacterOffsetEnd>393</CharacterOffsetEnd>
            <POS>NN</POS>
            <NER>O</NER>
            <Speaker>PER0</Speaker>
          </token>
          <token id="13">
            <word>,</word>
            <lemma>,</lemma>
            <CharacterOffsetBegin>393</CharacterOffsetBegin>
            <CharacterOffsetEnd>394</CharacterOffsetEnd>
            <POS>,</POS>
            <NER>O</NER>
            <Speaker>PER0</Speaker>
          </token>
          <token id="14">
            <word>WHERE</word>
            <lemma>where</lemma>
            <CharacterOffsetBegin>395</CharacterOffsetBegin>
            <CharacterOffsetEnd>400</CharacterOffsetEnd>
            <POS>WRB</POS>
            <NER>O</NER>
            <Speaker>PER0</Speaker>
          </token>
          <token id="15">
            <word>HE</word>
            <lemma>he</lemma>
            <CharacterOffsetBegin>401</CharacterOffsetBegin>
            <CharacterOffsetEnd>403</CharacterOffsetEnd>
            <POS>PRP</POS>
            <NER>O</NER>
            <Speaker>PER0</Speaker>
          </token>
          <token id="16">
            <word>DIED</word>
            <lemma>die</lemma>
            <CharacterOffsetBegin>404</CharacterOffsetBegin>
            <CharacterOffsetEnd>408</CharacterOffsetEnd>
            <POS>VBD</POS>
            <NER>O</NER>
            <Speaker>PER0</Speaker>
          </token>
          <token id="17">
            <word>EARLY</word>
            <lemma>early</lemma>
            <CharacterOffsetBegin>409</CharacterOffsetBegin>
            <CharacterOffsetEnd>414</CharacterOffsetEnd>
            <POS>RB</POS>
            <NER>DATE</NER>
            <NormalizedNER>THIS MO</NormalizedNER>
            <Speaker>PER0</Speaker>
            <Timex tid="t2" type="DATE"/>
          </token>
          <token id="18">
            <word>THIS</word>
            <lemma>this</lemma>
            <CharacterOffsetBegin>415</CharacterOffsetBegin>
            <CharacterOffsetEnd>419</CharacterOffsetEnd>
            <POS>DT</POS>
            <NER>TIME</NER>
            <NormalizedNER>THIS MO</NormalizedNER>
            <Speaker>PER0</Speaker>
            <Timex tid="t2" type="DATE"/>
          </token>
          <token id="19">
            <word>MORNING</word>
            <lemma>morning</lemma>
            <CharacterOffsetBegin>420</CharacterOffsetBegin>
            <CharacterOffsetEnd>427</CharacterOffsetEnd>
            <POS>NN</POS>
            <NER>TIME</NER>
            <NormalizedNER>THIS MO</NormalizedNER>
            <Speaker>PER0</Speaker>
            <Timex tid="t2" type="DATE"/>
          </token>
          <token id="20">
            <word>.</word>
            <lemma>.</lemma>
            <CharacterOffsetBegin>427</CharacterOffsetBegin>
            <CharacterOffsetEnd>428</CharacterOffsetEnd>
            <POS>.</POS>
            <NER>O</NER>
            <Speaker>PER0</Speaker>
          </token>
        </tokens>
        <parse>(ROOT (S (NP (PRP HE)) (VP (VP (VBD RECEIVED) (NP (CD TWO) (NN BULLET) (NNS WOUNDS))) (CC AND) (VP (VBD WAS) (VP (VBN TAKEN) (PP (TO TO) (NP (NP (DT THE) (NN DIAGNOSIS) (NN HOSPITAL)) (, ,) (SBAR (WHADVP (WRB WHERE)) (S (NP (PRP HE)) (VP (VBD DIED) (NP-TMP (RB EARLY) (DT THIS) (NN MORNING)))))))))) (. .))) </parse>
        <dependencies type="basic-dependencies">
          <dep type="root">
            <governor idx="0">ROOT</governor>
            <dependent idx="2">RECEIVED</dependent>
          </dep>
          <dep type="nsubj">
            <governor idx="2">RECEIVED</governor>
            <dependent idx="1">HE</dependent>
          </dep>
          <dep type="nummod">
            <governor idx="5">WOUNDS</governor>
            <dependent idx="3">TWO</dependent>
          </dep>
          <dep type="compound">
            <governor idx="5">WOUNDS</governor>
            <dependent idx="4">BULLET</dependent>
          </dep>
          <dep type="dobj">
            <governor idx="2">RECEIVED</governor>
            <dependent idx="5">WOUNDS</dependent>
          </dep>
          <dep type="cc">
            <governor idx="2">RECEIVED</governor>
            <dependent idx="6">AND</dependent>
          </dep>
          <dep type="auxpass">
            <governor idx="8">TAKEN</governor>
            <dependent idx="7">WAS</dependent>
          </dep>
          <dep type="conj">
            <governor idx="2">RECEIVED</governor>
            <dependent idx="8">TAKEN</dependent>
          </dep>
          <dep type="case">
            <governor idx="12">HOSPITAL</governor>
            <dependent idx="9">TO</dependent>
          </dep>
          <dep type="det">
            <governor idx="12">HOSPITAL</governor>
            <dependent idx="10">THE</dependent>
          </dep>
          <dep type="compound">
            <governor idx="12">HOSPITAL</governor>
            <dependent idx="11">DIAGNOSIS</dependent>
          </dep>
          <dep type="nmod">
            <governor idx="8">TAKEN</governor>
            <dependent idx="12">HOSPITAL</dependent>
          </dep>
          <dep type="advmod">
            <governor idx="16">DIED</governor>
            <dependent idx="14">WHERE</dependent>
          </dep>
          <dep type="nsubj">
            <governor idx="16">DIED</governor>
            <dependent idx="15">HE</dependent>
          </dep>
          <dep type="acl:relcl">
            <governor idx="12">HOSPITAL</governor>
            <dependent idx="16">DIED</dependent>
          </dep>
          <dep type="advmod">
            <governor idx="19">MORNING</governor>
            <dependent idx="17">EARLY</dependent>
          </dep>
          <dep type="det">
            <governor idx="19">MORNING</governor>
            <dependent idx="18">THIS</dependent>
          </dep>
          <dep type="nmod:tmod">
            <governor idx="16">DIED</governor>
            <dependent idx="19">MORNING</dependent>
          </dep>
        </dependencies>
        <dependencies type="collapsed-dependencies">
          <dep type="root">
            <governor idx="0">ROOT</governor>
            <dependent idx="2">RECEIVED</dependent>
          </dep>
          <dep type="nsubj">
            <governor idx="2">RECEIVED</governor>
            <dependent idx="1">HE</dependent>
          </dep>
          <dep type="nummod">
            <governor idx="5">WOUNDS</governor>
            <dependent idx="3">TWO</dependent>
          </dep>
          <dep type="compound">
            <governor idx="5">WOUNDS</governor>
            <dependent idx="4">BULLET</dependent>
          </dep>
          <dep type="dobj">
            <governor idx="2">RECEIVED</governor>
            <dependent idx="5">WOUNDS</dependent>
          </dep>
          <dep type="cc">
            <governor idx="2">RECEIVED</governor>
            <dependent idx="6">AND</dependent>
          </dep>
          <dep type="auxpass">
            <governor idx="8">TAKEN</governor>
            <dependent idx="7">WAS</dependent>
          </dep>
          <dep type="conj:and">
            <governor idx="2">RECEIVED</governor>
            <dependent idx="8">TAKEN</dependent>
          </dep>
          <dep type="case">
            <governor idx="12">HOSPITAL</governor>
            <dependent idx="9">TO</dependent>
          </dep>
          <dep type="det">
            <governor idx="12">HOSPITAL</governor>
            <dependent idx="10">THE</dependent>
          </dep>
          <dep type="compound">
            <governor idx="12">HOSPITAL</governor>
            <dependent idx="11">DIAGNOSIS</dependent>
          </dep>
          <dep type="nmod:to">
            <governor idx="8">TAKEN</governor>
            <dependent idx="12">HOSPITAL</dependent>
          </dep>
          <dep type="advmod">
            <governor idx="16">DIED</governor>
            <dependent idx="14">WHERE</dependent>
          </dep>
          <dep type="nsubj">
            <governor idx="16">DIED</governor>
            <dependent idx="15">HE</dependent>
          </dep>
          <dep type="acl:relcl">
            <governor idx="12">HOSPITAL</governor>
            <dependent idx="16">DIED</dependent>
          </dep>
          <dep type="advmod">
            <governor idx="19">MORNING</governor>
            <dependent idx="17">EARLY</dependent>
          </dep>
          <dep type="det">
            <governor idx="19">MORNING</governor>
            <dependent idx="18">THIS</dependent>
          </dep>
          <dep type="nmod:tmod">
            <governor idx="16">DIED</governor>
            <dependent idx="19">MORNING</dependent>
          </dep>
        </dependencies>
        <dependencies type="collapsed-ccprocessed-dependencies">
          <dep type="root">
            <governor idx="0">ROOT</governor>
            <dependent idx="2">RECEIVED</dependent>
          </dep>
          <dep type="nsubj">
            <governor idx="2">RECEIVED</governor>
            <dependent idx="1">HE</dependent>
          </dep>
          <dep type="nsubjpass" extra="true">
            <governor idx="8">TAKEN</governor>
            <dependent idx="1">HE</dependent>
          </dep>
          <dep type="nummod">
            <governor idx="5">WOUNDS</governor>
            <dependent idx="3">TWO</dependent>
          </dep>
          <dep type="compound">
            <governor idx="5">WOUNDS</governor>
            <dependent idx="4">BULLET</dependent>
          </dep>
          <dep type="dobj">
            <governor idx="2">RECEIVED</governor>
            <dependent idx="5">WOUNDS</dependent>
          </dep>
          <dep type="cc">
            <governor idx="2">RECEIVED</governor>
            <dependent idx="6">AND</dependent>
          </dep>
          <dep type="auxpass">
            <governor idx="8">TAKEN</governor>
            <dependent idx="7">WAS</dependent>
          </dep>
          <dep type="conj:and">
            <governor idx="2">RECEIVED</governor>
            <dependent idx="8">TAKEN</dependent>
          </dep>
          <dep type="case">
            <governor idx="12">HOSPITAL</governor>
            <dependent idx="9">TO</dependent>
          </dep>
          <dep type="det">
            <governor idx="12">HOSPITAL</governor>
            <dependent idx="10">THE</dependent>
          </dep>
          <dep type="compound">
            <governor idx="12">HOSPITAL</governor>
            <dependent idx="11">DIAGNOSIS</dependent>
          </dep>
          <dep type="nmod:to">
            <governor idx="8">TAKEN</governor>
            <dependent idx="12">HOSPITAL</dependent>
          </dep>
          <dep type="advmod">
            <governor idx="16">DIED</governor>
            <dependent idx="14">WHERE</dependent>
          </dep>
          <dep type="nsubj">
            <governor idx="16">DIED</governor>
            <dependent idx="15">HE</dependent>
          </dep>
          <dep type="acl:relcl">
            <governor idx="12">HOSPITAL</governor>
            <dependent idx="16">DIED</dependent>
          </dep>
          <dep type="advmod">
            <governor idx="19">MORNING</governor>
            <dependent idx="17">EARLY</dependent>
          </dep>
          <dep type="det">
            <governor idx="19">MORNING</governor>
            <dependent idx="18">THIS</dependent>
          </dep>
          <dep type="nmod:tmod">
            <governor idx="16">DIED</governor>
            <dependent idx="19">MORNING</dependent>
          </dep>
        </dependencies>
      </sentence>
      <sentence id="4">
        <tokens>
          <token id="1">
            <word>THE</word>
            <lemma>the</lemma>
            <CharacterOffsetBegin>433</CharacterOffsetBegin>
            <CharacterOffsetEnd>436</CharacterOffsetEnd>
            <POS>DT</POS>
            <NER>O</NER>
            <Speaker>PER0</Speaker>
          </token>
          <token id="2">
            <word>U.S.</word>
            <lemma>U.S.</lemma>
            <CharacterOffsetBegin>437</CharacterOffsetBegin>
            <CharacterOffsetEnd>441</CharacterOffsetEnd>
            <POS>NNP</POS>
            <NER>LOCATION</NER>
            <Speaker>PER0</Speaker>
          </token>
          <token id="3">
            <word>CITIZEN</word>
            <lemma>citizen</lemma>
            <CharacterOffsetBegin>442</CharacterOffsetBegin>
            <CharacterOffsetEnd>449</CharacterOffsetEnd>
            <POS>NN</POS>
            <NER>O</NER>
            <Speaker>PER0</Speaker>
          </token>
          <token id="4">
            <word>WAS</word>
            <lemma>be</lemma>
            <CharacterOffsetBegin>450</CharacterOffsetBegin>
            <CharacterOffsetEnd>453</CharacterOffsetEnd>
            <POS>VBD</POS>
            <NER>O</NER>
            <Speaker>PER0</Speaker>
          </token>
          <token id="5">
            <word>IDENTIFIED</word>
            <lemma>identify</lemma>
            <CharacterOffsetBegin>454</CharacterOffsetBegin>
            <CharacterOffsetEnd>464</CharacterOffsetEnd>
            <POS>VBN</POS>
            <NER>O</NER>
            <Speaker>PER0</Speaker>
          </token>
          <token id="6">
            <word>AS</word>
            <lemma>as</lemma>
            <CharacterOffsetBegin>465</CharacterOffsetBegin>
            <CharacterOffsetEnd>467</CharacterOffsetEnd>
            <POS>IN</POS>
            <NER>O</NER>
            <Speaker>PER0</Speaker>
          </token>
          <token id="7">
            <word>BILLY</word>
            <lemma>BILLY</lemma>
            <CharacterOffsetBegin>468</CharacterOffsetBegin>
            <CharacterOffsetEnd>473</CharacterOffsetEnd>
            <POS>NNP</POS>
            <NER>PERSON</NER>
            <Speaker>PER0</Speaker>
          </token>
          <token id="8">
            <word>MURPHY</word>
            <lemma>MURPHY</lemma>
            <CharacterOffsetBegin>474</CharacterOffsetBegin>
            <CharacterOffsetEnd>480</CharacterOffsetEnd>
            <POS>NNP</POS>
            <NER>PERSON</NER>
            <Speaker>PER0</Speaker>
          </token>
          <token id="9">
            <word>.</word>
            <lemma>.</lemma>
            <CharacterOffsetBegin>480</CharacterOffsetBegin>
            <CharacterOffsetEnd>481</CharacterOffsetEnd>
            <POS>.</POS>
            <NER>O</NER>
            <Speaker>PER0</Speaker>
          </token>
        </tokens>
        <parse>(ROOT (S (NP (DT THE) (NNP U.S.) (NN CITIZEN)) (VP (VBD WAS) (VP (VBN IDENTIFIED) (PP (IN AS) (NP (NNP BILLY) (NNP MURPHY))))) (. .))) </parse>
        <dependencies type="basic-dependencies">
          <dep type="root">
            <governor idx="0">ROOT</governor>
            <dependent idx="5">IDENTIFIED</dependent>
          </dep>
          <dep type="det">
            <governor idx="3">CITIZEN</governor>
            <dependent idx="1">THE</dependent>
          </dep>
          <dep type="compound">
            <governor idx="3">CITIZEN</governor>
            <dependent idx="2">U.S.</dependent>
          </dep>
          <dep type="nsubjpass">
            <governor idx="5">IDENTIFIED</governor>
            <dependent idx="3">CITIZEN</dependent>
          </dep>
          <dep type="auxpass">
            <governor idx="5">IDENTIFIED</governor>
            <dependent idx="4">WAS</dependent>
          </dep>
          <dep type="case">
            <governor idx="8">MURPHY</governor>
            <dependent idx="6">AS</dependent>
          </dep>
          <dep type="compound">
            <governor idx="8">MURPHY</governor>
            <dependent idx="7">BILLY</dependent>
          </dep>
          <dep type="nmod">
            <governor idx="5">IDENTIFIED</governor>
            <dependent idx="8">MURPHY</dependent>
          </dep>
        </dependencies>
        <dependencies type="collapsed-dependencies">
          <dep type="root">
            <governor idx="0">ROOT</governor>
            <dependent idx="5">IDENTIFIED</dependent>
          </dep>
          <dep type="det">
            <governor idx="3">CITIZEN</governor>
            <dependent idx="1">THE</dependent>
          </dep>
          <dep type="compound">
            <governor idx="3">CITIZEN</governor>
            <dependent idx="2">U.S.</dependent>
          </dep>
          <dep type="nsubjpass">
            <governor idx="5">IDENTIFIED</governor>
            <dependent idx="3">CITIZEN</dependent>
          </dep>
          <dep type="auxpass">
            <governor idx="5">IDENTIFIED</governor>
            <dependent idx="4">WAS</dependent>
          </dep>
          <dep type="case">
            <governor idx="8">MURPHY</governor>
            <dependent idx="6">AS</dependent>
          </dep>
          <dep type="compound">
            <governor idx="8">MURPHY</governor>
            <dependent idx="7">BILLY</dependent>
          </dep>
          <dep type="nmod:as">
            <governor idx="5">IDENTIFIED</governor>
            <dependent idx="8">MURPHY</dependent>
          </dep>
        </dependencies>
        <dependencies type="collapsed-ccprocessed-dependencies">
          <dep type="root">
            <governor idx="0">ROOT</governor>
            <dependent idx="5">IDENTIFIED</dependent>
          </dep>
          <dep type="det">
            <governor idx="3">CITIZEN</governor>
            <dependent idx="1">THE</dependent>
          </dep>
          <dep type="compound">
            <governor idx="3">CITIZEN</governor>
            <dependent idx="2">U.S.</dependent>
          </dep>
          <dep type="nsubjpass">
            <governor idx="5">IDENTIFIED</governor>
            <dependent idx="3">CITIZEN</dependent>
          </dep>
          <dep type="auxpass">
            <governor idx="5">IDENTIFIED</governor>
            <dependent idx="4">WAS</dependent>
          </dep>
          <dep type="case">
            <governor idx="8">MURPHY</governor>
            <dependent idx="6">AS</dependent>
          </dep>
          <dep type="compound">
            <governor idx="8">MURPHY</governor>
            <dependent idx="7">BILLY</dependent>
          </dep>
          <dep type="nmod:as">
            <governor idx="5">IDENTIFIED</governor>
            <dependent idx="8">MURPHY</dependent>
          </dep>
        </dependencies>
      </sentence>
      <sentence id="5">
        <tokens>
          <token id="1">
            <word>HIS</word>
            <lemma>he</lemma>
            <CharacterOffsetBegin>483</CharacterOffsetBegin>
            <CharacterOffsetEnd>486</CharacterOffsetEnd>
            <POS>PRP$</POS>
            <NER>O</NER>
            <Speaker>PER0</Speaker>
          </token>
          <token id="2">
            <word>OCCUPATION</word>
            <lemma>occupation</lemma>
            <CharacterOffsetBegin>487</CharacterOffsetBegin>
            <CharacterOffsetEnd>497</CharacterOffsetEnd>
            <POS>NN</POS>
            <NER>O</NER>
            <Speaker>PER0</Speaker>
          </token>
          <token id="3">
            <word>IS</word>
            <lemma>be</lemma>
            <CharacterOffsetBegin>498</CharacterOffsetBegin>
            <CharacterOffsetEnd>500</CharacterOffsetEnd>
            <POS>VBZ</POS>
            <NER>O</NER>
            <Speaker>PER0</Speaker>
          </token>
          <token id="4">
            <word>STILL</word>
            <lemma>still</lemma>
            <CharacterOffsetBegin>501</CharacterOffsetBegin>
            <CharacterOffsetEnd>506</CharacterOffsetEnd>
            <POS>RB</POS>
            <NER>O</NER>
            <Speaker>PER0</Speaker>
          </token>
          <token id="5">
            <word>UNKNOWN</word>
            <lemma>unknown</lemma>
            <CharacterOffsetBegin>507</CharacterOffsetBegin>
            <CharacterOffsetEnd>514</CharacterOffsetEnd>
            <POS>JJ</POS>
            <NER>O</NER>
            <Speaker>PER0</Speaker>
          </token>
          <token id="6">
            <word>.</word>
            <lemma>.</lemma>
            <CharacterOffsetBegin>514</CharacterOffsetBegin>
            <CharacterOffsetEnd>515</CharacterOffsetEnd>
            <POS>.</POS>
            <NER>O</NER>
            <Speaker>PER0</Speaker>
          </token>
        </tokens>
        <parse>(ROOT (S (NP (PRP$ HIS) (NN OCCUPATION)) (VP (VBZ IS) (ADVP (RB STILL)) (ADJP (JJ UNKNOWN))) (. .))) </parse>
        <dependencies type="basic-dependencies">
          <dep type="root">
            <governor idx="0">ROOT</governor>
            <dependent idx="5">UNKNOWN</dependent>
          </dep>
          <dep type="nmod:poss">
            <governor idx="2">OCCUPATION</governor>
            <dependent idx="1">HIS</dependent>
          </dep>
          <dep type="nsubj">
            <governor idx="5">UNKNOWN</governor>
            <dependent idx="2">OCCUPATION</dependent>
          </dep>
          <dep type="cop">
            <governor idx="5">UNKNOWN</governor>
            <dependent idx="3">IS</dependent>
          </dep>
          <dep type="advmod">
            <governor idx="5">UNKNOWN</governor>
            <dependent idx="4">STILL</dependent>
          </dep>
        </dependencies>
        <dependencies type="collapsed-dependencies">
          <dep type="root">
            <governor idx="0">ROOT</governor>
            <dependent idx="5">UNKNOWN</dependent>
          </dep>
          <dep type="nmod:poss">
            <governor idx="2">OCCUPATION</governor>
            <dependent idx="1">HIS</dependent>
          </dep>
          <dep type="nsubj">
            <governor idx="5">UNKNOWN</governor>
            <dependent idx="2">OCCUPATION</dependent>
          </dep>
          <dep type="cop">
            <governor idx="5">UNKNOWN</governor>
            <dependent idx="3">IS</dependent>
          </dep>
          <dep type="advmod">
            <governor idx="5">UNKNOWN</governor>
            <dependent idx="4">STILL</dependent>
          </dep>
        </dependencies>
        <dependencies type="collapsed-ccprocessed-dependencies">
          <dep type="root">
            <governor idx="0">ROOT</governor>
            <dependent idx="5">UNKNOWN</dependent>
          </dep>
          <dep type="nmod:poss">
            <governor idx="2">OCCUPATION</governor>
            <dependent idx="1">HIS</dependent>
          </dep>
          <dep type="nsubj">
            <governor idx="5">UNKNOWN</governor>
            <dependent idx="2">OCCUPATION</dependent>
          </dep>
          <dep type="cop">
            <governor idx="5">UNKNOWN</governor>
            <dependent idx="3">IS</dependent>
          </dep>
          <dep type="advmod">
            <governor idx="5">UNKNOWN</governor>
            <dependent idx="4">STILL</dependent>
          </dep>
        </dependencies>
      </sentence>
    </sentences>
    <coreference>
      <coreference>
        <mention representative="true">
          <sentence>2</sentence>
          <start>23</start>
          <end>26</end>
          <head>24</head>
          <text>SAN SALVADOR 'S</text>
        </mention>
        <mention>
          <sentence>1</sentence>
          <start>1</start>
          <end>3</end>
          <head>2</head>
          <text>SAN SALVADOR</text>
        </mention>
      </coreference>
      <coreference>
        <mention representative="true">
          <sentence>1</sentence>
          <start>16</start>
          <end>19</end>
          <head>18</head>
          <text>A U.S. CITIZEN</text>
        </mention>
        <mention>
          <sentence>2</sentence>
          <start>7</start>
          <end>10</end>
          <head>9</head>
          <text>THE U.S. CITIZEN</text>
        </mention>
        <mention>
          <sentence>2</sentence>
          <start>20</start>
          <end>21</end>
          <head>20</head>
          <text>HIS</text>
        </mention>
        <mention>
          <sentence>3</sentence>
          <start>1</start>
          <end>2</end>
          <head>1</head>
          <text>HE</text>
        </mention>
        <mention>
          <sentence>3</sentence>
          <start>15</start>
          <end>16</end>
          <head>15</head>
          <text>HE</text>
        </mention>
        <mention>
          <sentence>4</sentence>
          <start>1</start>
          <end>4</end>
          <head>3</head>
          <text>THE U.S. CITIZEN</text>
        </mention>
        <mention>
          <sentence>5</sentence>
          <start>1</start>
          <end>2</end>
          <head>1</head>
          <text>HIS</text>
        </mention>
      </coreference>
      <coreference>
        <mention representative="true">
          <sentence>3</sentence>
          <start>10</start>
          <end>20</end>
          <head>12</head>
          <text>THE DIAGNOSIS HOSPITAL , WHERE HE DIED EARLY THIS MORNING</text>
        </mention>
        <mention>
          <sentence>1</sentence>
          <start>21</start>
          <end>24</end>
          <head>23</head>
          <text>THE DIAGNOSIS HOSPITAL</text>
        </mention>
        <mention>
          <sentence>3</sentence>
          <start>10</start>
          <end>13</end>
          <head>12</head>
          <text>THE DIAGNOSIS HOSPITAL</text>
        </mention>
      </coreference>
      <coreference>
        <mention representative="true">
          <sentence>1</sentence>
          <start>24</start>
          <end>27</end>
          <head>26</head>
          <text>EARLY THIS MORNING</text>
        </mention>
        <mention>
          <sentence>3</sentence>
          <start>17</start>
          <end>20</end>
          <head>19</head>
          <text>EARLY THIS MORNING</text>
        </mention>
      </coreference>
    </coreference>
  </document>
</root>
