<?xml version="1.0" encoding="ASCII"?>
<?xml-stylesheet href="CoreNLP-to-HTML.xsl" type="text/xsl"?>
<root>
  <document>
    <sentences>
      <sentence id="1">
        <tokens>
          <token id="1">
            <word>BOGOTA</word>
            <lemma>BOGOTA</lemma>
            <CharacterOffsetBegin>3</CharacterOffsetBegin>
            <CharacterOffsetEnd>9</CharacterOffsetEnd>
            <POS>NNP</POS>
            <NER>LOCATION</NER>
            <Speaker>PER0</Speaker>
          </token>
          <token id="2">
            <word>,</word>
            <lemma>,</lemma>
            <CharacterOffsetBegin>9</CharacterOffsetBegin>
            <CharacterOffsetEnd>10</CharacterOffsetEnd>
            <POS>,</POS>
            <NER>O</NER>
            <Speaker>PER0</Speaker>
          </token>
          <token id="3">
            <word>23</word>
            <lemma>23</lemma>
            <CharacterOffsetBegin>11</CharacterOffsetBegin>
            <CharacterOffsetEnd>13</CharacterOffsetEnd>
            <POS>CD</POS>
            <NER>DATE</NER>
            <NormalizedNER>XXXX-09-23</NormalizedNER>
            <Speaker>PER0</Speaker>
            <Timex tid="t1" type="DATE">XXXX-09-23</Timex>
          </token>
          <token id="4">
            <word>SEP</word>
            <lemma>sep</lemma>
            <CharacterOffsetBegin>14</CharacterOffsetBegin>
            <CharacterOffsetEnd>17</CharacterOffsetEnd>
            <POS>NN</POS>
            <NER>DATE</NER>
            <NormalizedNER>XXXX-09-23</NormalizedNER>
            <Speaker>PER0</Speaker>
            <Timex tid="t1" type="DATE">XXXX-09-23</Timex>
          </token>
          <token id="5">
            <word>89</word>
            <lemma>89</lemma>
            <CharacterOffsetBegin>18</CharacterOffsetBegin>
            <CharacterOffsetEnd>20</CharacterOffsetEnd>
            <POS>CD</POS>
            <NER>NUMBER</NER>
            <NormalizedNER>89.0</NormalizedNER>
            <Speaker>PER0</Speaker>
          </token>
          <token id="6">
            <word>-LRB-</word>
            <lemma>-lrb-</lemma>
            <CharacterOffsetBegin>21</CharacterOffsetBegin>
            <CharacterOffsetEnd>22</CharacterOffsetEnd>
            <POS>-LRB-</POS>
            <NER>O</NER>
            <Speaker>PER0</Speaker>
          </token>
          <token id="7">
            <word>INRAVISION</word>
            <lemma>inravision</lemma>
            <CharacterOffsetBegin>22</CharacterOffsetBegin>
            <CharacterOffsetEnd>32</CharacterOffsetEnd>
            <POS>NN</POS>
            <NER>ORGANIZATION</NER>
            <Speaker>PER0</Speaker>
          </token>
          <token id="8">
            <word>TELEVISION</word>
            <lemma>television</lemma>
            <CharacterOffsetBegin>33</CharacterOffsetBegin>
            <CharacterOffsetEnd>43</CharacterOffsetEnd>
            <POS>NN</POS>
            <NER>ORGANIZATION</NER>
            <Speaker>PER0</Speaker>
          </token>
          <token id="9">
            <word>CADENA</word>
            <lemma>cadena</lemma>
            <CharacterOffsetBegin>44</CharacterOffsetBegin>
            <CharacterOffsetEnd>50</CharacterOffsetEnd>
            <POS>NN</POS>
            <NER>ORGANIZATION</NER>
            <Speaker>PER0</Speaker>
          </token>
          <token id="10">
            <word>1</word>
            <lemma>1</lemma>
            <CharacterOffsetBegin>51</CharacterOffsetBegin>
            <CharacterOffsetEnd>52</CharacterOffsetEnd>
            <POS>CD</POS>
            <NER>NUMBER</NER>
            <NormalizedNER>1.0</NormalizedNER>
            <Speaker>PER0</Speaker>
          </token>
          <token id="11">
            <word>-RRB-</word>
            <lemma>-rrb-</lemma>
            <CharacterOffsetBegin>52</CharacterOffsetBegin>
            <CharacterOffsetEnd>53</CharacterOffsetEnd>
            <POS>-RRB-</POS>
            <NER>O</NER>
            <Speaker>PER0</Speaker>
          </token>
          <token id="12">
            <word>--</word>
            <lemma>--</lemma>
            <CharacterOffsetBegin>54</CharacterOffsetBegin>
            <CharacterOffsetEnd>56</CharacterOffsetEnd>
            <POS>:</POS>
            <NER>O</NER>
            <Speaker>PER0</Speaker>
          </token>
          <token id="13">
            <word>-LSB-</word>
            <lemma>-lsb-</lemma>
            <CharacterOffsetBegin>57</CharacterOffsetBegin>
            <CharacterOffsetEnd>58</CharacterOffsetEnd>
            <POS>-LRB-</POS>
            <NER>O</NER>
            <Speaker>PER0</Speaker>
          </token>
          <token id="14">
            <word>TEXT</word>
            <lemma>text</lemma>
            <CharacterOffsetBegin>58</CharacterOffsetBegin>
            <CharacterOffsetEnd>62</CharacterOffsetEnd>
            <POS>NN</POS>
            <NER>O</NER>
            <Speaker>PER0</Speaker>
          </token>
          <token id="15">
            <word>-RSB-</word>
            <lemma>-rsb-</lemma>
            <CharacterOffsetBegin>62</CharacterOffsetBegin>
            <CharacterOffsetEnd>63</CharacterOffsetEnd>
            <POS>-RRB-</POS>
            <NER>O</NER>
            <Speaker>PER0</Speaker>
          </token>
          <token id="16">
            <word>IN</word>
            <lemma>in</lemma>
            <CharacterOffsetBegin>64</CharacterOffsetBegin>
            <CharacterOffsetEnd>66</CharacterOffsetEnd>
            <POS>IN</POS>
            <NER>O</NER>
            <Speaker>PER0</Speaker>
          </token>
          <token id="17">
            <word>NORTHERN</word>
            <lemma>northern</lemma>
            <CharacterOffsetBegin>67</CharacterOffsetBegin>
            <CharacterOffsetEnd>75</CharacterOffsetEnd>
            <POS>JJ</POS>
            <NER>O</NER>
            <Speaker>PER0</Speaker>
          </token>
          <token id="18">
            <word>BOGOTA</word>
            <lemma>BOGOTA</lemma>
            <CharacterOffsetBegin>76</CharacterOffsetBegin>
            <CharacterOffsetEnd>82</CharacterOffsetEnd>
            <POS>NNP</POS>
            <NER>LOCATION</NER>
            <Speaker>PER0</Speaker>
          </token>
          <token id="19">
            <word>,</word>
            <lemma>,</lemma>
            <CharacterOffsetBegin>82</CharacterOffsetBegin>
            <CharacterOffsetEnd>83</CharacterOffsetEnd>
            <POS>,</POS>
            <NER>O</NER>
            <Speaker>PER0</Speaker>
          </token>
          <token id="20">
            <word>MILITARY</word>
            <lemma>military</lemma>
            <CharacterOffsetBegin>84</CharacterOffsetBegin>
            <CharacterOffsetEnd>92</CharacterOffsetEnd>
            <POS>JJ</POS>
            <NER>O</NER>
            <Speaker>PER0</Speaker>
          </token>
          <token id="21">
            <word>INTELLIGENCE</word>
            <lemma>intelligence</lemma>
            <CharacterOffsetBegin>93</CharacterOffsetBegin>
            <CharacterOffsetEnd>105</CharacterOffsetEnd>
            <POS>NN</POS>
            <NER>O</NER>
            <Speaker>PER0</Speaker>
          </token>
          <token id="22">
            <word>MEMBERS</word>
            <lemma>member</lemma>
            <CharacterOffsetBegin>106</CharacterOffsetBegin>
            <CharacterOffsetEnd>113</CharacterOffsetEnd>
            <POS>NNS</POS>
            <NER>O</NER>
            <Speaker>PER0</Speaker>
          </token>
          <token id="23">
            <word>TODAY</word>
            <lemma>today</lemma>
            <CharacterOffsetBegin>114</CharacterOffsetBegin>
            <CharacterOffsetEnd>119</CharacterOffsetEnd>
            <POS>NN</POS>
            <NER>DATE</NER>
            <NormalizedNER>THIS P1D</NormalizedNER>
            <Speaker>PER0</Speaker>
            <Timex tid="t2" type="DATE"/>
          </token>
          <token id="24">
            <word>ARRESTED</word>
            <lemma>arrest</lemma>
            <CharacterOffsetBegin>120</CharacterOffsetBegin>
            <CharacterOffsetEnd>128</CharacterOffsetEnd>
            <POS>VBN</POS>
            <NER>O</NER>
            <Speaker>PER0</Speaker>
          </token>
          <token id="25">
            <word>TWO</word>
            <lemma>two</lemma>
            <CharacterOffsetBegin>129</CharacterOffsetBegin>
            <CharacterOffsetEnd>132</CharacterOffsetEnd>
            <POS>CD</POS>
            <NER>NUMBER</NER>
            <NormalizedNER>2.0</NormalizedNER>
            <Speaker>PER0</Speaker>
          </token>
          <token id="26">
            <word>ISRAELIS</word>
            <lemma>ISRAELIS</lemma>
            <CharacterOffsetBegin>133</CharacterOffsetBegin>
            <CharacterOffsetEnd>141</CharacterOffsetEnd>
            <POS>NNPS</POS>
            <NER>MISC</NER>
            <Speaker>PER0</Speaker>
          </token>
          <token id="27">
            <word>WHO</word>
            <lemma>who</lemma>
            <CharacterOffsetBegin>142</CharacterOffsetBegin>
            <CharacterOffsetEnd>145</CharacterOffsetEnd>
            <POS>WP</POS>
            <NER>O</NER>
            <Speaker>PER0</Speaker>
          </token>
          <token id="28">
            <word>SAID</word>
            <lemma>say</lemma>
            <CharacterOffsetBegin>146</CharacterOffsetBegin>
            <CharacterOffsetEnd>150</CharacterOffsetEnd>
            <POS>VBD</POS>
            <NER>O</NER>
            <Speaker>PER0</Speaker>
          </token>
          <token id="29">
            <word>THEY</word>
            <lemma>they</lemma>
            <CharacterOffsetBegin>151</CharacterOffsetBegin>
            <CharacterOffsetEnd>155</CharacterOffsetEnd>
            <POS>PRP</POS>
            <NER>O</NER>
            <Speaker>PER0</Speaker>
          </token>
          <token id="30">
            <word>ARE</word>
            <lemma>be</lemma>
            <CharacterOffsetBegin>156</CharacterOffsetBegin>
            <CharacterOffsetEnd>159</CharacterOffsetEnd>
            <POS>VBP</POS>
            <NER>O</NER>
            <Speaker>PER0</Speaker>
          </token>
          <token id="31">
            <word>COLONEL</word>
            <lemma>COLONEL</lemma>
            <CharacterOffsetBegin>160</CharacterOffsetBegin>
            <CharacterOffsetEnd>167</CharacterOffsetEnd>
            <POS>NNP</POS>
            <NER>O</NER>
            <Speaker>PER0</Speaker>
          </token>
          <token id="32">
            <word>HEGEJAM</word>
            <lemma>HEGEJAM</lemma>
            <CharacterOffsetBegin>168</CharacterOffsetBegin>
            <CharacterOffsetEnd>175</CharacterOffsetEnd>
            <POS>NNP</POS>
            <NER>O</NER>
            <Speaker>PER0</Speaker>
          </token>
          <token id="33">
            <word>SETER</word>
            <lemma>SETER</lemma>
            <CharacterOffsetBegin>176</CharacterOffsetBegin>
            <CharacterOffsetEnd>181</CharacterOffsetEnd>
            <POS>NNP</POS>
            <NER>O</NER>
            <Speaker>PER0</Speaker>
          </token>
          <token id="34">
            <word>AND</word>
            <lemma>and</lemma>
            <CharacterOffsetBegin>182</CharacterOffsetBegin>
            <CharacterOffsetEnd>185</CharacterOffsetEnd>
            <POS>CC</POS>
            <NER>O</NER>
            <Speaker>PER0</Speaker>
          </token>
          <token id="35">
            <word>MAJOR</word>
            <lemma>major</lemma>
            <CharacterOffsetBegin>186</CharacterOffsetBegin>
            <CharacterOffsetEnd>191</CharacterOffsetEnd>
            <POS>JJ</POS>
            <NER>O</NER>
            <Speaker>PER0</Speaker>
          </token>
          <token id="36">
            <word>ESKENASI</word>
            <lemma>eskenasus</lemma>
            <CharacterOffsetBegin>192</CharacterOffsetBegin>
            <CharacterOffsetEnd>200</CharacterOffsetEnd>
            <POS>NNS</POS>
            <NER>PERSON</NER>
            <Speaker>PER0</Speaker>
          </token>
          <token id="37">
            <word>NISIM</word>
            <lemma>nisim</lemma>
            <CharacterOffsetBegin>201</CharacterOffsetBegin>
            <CharacterOffsetEnd>206</CharacterOffsetEnd>
            <POS>VBP</POS>
            <NER>PERSON</NER>
            <Speaker>PER0</Speaker>
          </token>
          <token id="38">
            <word>.</word>
            <lemma>.</lemma>
            <CharacterOffsetBegin>206</CharacterOffsetBegin>
            <CharacterOffsetEnd>207</CharacterOffsetEnd>
            <POS>.</POS>
            <NER>O</NER>
            <Speaker>PER0</Speaker>
          </token>
        </tokens>
        <parse>(ROOT (S (NP (NP (NNP BOGOTA)) (, ,) (NP (NP (NP (CD 23) (NN SEP)) (NP (NP (CD 89)) (PRN (-LRB- -LRB-) (NP (NP (NN INRAVISION) (NN TELEVISION)) (PP (NN CADENA) (NP (CD 1)))) (-RRB- -RRB-)))) (: --) (NP (NP (-LRB- -LSB-) (NN TEXT)) (VP (-RRB- -RSB-) (PP (IN IN) (NP (NP (JJ NORTHERN) (NNP BOGOTA)) (, ,) (NP (JJ MILITARY) (NN INTELLIGENCE) (NNS MEMBERS)))) (NP-TMP (NN TODAY))) (VP (VBN ARRESTED) (NP (NP (CD TWO) (NNPS ISRAELIS)) (SBAR (WHNP (WP WHO)) (S (VP (VBD SAID) (SBAR (S (NP (PRP THEY)) (VP (VBP ARE) (NP (NP (NNP COLONEL) (NNP HEGEJAM) (NNP SETER)) (CC AND) (NP (JJ MAJOR) (NNS ESKENASI)))))))))))))) (VP (VBP NISIM)) (. .))) </parse>
        <dependencies type="basic-dependencies">
          <dep type="root">
            <governor idx="0">ROOT</governor>
            <dependent idx="37">NISIM</dependent>
          </dep>
          <dep type="nsubj">
            <governor idx="37">NISIM</governor>
            <dependent idx="1">BOGOTA</dependent>
          </dep>
          <dep type="nummod">
            <governor idx="4">SEP</governor>
            <dependent idx="3">23</dependent>
          </dep>
          <dep type="appos">
            <governor idx="1">BOGOTA</governor>
            <dependent idx="4">SEP</dependent>
          </dep>
          <dep type="dep">
            <governor idx="4">SEP</governor>
            <dependent idx="5">89</dependent>
          </dep>
          <dep type="compound">
            <governor idx="8">TELEVISION</governor>
            <dependent idx="7">INRAVISION</dependent>
          </dep>
          <dep type="dep">
            <governor idx="5">89</governor>
            <dependent idx="8">TELEVISION</dependent>
          </dep>
          <dep type="dep">
            <governor idx="10">1</governor>
            <dependent idx="9">CADENA</dependent>
          </dep>
          <dep type="nmod">
            <governor idx="8">TELEVISION</governor>
            <dependent idx="10">1</dependent>
          </dep>
          <dep type="dep">
            <governor idx="4">SEP</governor>
            <dependent idx="14">TEXT</dependent>
          </dep>
          <dep type="case">
            <governor idx="18">BOGOTA</governor>
            <dependent idx="16">IN</dependent>
          </dep>
          <dep type="amod">
            <governor idx="18">BOGOTA</governor>
            <dependent idx="17">NORTHERN</dependent>
          </dep>
          <dep type="nmod">
            <governor idx="23">TODAY</governor>
            <dependent idx="18">BOGOTA</dependent>
          </dep>
          <dep type="amod">
            <governor idx="22">MEMBERS</governor>
            <dependent idx="20">MILITARY</dependent>
          </dep>
          <dep type="compound">
            <governor idx="22">MEMBERS</governor>
            <dependent idx="21">INTELLIGENCE</dependent>
          </dep>
          <dep type="appos">
            <governor idx="18">BOGOTA</governor>
            <dependent idx="22">MEMBERS</dependent>
          </dep>
          <dep type="dep">
            <governor idx="14">TEXT</governor>
            <dependent idx="23">TODAY</dependent>
          </dep>
          <dep type="acl">
            <governor idx="14">TEXT</governor>
            <dependent idx="24">ARRESTED</dependent>
          </dep>
          <dep type="nummod">
            <governor idx="26">ISRAELIS</governor>
            <dependent idx="25">TWO</dependent>
          </dep>
          <dep type="dobj">
            <governor idx="24">ARRESTED</governor>
            <dependent idx="26">ISRAELIS</dependent>
          </dep>
          <dep type="nsubj">
            <governor idx="28">SAID</governor>
            <dependent idx="27">WHO</dependent>
          </dep>
          <dep type="acl:relcl">
            <governor idx="26">ISRAELIS</governor>
            <dependent idx="28">SAID</dependent>
          </dep>
          <dep type="nsubj">
            <governor idx="33">SETER</governor>
            <dependent idx="29">THEY</dependent>
          </dep>
          <dep type="cop">
            <governor idx="33">SETER</governor>
            <dependent idx="30">ARE</dependent>
          </dep>
          <dep type="compound">
            <governor idx="33">SETER</governor>
            <dependent idx="31">COLONEL</dependent>
          </dep>
          <dep type="compound">
            <governor idx="33">SETER</governor>
            <dependent idx="32">HEGEJAM</dependent>
          </dep>
          <dep type="ccomp">
            <governor idx="28">SAID</governor>
            <dependent idx="33">SETER</dependent>
          </dep>
          <dep type="cc">
            <governor idx="33">SETER</governor>
            <dependent idx="34">AND</dependent>
          </dep>
          <dep type="amod">
            <governor idx="36">ESKENASI</governor>
            <dependent idx="35">MAJOR</dependent>
          </dep>
          <dep type="conj">
            <governor idx="33">SETER</governor>
            <dependent idx="36">ESKENASI</dependent>
          </dep>
        </dependencies>
        <dependencies type="collapsed-dependencies">
          <dep type="root">
            <governor idx="0">ROOT</governor>
            <dependent idx="37">NISIM</dependent>
          </dep>
          <dep type="nsubj">
            <governor idx="37">NISIM</governor>
            <dependent idx="1">BOGOTA</dependent>
          </dep>
          <dep type="nummod">
            <governor idx="4">SEP</governor>
            <dependent idx="3">23</dependent>
          </dep>
          <dep type="appos">
            <governor idx="1">BOGOTA</governor>
            <dependent idx="4">SEP</dependent>
          </dep>
          <dep type="dep">
            <governor idx="4">SEP</governor>
            <dependent idx="5">89</dependent>
          </dep>
          <dep type="compound">
            <governor idx="8">TELEVISION</governor>
            <dependent idx="7">INRAVISION</dependent>
          </dep>
          <dep type="dep">
            <governor idx="5">89</governor>
            <dependent idx="8">TELEVISION</dependent>
          </dep>
          <dep type="dep">
            <governor idx="10">1</governor>
            <dependent idx="9">CADENA</dependent>
          </dep>
          <dep type="nmod">
            <governor idx="8">TELEVISION</governor>
            <dependent idx="10">1</dependent>
          </dep>
          <dep type="dep">
            <governor idx="4">SEP</governor>
            <dependent idx="14">TEXT</dependent>
          </dep>
          <dep type="case">
            <governor idx="18">BOGOTA</governor>
            <dependent idx="16">IN</dependent>
          </dep>
          <dep type="amod">
            <governor idx="18">BOGOTA</governor>
            <dependent idx="17">NORTHERN</dependent>
          </dep>
          <dep type="nmod:in">
            <governor idx="23">TODAY</governor>
            <dependent idx="18">BOGOTA</dependent>
          </dep>
          <dep type="amod">
            <governor idx="22">MEMBERS</governor>
            <dependent idx="20">MILITARY</dependent>
          </dep>
          <dep type="compound">
            <governor idx="22">MEMBERS</governor>
            <dependent idx="21">INTELLIGENCE</dependent>
          </dep>
          <dep type="appos">
            <governor idx="18">BOGOTA</governor>
            <dependent idx="22">MEMBERS</dependent>
          </dep>
          <dep type="dep">
            <governor idx="14">TEXT</governor>
            <dependent idx="23">TODAY</dependent>
          </dep>
          <dep type="acl">
            <governor idx="14">TEXT</governor>
            <dependent idx="24">ARRESTED</dependent>
          </dep>
          <dep type="nummod">
            <governor idx="26">ISRAELIS</governor>
            <dependent idx="25">TWO</dependent>
          </dep>
          <dep type="dobj">
            <governor idx="24">ARRESTED</governor>
            <dependent idx="26">ISRAELIS</dependent>
          </dep>
          <dep type="nsubj">
            <governor idx="28">SAID</governor>
            <dependent idx="27">WHO</dependent>
          </dep>
          <dep type="acl:relcl">
            <governor idx="26">ISRAELIS</governor>
            <dependent idx="28">SAID</dependent>
          </dep>
          <dep type="nsubj">
            <governor idx="33">SETER</governor>
            <dependent idx="29">THEY</dependent>
          </dep>
          <dep type="cop">
            <governor idx="33">SETER</governor>
            <dependent idx="30">ARE</dependent>
          </dep>
          <dep type="compound">
            <governor idx="33">SETER</governor>
            <dependent idx="31">COLONEL</dependent>
          </dep>
          <dep type="compound">
            <governor idx="33">SETER</governor>
            <dependent idx="32">HEGEJAM</dependent>
          </dep>
          <dep type="ccomp">
            <governor idx="28">SAID</governor>
            <dependent idx="33">SETER</dependent>
          </dep>
          <dep type="cc">
            <governor idx="33">SETER</governor>
            <dependent idx="34">AND</dependent>
          </dep>
          <dep type="amod">
            <governor idx="36">ESKENASI</governor>
            <dependent idx="35">MAJOR</dependent>
          </dep>
          <dep type="conj:and">
            <governor idx="33">SETER</governor>
            <dependent idx="36">ESKENASI</dependent>
          </dep>
        </dependencies>
        <dependencies type="collapsed-ccprocessed-dependencies">
          <dep type="root">
            <governor idx="0">ROOT</governor>
            <dependent idx="37">NISIM</dependent>
          </dep>
          <dep type="nsubj">
            <governor idx="37">NISIM</governor>
            <dependent idx="1">BOGOTA</dependent>
          </dep>
          <dep type="nummod">
            <governor idx="4">SEP</governor>
            <dependent idx="3">23</dependent>
          </dep>
          <dep type="appos">
            <governor idx="1">BOGOTA</governor>
            <dependent idx="4">SEP</dependent>
          </dep>
          <dep type="dep">
            <governor idx="4">SEP</governor>
            <dependent idx="5">89</dependent>
          </dep>
          <dep type="compound">
            <governor idx="8">TELEVISION</governor>
            <dependent idx="7">INRAVISION</dependent>
          </dep>
          <dep type="dep">
            <governor idx="5">89</governor>
            <dependent idx="8">TELEVISION</dependent>
          </dep>
          <dep type="dep">
            <governor idx="10">1</governor>
            <dependent idx="9">CADENA</dependent>
          </dep>
          <dep type="nmod">
            <governor idx="8">TELEVISION</governor>
            <dependent idx="10">1</dependent>
          </dep>
          <dep type="dep">
            <governor idx="4">SEP</governor>
            <dependent idx="14">TEXT</dependent>
          </dep>
          <dep type="case">
            <governor idx="18">BOGOTA</governor>
            <dependent idx="16">IN</dependent>
          </dep>
          <dep type="amod">
            <governor idx="18">BOGOTA</governor>
            <dependent idx="17">NORTHERN</dependent>
          </dep>
          <dep type="nmod:in">
            <governor idx="23">TODAY</governor>
            <dependent idx="18">BOGOTA</dependent>
          </dep>
          <dep type="amod">
            <governor idx="22">MEMBERS</governor>
            <dependent idx="20">MILITARY</dependent>
          </dep>
          <dep type="compound">
            <governor idx="22">MEMBERS</governor>
            <dependent idx="21">INTELLIGENCE</dependent>
          </dep>
          <dep type="appos">
            <governor idx="18">BOGOTA</governor>
            <dependent idx="22">MEMBERS</dependent>
          </dep>
          <dep type="dep">
            <governor idx="14">TEXT</governor>
            <dependent idx="23">TODAY</dependent>
          </dep>
          <dep type="acl">
            <governor idx="14">TEXT</governor>
            <dependent idx="24">ARRESTED</dependent>
          </dep>
          <dep type="nummod">
            <governor idx="26">ISRAELIS</governor>
            <dependent idx="25">TWO</dependent>
          </dep>
          <dep type="dobj">
            <governor idx="24">ARRESTED</governor>
            <dependent idx="26">ISRAELIS</dependent>
          </dep>
          <dep type="nsubj">
            <governor idx="28">SAID</governor>
            <dependent idx="27">WHO</dependent>
          </dep>
          <dep type="acl:relcl">
            <governor idx="26">ISRAELIS</governor>
            <dependent idx="28">SAID</dependent>
          </dep>
          <dep type="nsubj">
            <governor idx="33">SETER</governor>
            <dependent idx="29">THEY</dependent>
          </dep>
          <dep type="cop">
            <governor idx="33">SETER</governor>
            <dependent idx="30">ARE</dependent>
          </dep>
          <dep type="compound">
            <governor idx="33">SETER</governor>
            <dependent idx="31">COLONEL</dependent>
          </dep>
          <dep type="compound">
            <governor idx="33">SETER</governor>
            <dependent idx="32">HEGEJAM</dependent>
          </dep>
          <dep type="ccomp">
            <governor idx="28">SAID</governor>
            <dependent idx="33">SETER</dependent>
          </dep>
          <dep type="cc">
            <governor idx="33">SETER</governor>
            <dependent idx="34">AND</dependent>
          </dep>
          <dep type="amod">
            <governor idx="36">ESKENASI</governor>
            <dependent idx="35">MAJOR</dependent>
          </dep>
          <dep type="ccomp" extra="true">
            <governor idx="28">SAID</governor>
            <dependent idx="36">ESKENASI</dependent>
          </dep>
          <dep type="conj:and">
            <governor idx="33">SETER</governor>
            <dependent idx="36">ESKENASI</dependent>
          </dep>
        </dependencies>
      </sentence>
      <sentence id="2">
        <tokens>
          <token id="1">
            <word>THE</word>
            <lemma>the</lemma>
            <CharacterOffsetBegin>209</CharacterOffsetBegin>
            <CharacterOffsetEnd>212</CharacterOffsetEnd>
            <POS>DT</POS>
            <NER>O</NER>
            <Speaker>PER0</Speaker>
          </token>
          <token id="2">
            <word>ISRAELIS</word>
            <lemma>ISRAELIS</lemma>
            <CharacterOffsetBegin>213</CharacterOffsetBegin>
            <CharacterOffsetEnd>221</CharacterOffsetEnd>
            <POS>NNPS</POS>
            <NER>MISC</NER>
            <Speaker>PER0</Speaker>
          </token>
          <token id="3">
            <word>SAID</word>
            <lemma>say</lemma>
            <CharacterOffsetBegin>222</CharacterOffsetBegin>
            <CharacterOffsetEnd>226</CharacterOffsetEnd>
            <POS>VBD</POS>
            <NER>O</NER>
            <Speaker>PER0</Speaker>
          </token>
          <token id="4">
            <word>THEY</word>
            <lemma>they</lemma>
            <CharacterOffsetBegin>227</CharacterOffsetBegin>
            <CharacterOffsetEnd>231</CharacterOffsetEnd>
            <POS>PRP</POS>
            <NER>O</NER>
            <Speaker>PER0</Speaker>
          </token>
          <token id="5">
            <word>HAD</word>
            <lemma>have</lemma>
            <CharacterOffsetBegin>232</CharacterOffsetBegin>
            <CharacterOffsetEnd>235</CharacterOffsetEnd>
            <POS>VBD</POS>
            <NER>O</NER>
            <Speaker>PER0</Speaker>
          </token>
          <token id="6">
            <word>BEEN</word>
            <lemma>be</lemma>
            <CharacterOffsetBegin>236</CharacterOffsetBegin>
            <CharacterOffsetEnd>240</CharacterOffsetEnd>
            <POS>VBN</POS>
            <NER>O</NER>
            <Speaker>PER0</Speaker>
          </token>
          <token id="7">
            <word>CONTRACTED</word>
            <lemma>contract</lemma>
            <CharacterOffsetBegin>241</CharacterOffsetBegin>
            <CharacterOffsetEnd>251</CharacterOffsetEnd>
            <POS>VBN</POS>
            <NER>O</NER>
            <Speaker>PER0</Speaker>
          </token>
          <token id="8">
            <word>BY</word>
            <lemma>by</lemma>
            <CharacterOffsetBegin>252</CharacterOffsetBegin>
            <CharacterOffsetEnd>254</CharacterOffsetEnd>
            <POS>IN</POS>
            <NER>O</NER>
            <Speaker>PER0</Speaker>
          </token>
          <token id="9">
            <word>THE</word>
            <lemma>the</lemma>
            <CharacterOffsetBegin>255</CharacterOffsetBegin>
            <CharacterOffsetEnd>258</CharacterOffsetEnd>
            <POS>DT</POS>
            <NER>O</NER>
            <Speaker>PER0</Speaker>
          </token>
          <token id="10">
            <word>COLOMBIAN</word>
            <lemma>colombian</lemma>
            <CharacterOffsetBegin>259</CharacterOffsetBegin>
            <CharacterOffsetEnd>268</CharacterOffsetEnd>
            <POS>JJ</POS>
            <NER>MISC</NER>
            <Speaker>PER0</Speaker>
          </token>
          <token id="11">
            <word>ARMY</word>
            <lemma>ARMY</lemma>
            <CharacterOffsetBegin>269</CharacterOffsetBegin>
            <CharacterOffsetEnd>273</CharacterOffsetEnd>
            <POS>NNP</POS>
            <NER>O</NER>
            <Speaker>PER0</Speaker>
          </token>
          <token id="12">
            <word>,</word>
            <lemma>,</lemma>
            <CharacterOffsetBegin>273</CharacterOffsetBegin>
            <CharacterOffsetEnd>274</CharacterOffsetEnd>
            <POS>,</POS>
            <NER>O</NER>
            <Speaker>PER0</Speaker>
          </token>
          <token id="13">
            <word>BUT</word>
            <lemma>but</lemma>
            <CharacterOffsetBegin>275</CharacterOffsetBegin>
            <CharacterOffsetEnd>278</CharacterOffsetEnd>
            <POS>CC</POS>
            <NER>O</NER>
            <Speaker>PER0</Speaker>
          </token>
          <token id="14">
            <word>THE</word>
            <lemma>the</lemma>
            <CharacterOffsetBegin>279</CharacterOffsetBegin>
            <CharacterOffsetEnd>282</CharacterOffsetEnd>
            <POS>DT</POS>
            <NER>O</NER>
            <Speaker>PER0</Speaker>
          </token>
          <token id="15">
            <word>MILITARY</word>
            <lemma>military</lemma>
            <CharacterOffsetBegin>283</CharacterOffsetBegin>
            <CharacterOffsetEnd>291</CharacterOffsetEnd>
            <POS>JJ</POS>
            <NER>O</NER>
            <Speaker>PER0</Speaker>
          </token>
          <token id="16">
            <word>AUTHORITIES</word>
            <lemma>authority</lemma>
            <CharacterOffsetBegin>292</CharacterOffsetBegin>
            <CharacterOffsetEnd>303</CharacterOffsetEnd>
            <POS>NNS</POS>
            <NER>O</NER>
            <Speaker>PER0</Speaker>
          </token>
          <token id="17">
            <word>DENIED</word>
            <lemma>deny</lemma>
            <CharacterOffsetBegin>304</CharacterOffsetBegin>
            <CharacterOffsetEnd>310</CharacterOffsetEnd>
            <POS>VBD</POS>
            <NER>O</NER>
            <Speaker>PER0</Speaker>
          </token>
          <token id="18">
            <word>ANY</word>
            <lemma>any</lemma>
            <CharacterOffsetBegin>311</CharacterOffsetBegin>
            <CharacterOffsetEnd>314</CharacterOffsetEnd>
            <POS>DT</POS>
            <NER>O</NER>
            <Speaker>PER0</Speaker>
          </token>
          <token id="19">
            <word>CONNECTION</word>
            <lemma>connection</lemma>
            <CharacterOffsetBegin>315</CharacterOffsetBegin>
            <CharacterOffsetEnd>325</CharacterOffsetEnd>
            <POS>NN</POS>
            <NER>O</NER>
            <Speaker>PER0</Speaker>
          </token>
          <token id="20">
            <word>WITH</word>
            <lemma>with</lemma>
            <CharacterOffsetBegin>326</CharacterOffsetBegin>
            <CharacterOffsetEnd>330</CharacterOffsetEnd>
            <POS>IN</POS>
            <NER>O</NER>
            <Speaker>PER0</Speaker>
          </token>
          <token id="21">
            <word>THE</word>
            <lemma>the</lemma>
            <CharacterOffsetBegin>331</CharacterOffsetBegin>
            <CharacterOffsetEnd>334</CharacterOffsetEnd>
            <POS>DT</POS>
            <NER>O</NER>
            <Speaker>PER0</Speaker>
          </token>
          <token id="22">
            <word>TWO</word>
            <lemma>two</lemma>
            <CharacterOffsetBegin>335</CharacterOffsetBegin>
            <CharacterOffsetEnd>338</CharacterOffsetEnd>
            <POS>CD</POS>
            <NER>NUMBER</NER>
            <NormalizedNER>2.0</NormalizedNER>
            <Speaker>PER0</Speaker>
          </token>
          <token id="23">
            <word>MEN</word>
            <lemma>man</lemma>
            <CharacterOffsetBegin>339</CharacterOffsetBegin>
            <CharacterOffsetEnd>342</CharacterOffsetEnd>
            <POS>NNS</POS>
            <NER>O</NER>
            <Speaker>PER0</Speaker>
          </token>
          <token id="24">
            <word>WHO</word>
            <lemma>who</lemma>
            <CharacterOffsetBegin>343</CharacterOffsetBegin>
            <CharacterOffsetEnd>346</CharacterOffsetEnd>
            <POS>WP</POS>
            <NER>O</NER>
            <Speaker>PER0</Speaker>
          </token>
          <token id="25">
            <word>HAD</word>
            <lemma>have</lemma>
            <CharacterOffsetBegin>347</CharacterOffsetBegin>
            <CharacterOffsetEnd>350</CharacterOffsetEnd>
            <POS>VBD</POS>
            <NER>O</NER>
            <Speaker>PER0</Speaker>
          </token>
          <token id="26">
            <word>BOMBS</word>
            <lemma>bomb</lemma>
            <CharacterOffsetBegin>351</CharacterOffsetBegin>
            <CharacterOffsetEnd>356</CharacterOffsetEnd>
            <POS>NNS</POS>
            <NER>O</NER>
            <Speaker>PER0</Speaker>
          </token>
          <token id="27">
            <word>,</word>
            <lemma>,</lemma>
            <CharacterOffsetBegin>356</CharacterOffsetBegin>
            <CharacterOffsetEnd>357</CharacterOffsetEnd>
            <POS>,</POS>
            <NER>O</NER>
            <Speaker>PER0</Speaker>
          </token>
          <token id="28">
            <word>PRIMING</word>
            <lemma>prime</lemma>
            <CharacterOffsetBegin>358</CharacterOffsetBegin>
            <CharacterOffsetEnd>365</CharacterOffsetEnd>
            <POS>VBG</POS>
            <NER>O</NER>
            <Speaker>PER0</Speaker>
          </token>
          <token id="29">
            <word>TUBES</word>
            <lemma>tube</lemma>
            <CharacterOffsetBegin>366</CharacterOffsetBegin>
            <CharacterOffsetEnd>371</CharacterOffsetEnd>
            <POS>NNS</POS>
            <NER>O</NER>
            <Speaker>PER0</Speaker>
          </token>
          <token id="30">
            <word>,</word>
            <lemma>,</lemma>
            <CharacterOffsetBegin>371</CharacterOffsetBegin>
            <CharacterOffsetEnd>372</CharacterOffsetEnd>
            <POS>,</POS>
            <NER>O</NER>
            <Speaker>PER0</Speaker>
          </token>
          <token id="31">
            <word>AND</word>
            <lemma>and</lemma>
            <CharacterOffsetBegin>373</CharacterOffsetBegin>
            <CharacterOffsetEnd>376</CharacterOffsetEnd>
            <POS>CC</POS>
            <NER>O</NER>
            <Speaker>PER0</Speaker>
          </token>
          <token id="32">
            <word>MAPS</word>
            <lemma>map</lemma>
            <CharacterOffsetBegin>377</CharacterOffsetBegin>
            <CharacterOffsetEnd>381</CharacterOffsetEnd>
            <POS>NNS</POS>
            <NER>O</NER>
            <Speaker>PER0</Speaker>
          </token>
          <token id="33">
            <word>FOR</word>
            <lemma>for</lemma>
            <CharacterOffsetBegin>382</CharacterOffsetBegin>
            <CharacterOffsetEnd>385</CharacterOffsetEnd>
            <POS>IN</POS>
            <NER>O</NER>
            <Speaker>PER0</Speaker>
          </token>
          <token id="34">
            <word>CARRYING</word>
            <lemma>carry</lemma>
            <CharacterOffsetBegin>386</CharacterOffsetBegin>
            <CharacterOffsetEnd>394</CharacterOffsetEnd>
            <POS>VBG</POS>
            <NER>O</NER>
            <Speaker>PER0</Speaker>
          </token>
          <token id="35">
            <word>OUT</word>
            <lemma>out</lemma>
            <CharacterOffsetBegin>395</CharacterOffsetBegin>
            <CharacterOffsetEnd>398</CharacterOffsetEnd>
            <POS>RP</POS>
            <NER>O</NER>
            <Speaker>PER0</Speaker>
          </token>
          <token id="36">
            <word>ATTACKS</word>
            <lemma>attack</lemma>
            <CharacterOffsetBegin>399</CharacterOffsetBegin>
            <CharacterOffsetEnd>406</CharacterOffsetEnd>
            <POS>NNS</POS>
            <NER>O</NER>
            <Speaker>PER0</Speaker>
          </token>
          <token id="37">
            <word>.</word>
            <lemma>.</lemma>
            <CharacterOffsetBegin>406</CharacterOffsetBegin>
            <CharacterOffsetEnd>407</CharacterOffsetEnd>
            <POS>.</POS>
            <NER>O</NER>
            <Speaker>PER0</Speaker>
          </token>
        </tokens>
        <parse>(ROOT (S (S (NP (DT THE) (NNPS ISRAELIS)) (VP (VBD SAID) (SBAR (S (NP (PRP THEY)) (VP (VBD HAD) (VP (VBN BEEN) (VP (VBN CONTRACTED) (PP (IN BY) (NP (DT THE) (JJ COLOMBIAN) (NNP ARMY)))))))))) (, ,) (CC BUT) (S (NP (DT THE) (JJ MILITARY) (NNS AUTHORITIES)) (VP (VBD DENIED) (NP (DT ANY) (NN CONNECTION)) (PP (IN WITH) (NP (NP (DT THE) (CD TWO) (NNS MEN)) (SBAR (WHNP (WP WHO)) (S (VP (VBD HAD) (NP (NP (NNS BOMBS)) (, ,) (VP (VBG PRIMING) (NP (NNS TUBES))) (, ,) (CC AND) (NP (NP (NNS MAPS)) (PP (IN FOR) (S (VP (VBG CARRYING) (PRT (RP OUT)) (NP (NNS ATTACKS)))))))))))))) (. .))) </parse>
        <dependencies type="basic-dependencies">
          <dep type="root">
            <governor idx="0">ROOT</governor>
            <dependent idx="3">SAID</dependent>
          </dep>
          <dep type="det">
            <governor idx="2">ISRAELIS</governor>
            <dependent idx="1">THE</dependent>
          </dep>
          <dep type="nsubj">
            <governor idx="3">SAID</governor>
            <dependent idx="2">ISRAELIS</dependent>
          </dep>
          <dep type="nsubjpass">
            <governor idx="7">CONTRACTED</governor>
            <dependent idx="4">THEY</dependent>
          </dep>
          <dep type="aux">
            <governor idx="7">CONTRACTED</governor>
            <dependent idx="5">HAD</dependent>
          </dep>
          <dep type="auxpass">
            <governor idx="7">CONTRACTED</governor>
            <dependent idx="6">BEEN</dependent>
          </dep>
          <dep type="ccomp">
            <governor idx="3">SAID</governor>
            <dependent idx="7">CONTRACTED</dependent>
          </dep>
          <dep type="case">
            <governor idx="11">ARMY</governor>
            <dependent idx="8">BY</dependent>
          </dep>
          <dep type="det">
            <governor idx="11">ARMY</governor>
            <dependent idx="9">THE</dependent>
          </dep>
          <dep type="amod">
            <governor idx="11">ARMY</governor>
            <dependent idx="10">COLOMBIAN</dependent>
          </dep>
          <dep type="nmod">
            <governor idx="7">CONTRACTED</governor>
            <dependent idx="11">ARMY</dependent>
          </dep>
          <dep type="cc">
            <governor idx="3">SAID</governor>
            <dependent idx="13">BUT</dependent>
          </dep>
          <dep type="det">
            <governor idx="16">AUTHORITIES</governor>
            <dependent idx="14">THE</dependent>
          </dep>
          <dep type="amod">
            <governor idx="16">AUTHORITIES</governor>
            <dependent idx="15">MILITARY</dependent>
          </dep>
          <dep type="nsubj">
            <governor idx="17">DENIED</governor>
            <dependent idx="16">AUTHORITIES</dependent>
          </dep>
          <dep type="conj">
            <governor idx="3">SAID</governor>
            <dependent idx="17">DENIED</dependent>
          </dep>
          <dep type="det">
            <governor idx="19">CONNECTION</governor>
            <dependent idx="18">ANY</dependent>
          </dep>
          <dep type="dobj">
            <governor idx="17">DENIED</governor>
            <dependent idx="19">CONNECTION</dependent>
          </dep>
          <dep type="case">
            <governor idx="23">MEN</governor>
            <dependent idx="20">WITH</dependent>
          </dep>
          <dep type="det">
            <governor idx="23">MEN</governor>
            <dependent idx="21">THE</dependent>
          </dep>
          <dep type="nummod">
            <governor idx="23">MEN</governor>
            <dependent idx="22">TWO</dependent>
          </dep>
          <dep type="nmod">
            <governor idx="17">DENIED</governor>
            <dependent idx="23">MEN</dependent>
          </dep>
          <dep type="nsubj">
            <governor idx="25">HAD</governor>
            <dependent idx="24">WHO</dependent>
          </dep>
          <dep type="acl:relcl">
            <governor idx="23">MEN</governor>
            <dependent idx="25">HAD</dependent>
          </dep>
          <dep type="dobj">
            <governor idx="25">HAD</governor>
            <dependent idx="26">BOMBS</dependent>
          </dep>
          <dep type="acl">
            <governor idx="26">BOMBS</governor>
            <dependent idx="28">PRIMING</dependent>
          </dep>
          <dep type="dobj">
            <governor idx="28">PRIMING</governor>
            <dependent idx="29">TUBES</dependent>
          </dep>
          <dep type="cc">
            <governor idx="26">BOMBS</governor>
            <dependent idx="31">AND</dependent>
          </dep>
          <dep type="conj">
            <governor idx="26">BOMBS</governor>
            <dependent idx="32">MAPS</dependent>
          </dep>
          <dep type="mark">
            <governor idx="34">CARRYING</governor>
            <dependent idx="33">FOR</dependent>
          </dep>
          <dep type="acl">
            <governor idx="32">MAPS</governor>
            <dependent idx="34">CARRYING</dependent>
          </dep>
          <dep type="compound:prt">
            <governor idx="34">CARRYING</governor>
            <dependent idx="35">OUT</dependent>
          </dep>
          <dep type="dobj">
            <governor idx="34">CARRYING</governor>
            <dependent idx="36">ATTACKS</dependent>
          </dep>
        </dependencies>
        <dependencies type="collapsed-dependencies">
          <dep type="root">
            <governor idx="0">ROOT</governor>
            <dependent idx="3">SAID</dependent>
          </dep>
          <dep type="det">
            <governor idx="2">ISRAELIS</governor>
            <dependent idx="1">THE</dependent>
          </dep>
          <dep type="nsubj">
            <governor idx="3">SAID</governor>
            <dependent idx="2">ISRAELIS</dependent>
          </dep>
          <dep type="nsubjpass">
            <governor idx="7">CONTRACTED</governor>
            <dependent idx="4">THEY</dependent>
          </dep>
          <dep type="aux">
            <governor idx="7">CONTRACTED</governor>
            <dependent idx="5">HAD</dependent>
          </dep>
          <dep type="auxpass">
            <governor idx="7">CONTRACTED</governor>
            <dependent idx="6">BEEN</dependent>
          </dep>
          <dep type="ccomp">
            <governor idx="3">SAID</governor>
            <dependent idx="7">CONTRACTED</dependent>
          </dep>
          <dep type="case">
            <governor idx="11">ARMY</governor>
            <dependent idx="8">BY</dependent>
          </dep>
          <dep type="det">
            <governor idx="11">ARMY</governor>
            <dependent idx="9">THE</dependent>
          </dep>
          <dep type="amod">
            <governor idx="11">ARMY</governor>
            <dependent idx="10">COLOMBIAN</dependent>
          </dep>
          <dep type="nmod:agent">
            <governor idx="7">CONTRACTED</governor>
            <dependent idx="11">ARMY</dependent>
          </dep>
          <dep type="cc">
            <governor idx="3">SAID</governor>
            <dependent idx="13">BUT</dependent>
          </dep>
          <dep type="det">
            <governor idx="16">AUTHORITIES</governor>
            <dependent idx="14">THE</dependent>
          </dep>
          <dep type="amod">
            <governor idx="16">AUTHORITIES</governor>
            <dependent idx="15">MILITARY</dependent>
          </dep>
          <dep type="nsubj">
            <governor idx="17">DENIED</governor>
            <dependent idx="16">AUTHORITIES</dependent>
          </dep>
          <dep type="conj:but">
            <governor idx="3">SAID</governor>
            <dependent idx="17">DENIED</dependent>
          </dep>
          <dep type="det">
            <governor idx="19">CONNECTION</governor>
            <dependent idx="18">ANY</dependent>
          </dep>
          <dep type="dobj">
            <governor idx="17">DENIED</governor>
            <dependent idx="19">CONNECTION</dependent>
          </dep>
          <dep type="case">
            <governor idx="23">MEN</governor>
            <dependent idx="20">WITH</dependent>
          </dep>
          <dep type="det">
            <governor idx="23">MEN</governor>
            <dependent idx="21">THE</dependent>
          </dep>
          <dep type="nummod">
            <governor idx="23">MEN</governor>
            <dependent idx="22">TWO</dependent>
          </dep>
          <dep type="nmod:with">
            <governor idx="17">DENIED</governor>
            <dependent idx="23">MEN</dependent>
          </dep>
          <dep type="nsubj">
            <governor idx="25">HAD</governor>
            <dependent idx="24">WHO</dependent>
          </dep>
          <dep type="acl:relcl">
            <governor idx="23">MEN</governor>
            <dependent idx="25">HAD</dependent>
          </dep>
          <dep type="dobj">
            <governor idx="25">HAD</governor>
            <dependent idx="26">BOMBS</dependent>
          </dep>
          <dep type="acl">
            <governor idx="26">BOMBS</governor>
            <dependent idx="28">PRIMING</dependent>
          </dep>
          <dep type="dobj">
            <governor idx="28">PRIMING</governor>
            <dependent idx="29">TUBES</dependent>
          </dep>
          <dep type="cc">
            <governor idx="26">BOMBS</governor>
            <dependent idx="31">AND</dependent>
          </dep>
          <dep type="conj:and">
            <governor idx="26">BOMBS</governor>
            <dependent idx="32">MAPS</dependent>
          </dep>
          <dep type="mark">
            <governor idx="34">CARRYING</governor>
            <dependent idx="33">FOR</dependent>
          </dep>
          <dep type="acl">
            <governor idx="32">MAPS</governor>
            <dependent idx="34">CARRYING</dependent>
          </dep>
          <dep type="compound:prt">
            <governor idx="34">CARRYING</governor>
            <dependent idx="35">OUT</dependent>
          </dep>
          <dep type="dobj">
            <governor idx="34">CARRYING</governor>
            <dependent idx="36">ATTACKS</dependent>
          </dep>
        </dependencies>
        <dependencies type="collapsed-ccprocessed-dependencies">
          <dep type="root">
            <governor idx="0">ROOT</governor>
            <dependent idx="3">SAID</dependent>
          </dep>
          <dep type="det">
            <governor idx="2">ISRAELIS</governor>
            <dependent idx="1">THE</dependent>
          </dep>
          <dep type="nsubj">
            <governor idx="3">SAID</governor>
            <dependent idx="2">ISRAELIS</dependent>
          </dep>
          <dep type="nsubjpass">
            <governor idx="7">CONTRACTED</governor>
            <dependent idx="4">THEY</dependent>
          </dep>
          <dep type="aux">
            <governor idx="7">CONTRACTED</governor>
            <dependent idx="5">HAD</dependent>
          </dep>
          <dep type="auxpass">
            <governor idx="7">CONTRACTED</governor>
            <dependent idx="6">BEEN</dependent>
          </dep>
          <dep type="ccomp">
            <governor idx="3">SAID</governor>
            <dependent idx="7">CONTRACTED</dependent>
          </dep>
          <dep type="case">
            <governor idx="11">ARMY</governor>
            <dependent idx="8">BY</dependent>
          </dep>
          <dep type="det">
            <governor idx="11">ARMY</governor>
            <dependent idx="9">THE</dependent>
          </dep>
          <dep type="amod">
            <governor idx="11">ARMY</governor>
            <dependent idx="10">COLOMBIAN</dependent>
          </dep>
          <dep type="nmod:agent">
            <governor idx="7">CONTRACTED</governor>
            <dependent idx="11">ARMY</dependent>
          </dep>
          <dep type="cc">
            <governor idx="3">SAID</governor>
            <dependent idx="13">BUT</dependent>
          </dep>
          <dep type="det">
            <governor idx="16">AUTHORITIES</governor>
            <dependent idx="14">THE</dependent>
          </dep>
          <dep type="amod">
            <governor idx="16">AUTHORITIES</governor>
            <dependent idx="15">MILITARY</dependent>
          </dep>
          <dep type="nsubj">
            <governor idx="17">DENIED</governor>
            <dependent idx="16">AUTHORITIES</dependent>
          </dep>
          <dep type="conj:but">
            <governor idx="3">SAID</governor>
            <dependent idx="17">DENIED</dependent>
          </dep>
          <dep type="det">
            <governor idx="19">CONNECTION</governor>
            <dependent idx="18">ANY</dependent>
          </dep>
          <dep type="dobj">
            <governor idx="17">DENIED</governor>
            <dependent idx="19">CONNECTION</dependent>
          </dep>
          <dep type="case">
            <governor idx="23">MEN</governor>
            <dependent idx="20">WITH</dependent>
          </dep>
          <dep type="det">
            <governor idx="23">MEN</governor>
            <dependent idx="21">THE</dependent>
          </dep>
          <dep type="nummod">
            <governor idx="23">MEN</governor>
            <dependent idx="22">TWO</dependent>
          </dep>
          <dep type="nmod:with">
            <governor idx="17">DENIED</governor>
            <dependent idx="23">MEN</dependent>
          </dep>
          <dep type="nsubj">
            <governor idx="25">HAD</governor>
            <dependent idx="24">WHO</dependent>
          </dep>
          <dep type="acl:relcl">
            <governor idx="23">MEN</governor>
            <dependent idx="25">HAD</dependent>
          </dep>
          <dep type="dobj">
            <governor idx="25">HAD</governor>
            <dependent idx="26">BOMBS</dependent>
          </dep>
          <dep type="acl">
            <governor idx="26">BOMBS</governor>
            <dependent idx="28">PRIMING</dependent>
          </dep>
          <dep type="dobj">
            <governor idx="28">PRIMING</governor>
            <dependent idx="29">TUBES</dependent>
          </dep>
          <dep type="cc">
            <governor idx="26">BOMBS</governor>
            <dependent idx="31">AND</dependent>
          </dep>
          <dep type="dobj" extra="true">
            <governor idx="25">HAD</governor>
            <dependent idx="32">MAPS</dependent>
          </dep>
          <dep type="conj:and">
            <governor idx="26">BOMBS</governor>
            <dependent idx="32">MAPS</dependent>
          </dep>
          <dep type="mark">
            <governor idx="34">CARRYING</governor>
            <dependent idx="33">FOR</dependent>
          </dep>
          <dep type="acl">
            <governor idx="32">MAPS</governor>
            <dependent idx="34">CARRYING</dependent>
          </dep>
          <dep type="compound:prt">
            <governor idx="34">CARRYING</governor>
            <dependent idx="35">OUT</dependent>
          </dep>
          <dep type="dobj">
            <governor idx="34">CARRYING</governor>
            <dependent idx="36">ATTACKS</dependent>
          </dep>
        </dependencies>
      </sentence>
      <sentence id="3">
        <tokens>
          <token id="1">
            <word>MILITARY</word>
            <lemma>military</lemma>
            <CharacterOffsetBegin>408</CharacterOffsetBegin>
            <CharacterOffsetEnd>416</CharacterOffsetEnd>
            <POS>JJ</POS>
            <NER>O</NER>
            <Speaker>PER0</Speaker>
          </token>
          <token id="2">
            <word>INTELLIGENCE</word>
            <lemma>intelligence</lemma>
            <CharacterOffsetBegin>417</CharacterOffsetBegin>
            <CharacterOffsetEnd>429</CharacterOffsetEnd>
            <POS>NN</POS>
            <NER>O</NER>
            <Speaker>PER0</Speaker>
          </token>
          <token id="3">
            <word>IS</word>
            <lemma>be</lemma>
            <CharacterOffsetBegin>430</CharacterOffsetBegin>
            <CharacterOffsetEnd>432</CharacterOffsetEnd>
            <POS>VBZ</POS>
            <NER>O</NER>
            <Speaker>PER0</Speaker>
          </token>
          <token id="4">
            <word>TRYING</word>
            <lemma>try</lemma>
            <CharacterOffsetBegin>433</CharacterOffsetBegin>
            <CharacterOffsetEnd>439</CharacterOffsetEnd>
            <POS>VBG</POS>
            <NER>O</NER>
            <Speaker>PER0</Speaker>
          </token>
          <token id="5">
            <word>TO</word>
            <lemma>to</lemma>
            <CharacterOffsetBegin>440</CharacterOffsetBegin>
            <CharacterOffsetEnd>442</CharacterOffsetEnd>
            <POS>TO</POS>
            <NER>O</NER>
            <Speaker>PER0</Speaker>
          </token>
          <token id="6">
            <word>DETERMINE</word>
            <lemma>determine</lemma>
            <CharacterOffsetBegin>443</CharacterOffsetBegin>
            <CharacterOffsetEnd>452</CharacterOffsetEnd>
            <POS>VB</POS>
            <NER>O</NER>
            <Speaker>PER0</Speaker>
          </token>
          <token id="7">
            <word>THE</word>
            <lemma>the</lemma>
            <CharacterOffsetBegin>453</CharacterOffsetBegin>
            <CharacterOffsetEnd>456</CharacterOffsetEnd>
            <POS>DT</POS>
            <NER>O</NER>
            <Speaker>PER0</Speaker>
          </token>
          <token id="8">
            <word>CONNECTIONS</word>
            <lemma>connection</lemma>
            <CharacterOffsetBegin>457</CharacterOffsetBegin>
            <CharacterOffsetEnd>468</CharacterOffsetEnd>
            <POS>NNS</POS>
            <NER>O</NER>
            <Speaker>PER0</Speaker>
          </token>
          <token id="9">
            <word>AND</word>
            <lemma>and</lemma>
            <CharacterOffsetBegin>469</CharacterOffsetBegin>
            <CharacterOffsetEnd>472</CharacterOffsetEnd>
            <POS>CC</POS>
            <NER>O</NER>
            <Speaker>PER0</Speaker>
          </token>
          <token id="10">
            <word>MOTIVES</word>
            <lemma>motive</lemma>
            <CharacterOffsetBegin>473</CharacterOffsetBegin>
            <CharacterOffsetEnd>480</CharacterOffsetEnd>
            <POS>NNS</POS>
            <NER>O</NER>
            <Speaker>PER0</Speaker>
          </token>
          <token id="11">
            <word>OF</word>
            <lemma>of</lemma>
            <CharacterOffsetBegin>481</CharacterOffsetBegin>
            <CharacterOffsetEnd>483</CharacterOffsetEnd>
            <POS>IN</POS>
            <NER>O</NER>
            <Speaker>PER0</Speaker>
          </token>
          <token id="12">
            <word>THESE</word>
            <lemma>these</lemma>
            <CharacterOffsetBegin>484</CharacterOffsetBegin>
            <CharacterOffsetEnd>489</CharacterOffsetEnd>
            <POS>DT</POS>
            <NER>O</NER>
            <Speaker>PER0</Speaker>
          </token>
          <token id="13">
            <word>ALLEGED</word>
            <lemma>allege</lemma>
            <CharacterOffsetBegin>490</CharacterOffsetBegin>
            <CharacterOffsetEnd>497</CharacterOffsetEnd>
            <POS>VBN</POS>
            <NER>O</NER>
            <Speaker>PER0</Speaker>
          </token>
          <token id="14">
            <word>ISRAELI</word>
            <lemma>israeli</lemma>
            <CharacterOffsetBegin>498</CharacterOffsetBegin>
            <CharacterOffsetEnd>505</CharacterOffsetEnd>
            <POS>JJ</POS>
            <NER>MISC</NER>
            <Speaker>PER0</Speaker>
          </token>
          <token id="15">
            <word>MILITARY</word>
            <lemma>military</lemma>
            <CharacterOffsetBegin>506</CharacterOffsetBegin>
            <CharacterOffsetEnd>514</CharacterOffsetEnd>
            <POS>JJ</POS>
            <NER>O</NER>
            <Speaker>PER0</Speaker>
          </token>
          <token id="16">
            <word>OFFICERS</word>
            <lemma>officer</lemma>
            <CharacterOffsetBegin>515</CharacterOffsetBegin>
            <CharacterOffsetEnd>523</CharacterOffsetEnd>
            <POS>NNS</POS>
            <NER>O</NER>
            <Speaker>PER0</Speaker>
          </token>
          <token id="17">
            <word>.</word>
            <lemma>.</lemma>
            <CharacterOffsetBegin>523</CharacterOffsetBegin>
            <CharacterOffsetEnd>524</CharacterOffsetEnd>
            <POS>.</POS>
            <NER>O</NER>
            <Speaker>PER0</Speaker>
          </token>
        </tokens>
        <parse>(ROOT (S (NP (JJ MILITARY) (NN INTELLIGENCE)) (VP (VBZ IS) (VP (VBG TRYING) (S (VP (TO TO) (VP (VB DETERMINE) (NP (NP (DT THE) (NNS CONNECTIONS) (CC AND) (NNS MOTIVES)) (PP (IN OF) (NP (NP (DT THESE)) (VP (VBN ALLEGED) (NP (JJ ISRAELI) (JJ MILITARY) (NNS OFFICERS))))))))))) (. .))) </parse>
        <dependencies type="basic-dependencies">
          <dep type="root">
            <governor idx="0">ROOT</governor>
            <dependent idx="4">TRYING</dependent>
          </dep>
          <dep type="amod">
            <governor idx="2">INTELLIGENCE</governor>
            <dependent idx="1">MILITARY</dependent>
          </dep>
          <dep type="nsubj">
            <governor idx="4">TRYING</governor>
            <dependent idx="2">INTELLIGENCE</dependent>
          </dep>
          <dep type="aux">
            <governor idx="4">TRYING</governor>
            <dependent idx="3">IS</dependent>
          </dep>
          <dep type="mark">
            <governor idx="6">DETERMINE</governor>
            <dependent idx="5">TO</dependent>
          </dep>
          <dep type="xcomp">
            <governor idx="4">TRYING</governor>
            <dependent idx="6">DETERMINE</dependent>
          </dep>
          <dep type="det">
            <governor idx="8">CONNECTIONS</governor>
            <dependent idx="7">THE</dependent>
          </dep>
          <dep type="dobj">
            <governor idx="6">DETERMINE</governor>
            <dependent idx="8">CONNECTIONS</dependent>
          </dep>
          <dep type="cc">
            <governor idx="8">CONNECTIONS</governor>
            <dependent idx="9">AND</dependent>
          </dep>
          <dep type="conj">
            <governor idx="8">CONNECTIONS</governor>
            <dependent idx="10">MOTIVES</dependent>
          </dep>
          <dep type="case">
            <governor idx="12">THESE</governor>
            <dependent idx="11">OF</dependent>
          </dep>
          <dep type="nmod">
            <governor idx="8">CONNECTIONS</governor>
            <dependent idx="12">THESE</dependent>
          </dep>
          <dep type="acl">
            <governor idx="12">THESE</governor>
            <dependent idx="13">ALLEGED</dependent>
          </dep>
          <dep type="amod">
            <governor idx="16">OFFICERS</governor>
            <dependent idx="14">ISRAELI</dependent>
          </dep>
          <dep type="amod">
            <governor idx="16">OFFICERS</governor>
            <dependent idx="15">MILITARY</dependent>
          </dep>
          <dep type="dobj">
            <governor idx="13">ALLEGED</governor>
            <dependent idx="16">OFFICERS</dependent>
          </dep>
        </dependencies>
        <dependencies type="collapsed-dependencies">
          <dep type="root">
            <governor idx="0">ROOT</governor>
            <dependent idx="4">TRYING</dependent>
          </dep>
          <dep type="amod">
            <governor idx="2">INTELLIGENCE</governor>
            <dependent idx="1">MILITARY</dependent>
          </dep>
          <dep type="nsubj">
            <governor idx="4">TRYING</governor>
            <dependent idx="2">INTELLIGENCE</dependent>
          </dep>
          <dep type="aux">
            <governor idx="4">TRYING</governor>
            <dependent idx="3">IS</dependent>
          </dep>
          <dep type="mark">
            <governor idx="6">DETERMINE</governor>
            <dependent idx="5">TO</dependent>
          </dep>
          <dep type="xcomp">
            <governor idx="4">TRYING</governor>
            <dependent idx="6">DETERMINE</dependent>
          </dep>
          <dep type="det">
            <governor idx="8">CONNECTIONS</governor>
            <dependent idx="7">THE</dependent>
          </dep>
          <dep type="dobj">
            <governor idx="6">DETERMINE</governor>
            <dependent idx="8">CONNECTIONS</dependent>
          </dep>
          <dep type="cc">
            <governor idx="8">CONNECTIONS</governor>
            <dependent idx="9">AND</dependent>
          </dep>
          <dep type="conj:and">
            <governor idx="8">CONNECTIONS</governor>
            <dependent idx="10">MOTIVES</dependent>
          </dep>
          <dep type="case">
            <governor idx="12">THESE</governor>
            <dependent idx="11">OF</dependent>
          </dep>
          <dep type="nmod:of">
            <governor idx="8">CONNECTIONS</governor>
            <dependent idx="12">THESE</dependent>
          </dep>
          <dep type="acl">
            <governor idx="12">THESE</governor>
            <dependent idx="13">ALLEGED</dependent>
          </dep>
          <dep type="amod">
            <governor idx="16">OFFICERS</governor>
            <dependent idx="14">ISRAELI</dependent>
          </dep>
          <dep type="amod">
            <governor idx="16">OFFICERS</governor>
            <dependent idx="15">MILITARY</dependent>
          </dep>
          <dep type="dobj">
            <governor idx="13">ALLEGED</governor>
            <dependent idx="16">OFFICERS</dependent>
          </dep>
        </dependencies>
        <dependencies type="collapsed-ccprocessed-dependencies">
          <dep type="root">
            <governor idx="0">ROOT</governor>
            <dependent idx="4">TRYING</dependent>
          </dep>
          <dep type="amod">
            <governor idx="2">INTELLIGENCE</governor>
            <dependent idx="1">MILITARY</dependent>
          </dep>
          <dep type="nsubj">
            <governor idx="4">TRYING</governor>
            <dependent idx="2">INTELLIGENCE</dependent>
          </dep>
          <dep type="aux">
            <governor idx="4">TRYING</governor>
            <dependent idx="3">IS</dependent>
          </dep>
          <dep type="mark">
            <governor idx="6">DETERMINE</governor>
            <dependent idx="5">TO</dependent>
          </dep>
          <dep type="xcomp">
            <governor idx="4">TRYING</governor>
            <dependent idx="6">DETERMINE</dependent>
          </dep>
          <dep type="det">
            <governor idx="8">CONNECTIONS</governor>
            <dependent idx="7">THE</dependent>
          </dep>
          <dep type="dobj">
            <governor idx="6">DETERMINE</governor>
            <dependent idx="8">CONNECTIONS</dependent>
          </dep>
          <dep type="cc">
            <governor idx="8">CONNECTIONS</governor>
            <dependent idx="9">AND</dependent>
          </dep>
          <dep type="dobj" extra="true">
            <governor idx="6">DETERMINE</governor>
            <dependent idx="10">MOTIVES</dependent>
          </dep>
          <dep type="conj:and">
            <governor idx="8">CONNECTIONS</governor>
            <dependent idx="10">MOTIVES</dependent>
          </dep>
          <dep type="case">
            <governor idx="12">THESE</governor>
            <dependent idx="11">OF</dependent>
          </dep>
          <dep type="nmod:of">
            <governor idx="8">CONNECTIONS</governor>
            <dependent idx="12">THESE</dependent>
          </dep>
          <dep type="acl">
            <governor idx="12">THESE</governor>
            <dependent idx="13">ALLEGED</dependent>
          </dep>
          <dep type="amod">
            <governor idx="16">OFFICERS</governor>
            <dependent idx="14">ISRAELI</dependent>
          </dep>
          <dep type="amod">
            <governor idx="16">OFFICERS</governor>
            <dependent idx="15">MILITARY</dependent>
          </dep>
          <dep type="dobj">
            <governor idx="13">ALLEGED</governor>
            <dependent idx="16">OFFICERS</dependent>
          </dep>
        </dependencies>
      </sentence>
    </sentences>
    <coreference>
      <coreference>
        <mention representative="true">
          <sentence>1</sentence>
          <start>1</start>
          <end>2</end>
          <head>1</head>
          <text>BOGOTA</text>
        </mention>
        <mention>
          <sentence>1</sentence>
          <start>18</start>
          <end>19</end>
          <head>18</head>
          <text>BOGOTA</text>
        </mention>
      </coreference>
      <coreference>
        <mention representative="true">
          <sentence>1</sentence>
          <start>25</start>
          <end>26</end>
          <head>25</head>
          <text>TWO</text>
        </mention>
        <mention>
          <sentence>2</sentence>
          <start>22</start>
          <end>23</end>
          <head>22</head>
          <text>TWO</text>
        </mention>
      </coreference>
      <coreference>
        <mention representative="true">
          <sentence>1</sentence>
          <start>20</start>
          <end>23</end>
          <head>22</head>
          <text>MILITARY INTELLIGENCE MEMBERS</text>
        </mention>
        <mention>
          <sentence>1</sentence>
          <start>29</start>
          <end>30</end>
          <head>29</head>
          <text>THEY</text>
        </mention>
        <mention>
          <sentence>2</sentence>
          <start>4</start>
          <end>5</end>
          <head>4</head>
          <text>THEY</text>
        </mention>
      </coreference>
      <coreference>
        <mention representative="true">
          <sentence>1</sentence>
          <start>25</start>
          <end>37</end>
          <head>26</head>
          <text>TWO ISRAELIS WHO SAID THEY ARE COLONEL HEGEJAM SETER AND MAJOR ESKENASI</text>
        </mention>
        <mention>
          <sentence>2</sentence>
          <start>1</start>
          <end>3</end>
          <head>2</head>
          <text>THE ISRAELIS</text>
        </mention>
      </coreference>
    </coreference>
  </document>
</root>
