<?xml version="1.0" encoding="ASCII"?>
<?xml-stylesheet href="CoreNLP-to-HTML.xsl" type="text/xsl"?>
<root>
  <document>
    <sentences>
      <sentence id="1">
        <tokens>
          <token id="1">
            <word>BOGOTA</word>
            <lemma>BOGOTA</lemma>
            <CharacterOffsetBegin>3</CharacterOffsetBegin>
            <CharacterOffsetEnd>9</CharacterOffsetEnd>
            <POS>NNP</POS>
            <NER>LOCATION</NER>
            <Speaker>PER0</Speaker>
          </token>
          <token id="2">
            <word>,</word>
            <lemma>,</lemma>
            <CharacterOffsetBegin>9</CharacterOffsetBegin>
            <CharacterOffsetEnd>10</CharacterOffsetEnd>
            <POS>,</POS>
            <NER>O</NER>
            <Speaker>PER0</Speaker>
          </token>
          <token id="3">
            <word>6</word>
            <lemma>6</lemma>
            <CharacterOffsetBegin>11</CharacterOffsetBegin>
            <CharacterOffsetEnd>12</CharacterOffsetEnd>
            <POS>CD</POS>
            <NER>DATE</NER>
            <NormalizedNER>XXXX-10-06</NormalizedNER>
            <Speaker>PER0</Speaker>
            <Timex tid="t1" type="DATE">XXXX-10-06</Timex>
          </token>
          <token id="4">
            <word>OCT</word>
            <lemma>oct</lemma>
            <CharacterOffsetBegin>13</CharacterOffsetBegin>
            <CharacterOffsetEnd>16</CharacterOffsetEnd>
            <POS>NN</POS>
            <NER>DATE</NER>
            <NormalizedNER>XXXX-10-06</NormalizedNER>
            <Speaker>PER0</Speaker>
            <Timex tid="t1" type="DATE">XXXX-10-06</Timex>
          </token>
          <token id="5">
            <word>89</word>
            <lemma>89</lemma>
            <CharacterOffsetBegin>17</CharacterOffsetBegin>
            <CharacterOffsetEnd>19</CharacterOffsetEnd>
            <POS>CD</POS>
            <NER>NUMBER</NER>
            <NormalizedNER>89.0</NormalizedNER>
            <Speaker>PER0</Speaker>
          </token>
          <token id="6">
            <word>-LRB-</word>
            <lemma>-lrb-</lemma>
            <CharacterOffsetBegin>20</CharacterOffsetBegin>
            <CharacterOffsetEnd>21</CharacterOffsetEnd>
            <POS>-LRB-</POS>
            <NER>O</NER>
            <Speaker>PER0</Speaker>
          </token>
          <token id="7">
            <word>RADIO</word>
            <lemma>radio</lemma>
            <CharacterOffsetBegin>21</CharacterOffsetBegin>
            <CharacterOffsetEnd>26</CharacterOffsetEnd>
            <POS>NN</POS>
            <NER>ORGANIZATION</NER>
            <Speaker>PER0</Speaker>
          </token>
          <token id="8">
            <word>CADENA</word>
            <lemma>CADENA</lemma>
            <CharacterOffsetBegin>27</CharacterOffsetBegin>
            <CharacterOffsetEnd>33</CharacterOffsetEnd>
            <POS>NNP</POS>
            <NER>ORGANIZATION</NER>
            <Speaker>PER0</Speaker>
          </token>
          <token id="9">
            <word>NACIONAL</word>
            <lemma>NACIONAL</lemma>
            <CharacterOffsetBegin>34</CharacterOffsetBegin>
            <CharacterOffsetEnd>42</CharacterOffsetEnd>
            <POS>NNP</POS>
            <NER>ORGANIZATION</NER>
            <Speaker>PER0</Speaker>
          </token>
          <token id="10">
            <word>-RRB-</word>
            <lemma>-rrb-</lemma>
            <CharacterOffsetBegin>42</CharacterOffsetBegin>
            <CharacterOffsetEnd>43</CharacterOffsetEnd>
            <POS>-RRB-</POS>
            <NER>O</NER>
            <Speaker>PER0</Speaker>
          </token>
          <token id="11">
            <word>--</word>
            <lemma>--</lemma>
            <CharacterOffsetBegin>44</CharacterOffsetBegin>
            <CharacterOffsetEnd>46</CharacterOffsetEnd>
            <POS>:</POS>
            <NER>O</NER>
            <Speaker>PER0</Speaker>
          </token>
          <token id="12">
            <word>-LSB-</word>
            <lemma>-lsb-</lemma>
            <CharacterOffsetBegin>47</CharacterOffsetBegin>
            <CharacterOffsetEnd>48</CharacterOffsetEnd>
            <POS>-LRB-</POS>
            <NER>O</NER>
            <Speaker>PER0</Speaker>
          </token>
          <token id="13">
            <word>TEXT</word>
            <lemma>text</lemma>
            <CharacterOffsetBegin>48</CharacterOffsetBegin>
            <CharacterOffsetEnd>52</CharacterOffsetEnd>
            <POS>NN</POS>
            <NER>O</NER>
            <Speaker>PER0</Speaker>
          </token>
          <token id="14">
            <word>-RSB-</word>
            <lemma>-rsb-</lemma>
            <CharacterOffsetBegin>52</CharacterOffsetBegin>
            <CharacterOffsetEnd>53</CharacterOffsetEnd>
            <POS>-RRB-</POS>
            <NER>O</NER>
            <Speaker>PER0</Speaker>
          </token>
          <token id="15">
            <word>TWO</word>
            <lemma>two</lemma>
            <CharacterOffsetBegin>54</CharacterOffsetBegin>
            <CharacterOffsetEnd>57</CharacterOffsetEnd>
            <POS>CD</POS>
            <NER>NUMBER</NER>
            <NormalizedNER>2.0</NormalizedNER>
            <Speaker>PER0</Speaker>
          </token>
          <token id="16">
            <word>TERRORIST</word>
            <lemma>terrorist</lemma>
            <CharacterOffsetBegin>58</CharacterOffsetBegin>
            <CharacterOffsetEnd>67</CharacterOffsetEnd>
            <POS>JJ</POS>
            <NER>O</NER>
            <Speaker>PER0</Speaker>
          </token>
          <token id="17">
            <word>BOMBINGS</word>
            <lemma>bombing</lemma>
            <CharacterOffsetBegin>68</CharacterOffsetBegin>
            <CharacterOffsetEnd>76</CharacterOffsetEnd>
            <POS>NNS</POS>
            <NER>O</NER>
            <Speaker>PER0</Speaker>
          </token>
          <token id="18">
            <word>IN</word>
            <lemma>in</lemma>
            <CharacterOffsetBegin>77</CharacterOffsetBegin>
            <CharacterOffsetEnd>79</CharacterOffsetEnd>
            <POS>IN</POS>
            <NER>O</NER>
            <Speaker>PER0</Speaker>
          </token>
          <token id="19">
            <word>NORTHERN</word>
            <lemma>northern</lemma>
            <CharacterOffsetBegin>80</CharacterOffsetBegin>
            <CharacterOffsetEnd>88</CharacterOffsetEnd>
            <POS>JJ</POS>
            <NER>O</NER>
            <Speaker>PER0</Speaker>
          </token>
          <token id="20">
            <word>BOGOTA</word>
            <lemma>BOGOTA</lemma>
            <CharacterOffsetBegin>89</CharacterOffsetBegin>
            <CharacterOffsetEnd>95</CharacterOffsetEnd>
            <POS>NNP</POS>
            <NER>LOCATION</NER>
            <Speaker>PER0</Speaker>
          </token>
          <token id="21">
            <word>HAVE</word>
            <lemma>have</lemma>
            <CharacterOffsetBegin>96</CharacterOffsetBegin>
            <CharacterOffsetEnd>100</CharacterOffsetEnd>
            <POS>VBP</POS>
            <NER>O</NER>
            <Speaker>PER0</Speaker>
          </token>
          <token id="22">
            <word>WOUNDED</word>
            <lemma>wound</lemma>
            <CharacterOffsetBegin>101</CharacterOffsetBegin>
            <CharacterOffsetEnd>108</CharacterOffsetEnd>
            <POS>VBN</POS>
            <NER>O</NER>
            <Speaker>PER0</Speaker>
          </token>
          <token id="23">
            <word>SIX</word>
            <lemma>six</lemma>
            <CharacterOffsetBegin>109</CharacterOffsetBegin>
            <CharacterOffsetEnd>112</CharacterOffsetEnd>
            <POS>CD</POS>
            <NER>NUMBER</NER>
            <NormalizedNER>6.0</NormalizedNER>
            <Speaker>PER0</Speaker>
          </token>
          <token id="24">
            <word>PERSONS</word>
            <lemma>person</lemma>
            <CharacterOffsetBegin>113</CharacterOffsetBegin>
            <CharacterOffsetEnd>120</CharacterOffsetEnd>
            <POS>NNS</POS>
            <NER>O</NER>
            <Speaker>PER0</Speaker>
          </token>
          <token id="25">
            <word>AND</word>
            <lemma>and</lemma>
            <CharacterOffsetBegin>121</CharacterOffsetBegin>
            <CharacterOffsetEnd>124</CharacterOffsetEnd>
            <POS>CC</POS>
            <NER>O</NER>
            <Speaker>PER0</Speaker>
          </token>
          <token id="26">
            <word>CAUSED</word>
            <lemma>cause</lemma>
            <CharacterOffsetBegin>125</CharacterOffsetBegin>
            <CharacterOffsetEnd>131</CharacterOffsetEnd>
            <POS>VBD</POS>
            <NER>O</NER>
            <Speaker>PER0</Speaker>
          </token>
          <token id="27">
            <word>CONSIDERABLE</word>
            <lemma>considerable</lemma>
            <CharacterOffsetBegin>132</CharacterOffsetBegin>
            <CharacterOffsetEnd>144</CharacterOffsetEnd>
            <POS>JJ</POS>
            <NER>O</NER>
            <Speaker>PER0</Speaker>
          </token>
          <token id="28">
            <word>DAMAGE</word>
            <lemma>damage</lemma>
            <CharacterOffsetBegin>145</CharacterOffsetBegin>
            <CharacterOffsetEnd>151</CharacterOffsetEnd>
            <POS>NN</POS>
            <NER>O</NER>
            <Speaker>PER0</Speaker>
          </token>
          <token id="29">
            <word>.</word>
            <lemma>.</lemma>
            <CharacterOffsetBegin>151</CharacterOffsetBegin>
            <CharacterOffsetEnd>152</CharacterOffsetEnd>
            <POS>.</POS>
            <NER>O</NER>
            <Speaker>PER0</Speaker>
          </token>
        </tokens>
        <parse>(ROOT (S (NP (NP (NNP BOGOTA)) (, ,) (NP (NP (NP (CD 6) (NN OCT)) (NP (NP (CD 89)) (-LRB- -LRB-) (NP (NN RADIO) (NNP CADENA) (NNP NACIONAL)) (-RRB- -RRB-))) (: --) (NP (NP (-LRB- -LSB-) (NN TEXT)) (PP (-RRB- -RSB-) (NP (NP (CD TWO) (JJ TERRORIST) (NNS BOMBINGS)) (PP (IN IN) (NP (JJ NORTHERN) (NNP BOGOTA)))))))) (VP (VP (VBP HAVE) (VP (VBN WOUNDED) (NP (CD SIX) (NNS PERSONS)))) (CC AND) (VP (VBD CAUSED) (NP (JJ CONSIDERABLE) (NN DAMAGE)))) (. .))) </parse>
        <dependencies type="basic-dependencies">
          <dep type="root">
            <governor idx="0">ROOT</governor>
            <dependent idx="22">WOUNDED</dependent>
          </dep>
          <dep type="nsubj">
            <governor idx="22">WOUNDED</governor>
            <dependent idx="1">BOGOTA</dependent>
          </dep>
          <dep type="nummod">
            <governor idx="4">OCT</governor>
            <dependent idx="3">6</dependent>
          </dep>
          <dep type="appos">
            <governor idx="1">BOGOTA</governor>
            <dependent idx="4">OCT</dependent>
          </dep>
          <dep type="dep">
            <governor idx="4">OCT</governor>
            <dependent idx="5">89</dependent>
          </dep>
          <dep type="compound">
            <governor idx="9">NACIONAL</governor>
            <dependent idx="7">RADIO</dependent>
          </dep>
          <dep type="compound">
            <governor idx="9">NACIONAL</governor>
            <dependent idx="8">CADENA</dependent>
          </dep>
          <dep type="dep">
            <governor idx="5">89</governor>
            <dependent idx="9">NACIONAL</dependent>
          </dep>
          <dep type="dep">
            <governor idx="4">OCT</governor>
            <dependent idx="13">TEXT</dependent>
          </dep>
          <dep type="nummod">
            <governor idx="17">BOMBINGS</governor>
            <dependent idx="15">TWO</dependent>
          </dep>
          <dep type="amod">
            <governor idx="17">BOMBINGS</governor>
            <dependent idx="16">TERRORIST</dependent>
          </dep>
          <dep type="nmod">
            <governor idx="13">TEXT</governor>
            <dependent idx="17">BOMBINGS</dependent>
          </dep>
          <dep type="case">
            <governor idx="20">BOGOTA</governor>
            <dependent idx="18">IN</dependent>
          </dep>
          <dep type="amod">
            <governor idx="20">BOGOTA</governor>
            <dependent idx="19">NORTHERN</dependent>
          </dep>
          <dep type="nmod">
            <governor idx="17">BOMBINGS</governor>
            <dependent idx="20">BOGOTA</dependent>
          </dep>
          <dep type="aux">
            <governor idx="22">WOUNDED</governor>
            <dependent idx="21">HAVE</dependent>
          </dep>
          <dep type="nummod">
            <governor idx="24">PERSONS</governor>
            <dependent idx="23">SIX</dependent>
          </dep>
          <dep type="dobj">
            <governor idx="22">WOUNDED</governor>
            <dependent idx="24">PERSONS</dependent>
          </dep>
          <dep type="cc">
            <governor idx="22">WOUNDED</governor>
            <dependent idx="25">AND</dependent>
          </dep>
          <dep type="conj">
            <governor idx="22">WOUNDED</governor>
            <dependent idx="26">CAUSED</dependent>
          </dep>
          <dep type="amod">
            <governor idx="28">DAMAGE</governor>
            <dependent idx="27">CONSIDERABLE</dependent>
          </dep>
          <dep type="dobj">
            <governor idx="26">CAUSED</governor>
            <dependent idx="28">DAMAGE</dependent>
          </dep>
        </dependencies>
        <dependencies type="collapsed-dependencies">
          <dep type="root">
            <governor idx="0">ROOT</governor>
            <dependent idx="22">WOUNDED</dependent>
          </dep>
          <dep type="nsubj">
            <governor idx="22">WOUNDED</governor>
            <dependent idx="1">BOGOTA</dependent>
          </dep>
          <dep type="nummod">
            <governor idx="4">OCT</governor>
            <dependent idx="3">6</dependent>
          </dep>
          <dep type="appos">
            <governor idx="1">BOGOTA</governor>
            <dependent idx="4">OCT</dependent>
          </dep>
          <dep type="dep">
            <governor idx="4">OCT</governor>
            <dependent idx="5">89</dependent>
          </dep>
          <dep type="compound">
            <governor idx="9">NACIONAL</governor>
            <dependent idx="7">RADIO</dependent>
          </dep>
          <dep type="compound">
            <governor idx="9">NACIONAL</governor>
            <dependent idx="8">CADENA</dependent>
          </dep>
          <dep type="dep">
            <governor idx="5">89</governor>
            <dependent idx="9">NACIONAL</dependent>
          </dep>
          <dep type="dep">
            <governor idx="4">OCT</governor>
            <dependent idx="13">TEXT</dependent>
          </dep>
          <dep type="nummod">
            <governor idx="17">BOMBINGS</governor>
            <dependent idx="15">TWO</dependent>
          </dep>
          <dep type="amod">
            <governor idx="17">BOMBINGS</governor>
            <dependent idx="16">TERRORIST</dependent>
          </dep>
          <dep type="nmod">
            <governor idx="13">TEXT</governor>
            <dependent idx="17">BOMBINGS</dependent>
          </dep>
          <dep type="case">
            <governor idx="20">BOGOTA</governor>
            <dependent idx="18">IN</dependent>
          </dep>
          <dep type="amod">
            <governor idx="20">BOGOTA</governor>
            <dependent idx="19">NORTHERN</dependent>
          </dep>
          <dep type="nmod:in">
            <governor idx="17">BOMBINGS</governor>
            <dependent idx="20">BOGOTA</dependent>
          </dep>
          <dep type="aux">
            <governor idx="22">WOUNDED</governor>
            <dependent idx="21">HAVE</dependent>
          </dep>
          <dep type="nummod">
            <governor idx="24">PERSONS</governor>
            <dependent idx="23">SIX</dependent>
          </dep>
          <dep type="dobj">
            <governor idx="22">WOUNDED</governor>
            <dependent idx="24">PERSONS</dependent>
          </dep>
          <dep type="cc">
            <governor idx="22">WOUNDED</governor>
            <dependent idx="25">AND</dependent>
          </dep>
          <dep type="conj:and">
            <governor idx="22">WOUNDED</governor>
            <dependent idx="26">CAUSED</dependent>
          </dep>
          <dep type="amod">
            <governor idx="28">DAMAGE</governor>
            <dependent idx="27">CONSIDERABLE</dependent>
          </dep>
          <dep type="dobj">
            <governor idx="26">CAUSED</governor>
            <dependent idx="28">DAMAGE</dependent>
          </dep>
        </dependencies>
        <dependencies type="collapsed-ccprocessed-dependencies">
          <dep type="root">
            <governor idx="0">ROOT</governor>
            <dependent idx="22">WOUNDED</dependent>
          </dep>
          <dep type="nsubj">
            <governor idx="22">WOUNDED</governor>
            <dependent idx="1">BOGOTA</dependent>
          </dep>
          <dep type="nsubj" extra="true">
            <governor idx="26">CAUSED</governor>
            <dependent idx="1">BOGOTA</dependent>
          </dep>
          <dep type="nummod">
            <governor idx="4">OCT</governor>
            <dependent idx="3">6</dependent>
          </dep>
          <dep type="appos">
            <governor idx="1">BOGOTA</governor>
            <dependent idx="4">OCT</dependent>
          </dep>
          <dep type="dep">
            <governor idx="4">OCT</governor>
            <dependent idx="5">89</dependent>
          </dep>
          <dep type="compound">
            <governor idx="9">NACIONAL</governor>
            <dependent idx="7">RADIO</dependent>
          </dep>
          <dep type="compound">
            <governor idx="9">NACIONAL</governor>
            <dependent idx="8">CADENA</dependent>
          </dep>
          <dep type="dep">
            <governor idx="5">89</governor>
            <dependent idx="9">NACIONAL</dependent>
          </dep>
          <dep type="dep">
            <governor idx="4">OCT</governor>
            <dependent idx="13">TEXT</dependent>
          </dep>
          <dep type="nummod">
            <governor idx="17">BOMBINGS</governor>
            <dependent idx="15">TWO</dependent>
          </dep>
          <dep type="amod">
            <governor idx="17">BOMBINGS</governor>
            <dependent idx="16">TERRORIST</dependent>
          </dep>
          <dep type="nmod">
            <governor idx="13">TEXT</governor>
            <dependent idx="17">BOMBINGS</dependent>
          </dep>
          <dep type="case">
            <governor idx="20">BOGOTA</governor>
            <dependent idx="18">IN</dependent>
          </dep>
          <dep type="amod">
            <governor idx="20">BOGOTA</governor>
            <dependent idx="19">NORTHERN</dependent>
          </dep>
          <dep type="nmod:in">
            <governor idx="17">BOMBINGS</governor>
            <dependent idx="20">BOGOTA</dependent>
          </dep>
          <dep type="aux">
            <governor idx="22">WOUNDED</governor>
            <dependent idx="21">HAVE</dependent>
          </dep>
          <dep type="nummod">
            <governor idx="24">PERSONS</governor>
            <dependent idx="23">SIX</dependent>
          </dep>
          <dep type="dobj">
            <governor idx="22">WOUNDED</governor>
            <dependent idx="24">PERSONS</dependent>
          </dep>
          <dep type="cc">
            <governor idx="22">WOUNDED</governor>
            <dependent idx="25">AND</dependent>
          </dep>
          <dep type="conj:and">
            <governor idx="22">WOUNDED</governor>
            <dependent idx="26">CAUSED</dependent>
          </dep>
          <dep type="amod">
            <governor idx="28">DAMAGE</governor>
            <dependent idx="27">CONSIDERABLE</dependent>
          </dep>
          <dep type="dobj">
            <governor idx="26">CAUSED</governor>
            <dependent idx="28">DAMAGE</dependent>
          </dep>
        </dependencies>
      </sentence>
      <sentence id="2">
        <tokens>
          <token id="1">
            <word>THE</word>
            <lemma>the</lemma>
            <CharacterOffsetBegin>157</CharacterOffsetBegin>
            <CharacterOffsetEnd>160</CharacterOffsetEnd>
            <POS>DT</POS>
            <NER>O</NER>
            <Speaker>PER0</Speaker>
          </token>
          <token id="2">
            <word>COMMANDER</word>
            <lemma>commander</lemma>
            <CharacterOffsetBegin>161</CharacterOffsetBegin>
            <CharacterOffsetEnd>170</CharacterOffsetEnd>
            <POS>NN</POS>
            <NER>O</NER>
            <Speaker>PER0</Speaker>
          </token>
          <token id="3">
            <word>OF</word>
            <lemma>of</lemma>
            <CharacterOffsetBegin>171</CharacterOffsetBegin>
            <CharacterOffsetEnd>173</CharacterOffsetEnd>
            <POS>IN</POS>
            <NER>O</NER>
            <Speaker>PER0</Speaker>
          </token>
          <token id="4">
            <word>THE</word>
            <lemma>the</lemma>
            <CharacterOffsetBegin>174</CharacterOffsetBegin>
            <CharacterOffsetEnd>177</CharacterOffsetEnd>
            <POS>DT</POS>
            <NER>O</NER>
            <Speaker>PER0</Speaker>
          </token>
          <token id="5">
            <word>METROPOLITAN</word>
            <lemma>metropolitan</lemma>
            <CharacterOffsetBegin>178</CharacterOffsetBegin>
            <CharacterOffsetEnd>190</CharacterOffsetEnd>
            <POS>JJ</POS>
            <NER>O</NER>
            <Speaker>PER0</Speaker>
          </token>
          <token id="6">
            <word>POLICE</word>
            <lemma>police</lemma>
            <CharacterOffsetBegin>191</CharacterOffsetBegin>
            <CharacterOffsetEnd>197</CharacterOffsetEnd>
            <POS>NN</POS>
            <NER>O</NER>
            <Speaker>PER0</Speaker>
          </token>
          <token id="7">
            <word>REPORTED</word>
            <lemma>report</lemma>
            <CharacterOffsetBegin>198</CharacterOffsetBegin>
            <CharacterOffsetEnd>206</CharacterOffsetEnd>
            <POS>VBD</POS>
            <NER>O</NER>
            <Speaker>PER0</Speaker>
          </token>
          <token id="8">
            <word>THAT</word>
            <lemma>that</lemma>
            <CharacterOffsetBegin>207</CharacterOffsetBegin>
            <CharacterOffsetEnd>211</CharacterOffsetEnd>
            <POS>IN</POS>
            <NER>O</NER>
            <Speaker>PER0</Speaker>
          </token>
          <token id="9">
            <word>THE</word>
            <lemma>the</lemma>
            <CharacterOffsetBegin>212</CharacterOffsetBegin>
            <CharacterOffsetEnd>215</CharacterOffsetEnd>
            <POS>DT</POS>
            <NER>O</NER>
            <Speaker>PER0</Speaker>
          </token>
          <token id="10">
            <word>FIRST</word>
            <lemma>first</lemma>
            <CharacterOffsetBegin>216</CharacterOffsetBegin>
            <CharacterOffsetEnd>221</CharacterOffsetEnd>
            <POS>JJ</POS>
            <NER>ORDINAL</NER>
            <NormalizedNER>1.0</NormalizedNER>
            <Speaker>PER0</Speaker>
          </token>
          <token id="11">
            <word>BOMB</word>
            <lemma>bomb</lemma>
            <CharacterOffsetBegin>222</CharacterOffsetBegin>
            <CharacterOffsetEnd>226</CharacterOffsetEnd>
            <POS>NN</POS>
            <NER>O</NER>
            <Speaker>PER0</Speaker>
          </token>
          <token id="12">
            <word>WAS</word>
            <lemma>be</lemma>
            <CharacterOffsetBegin>227</CharacterOffsetBegin>
            <CharacterOffsetEnd>230</CharacterOffsetEnd>
            <POS>VBD</POS>
            <NER>O</NER>
            <Speaker>PER0</Speaker>
          </token>
          <token id="13">
            <word>PLACED</word>
            <lemma>place</lemma>
            <CharacterOffsetBegin>231</CharacterOffsetBegin>
            <CharacterOffsetEnd>237</CharacterOffsetEnd>
            <POS>VBN</POS>
            <NER>O</NER>
            <Speaker>PER0</Speaker>
          </token>
          <token id="14">
            <word>AT</word>
            <lemma>at</lemma>
            <CharacterOffsetBegin>238</CharacterOffsetBegin>
            <CharacterOffsetEnd>240</CharacterOffsetEnd>
            <POS>IN</POS>
            <NER>O</NER>
            <Speaker>PER0</Speaker>
          </token>
          <token id="15">
            <word>A</word>
            <lemma>a</lemma>
            <CharacterOffsetBegin>241</CharacterOffsetBegin>
            <CharacterOffsetEnd>242</CharacterOffsetEnd>
            <POS>DT</POS>
            <NER>O</NER>
            <Speaker>PER0</Speaker>
          </token>
          <token id="16">
            <word>COLPATRIA</word>
            <lemma>COLPATRIA</lemma>
            <CharacterOffsetBegin>243</CharacterOffsetBegin>
            <CharacterOffsetEnd>252</CharacterOffsetEnd>
            <POS>NNP</POS>
            <NER>O</NER>
            <Speaker>PER0</Speaker>
          </token>
          <token id="17">
            <word>BANK</word>
            <lemma>BANK</lemma>
            <CharacterOffsetBegin>253</CharacterOffsetBegin>
            <CharacterOffsetEnd>257</CharacterOffsetEnd>
            <POS>NNP</POS>
            <NER>O</NER>
            <Speaker>PER0</Speaker>
          </token>
          <token id="18">
            <word>BRANCH</word>
            <lemma>branch</lemma>
            <CharacterOffsetBegin>258</CharacterOffsetBegin>
            <CharacterOffsetEnd>264</CharacterOffsetEnd>
            <POS>NN</POS>
            <NER>O</NER>
            <Speaker>PER0</Speaker>
          </token>
          <token id="19">
            <word>ON</word>
            <lemma>on</lemma>
            <CharacterOffsetBegin>265</CharacterOffsetBegin>
            <CharacterOffsetEnd>267</CharacterOffsetEnd>
            <POS>IN</POS>
            <NER>O</NER>
            <Speaker>PER0</Speaker>
          </token>
          <token id="20">
            <word>86TH</word>
            <lemma>86TH</lemma>
            <CharacterOffsetBegin>268</CharacterOffsetBegin>
            <CharacterOffsetEnd>272</CharacterOffsetEnd>
            <POS>NNP</POS>
            <NER>ORDINAL</NER>
            <NormalizedNER>86.0</NormalizedNER>
            <Speaker>PER0</Speaker>
          </token>
          <token id="21">
            <word>STREET</word>
            <lemma>STREET</lemma>
            <CharacterOffsetBegin>273</CharacterOffsetBegin>
            <CharacterOffsetEnd>279</CharacterOffsetEnd>
            <POS>NNP</POS>
            <NER>O</NER>
            <Speaker>PER0</Speaker>
          </token>
          <token id="22">
            <word>AND</word>
            <lemma>and</lemma>
            <CharacterOffsetBegin>280</CharacterOffsetBegin>
            <CharacterOffsetEnd>283</CharacterOffsetEnd>
            <POS>CC</POS>
            <NER>O</NER>
            <Speaker>PER0</Speaker>
          </token>
          <token id="23">
            <word>15TH</word>
            <lemma>15TH</lemma>
            <CharacterOffsetBegin>284</CharacterOffsetBegin>
            <CharacterOffsetEnd>288</CharacterOffsetEnd>
            <POS>NNP</POS>
            <NER>ORDINAL</NER>
            <NormalizedNER>15.0</NormalizedNER>
            <Speaker>PER0</Speaker>
          </token>
          <token id="24">
            <word>AVENUE</word>
            <lemma>AVENUE</lemma>
            <CharacterOffsetBegin>289</CharacterOffsetBegin>
            <CharacterOffsetEnd>295</CharacterOffsetEnd>
            <POS>NNP</POS>
            <NER>O</NER>
            <Speaker>PER0</Speaker>
          </token>
          <token id="25">
            <word>.</word>
            <lemma>.</lemma>
            <CharacterOffsetBegin>295</CharacterOffsetBegin>
            <CharacterOffsetEnd>296</CharacterOffsetEnd>
            <POS>.</POS>
            <NER>O</NER>
            <Speaker>PER0</Speaker>
          </token>
        </tokens>
        <parse>(ROOT (S (NP (NP (DT THE) (NN COMMANDER)) (PP (IN OF) (NP (DT THE) (JJ METROPOLITAN) (NN POLICE)))) (VP (VBD REPORTED) (SBAR (IN THAT) (S (NP (DT THE) (JJ FIRST) (NN BOMB)) (VP (VBD WAS) (VP (VBN PLACED) (PP (IN AT) (NP (DT A) (NNP COLPATRIA) (NNP BANK) (NN BRANCH))) (PP (IN ON) (NP (NP (NNP 86TH) (NNP STREET)) (CC AND) (NP (NNP 15TH) (NNP AVENUE))))))))) (. .))) </parse>
        <dependencies type="basic-dependencies">
          <dep type="root">
            <governor idx="0">ROOT</governor>
            <dependent idx="7">REPORTED</dependent>
          </dep>
          <dep type="det">
            <governor idx="2">COMMANDER</governor>
            <dependent idx="1">THE</dependent>
          </dep>
          <dep type="nsubj">
            <governor idx="7">REPORTED</governor>
            <dependent idx="2">COMMANDER</dependent>
          </dep>
          <dep type="case">
            <governor idx="6">POLICE</governor>
            <dependent idx="3">OF</dependent>
          </dep>
          <dep type="det">
            <governor idx="6">POLICE</governor>
            <dependent idx="4">THE</dependent>
          </dep>
          <dep type="amod">
            <governor idx="6">POLICE</governor>
            <dependent idx="5">METROPOLITAN</dependent>
          </dep>
          <dep type="nmod">
            <governor idx="2">COMMANDER</governor>
            <dependent idx="6">POLICE</dependent>
          </dep>
          <dep type="mark">
            <governor idx="13">PLACED</governor>
            <dependent idx="8">THAT</dependent>
          </dep>
          <dep type="det">
            <governor idx="11">BOMB</governor>
            <dependent idx="9">THE</dependent>
          </dep>
          <dep type="amod">
            <governor idx="11">BOMB</governor>
            <dependent idx="10">FIRST</dependent>
          </dep>
          <dep type="nsubjpass">
            <governor idx="13">PLACED</governor>
            <dependent idx="11">BOMB</dependent>
          </dep>
          <dep type="auxpass">
            <governor idx="13">PLACED</governor>
            <dependent idx="12">WAS</dependent>
          </dep>
          <dep type="ccomp">
            <governor idx="7">REPORTED</governor>
            <dependent idx="13">PLACED</dependent>
          </dep>
          <dep type="case">
            <governor idx="18">BRANCH</governor>
            <dependent idx="14">AT</dependent>
          </dep>
          <dep type="det">
            <governor idx="18">BRANCH</governor>
            <dependent idx="15">A</dependent>
          </dep>
          <dep type="compound">
            <governor idx="18">BRANCH</governor>
            <dependent idx="16">COLPATRIA</dependent>
          </dep>
          <dep type="compound">
            <governor idx="18">BRANCH</governor>
            <dependent idx="17">BANK</dependent>
          </dep>
          <dep type="nmod">
            <governor idx="13">PLACED</governor>
            <dependent idx="18">BRANCH</dependent>
          </dep>
          <dep type="case">
            <governor idx="21">STREET</governor>
            <dependent idx="19">ON</dependent>
          </dep>
          <dep type="compound">
            <governor idx="21">STREET</governor>
            <dependent idx="20">86TH</dependent>
          </dep>
          <dep type="nmod">
            <governor idx="13">PLACED</governor>
            <dependent idx="21">STREET</dependent>
          </dep>
          <dep type="cc">
            <governor idx="21">STREET</governor>
            <dependent idx="22">AND</dependent>
          </dep>
          <dep type="compound">
            <governor idx="24">AVENUE</governor>
            <dependent idx="23">15TH</dependent>
          </dep>
          <dep type="conj">
            <governor idx="21">STREET</governor>
            <dependent idx="24">AVENUE</dependent>
          </dep>
        </dependencies>
        <dependencies type="collapsed-dependencies">
          <dep type="root">
            <governor idx="0">ROOT</governor>
            <dependent idx="7">REPORTED</dependent>
          </dep>
          <dep type="det">
            <governor idx="2">COMMANDER</governor>
            <dependent idx="1">THE</dependent>
          </dep>
          <dep type="nsubj">
            <governor idx="7">REPORTED</governor>
            <dependent idx="2">COMMANDER</dependent>
          </dep>
          <dep type="case">
            <governor idx="6">POLICE</governor>
            <dependent idx="3">OF</dependent>
          </dep>
          <dep type="det">
            <governor idx="6">POLICE</governor>
            <dependent idx="4">THE</dependent>
          </dep>
          <dep type="amod">
            <governor idx="6">POLICE</governor>
            <dependent idx="5">METROPOLITAN</dependent>
          </dep>
          <dep type="nmod:of">
            <governor idx="2">COMMANDER</governor>
            <dependent idx="6">POLICE</dependent>
          </dep>
          <dep type="mark">
            <governor idx="13">PLACED</governor>
            <dependent idx="8">THAT</dependent>
          </dep>
          <dep type="det">
            <governor idx="11">BOMB</governor>
            <dependent idx="9">THE</dependent>
          </dep>
          <dep type="amod">
            <governor idx="11">BOMB</governor>
            <dependent idx="10">FIRST</dependent>
          </dep>
          <dep type="nsubjpass">
            <governor idx="13">PLACED</governor>
            <dependent idx="11">BOMB</dependent>
          </dep>
          <dep type="auxpass">
            <governor idx="13">PLACED</governor>
            <dependent idx="12">WAS</dependent>
          </dep>
          <dep type="ccomp">
            <governor idx="7">REPORTED</governor>
            <dependent idx="13">PLACED</dependent>
          </dep>
          <dep type="case">
            <governor idx="18">BRANCH</governor>
            <dependent idx="14">AT</dependent>
          </dep>
          <dep type="det">
            <governor idx="18">BRANCH</governor>
            <dependent idx="15">A</dependent>
          </dep>
          <dep type="compound">
            <governor idx="18">BRANCH</governor>
            <dependent idx="16">COLPATRIA</dependent>
          </dep>
          <dep type="compound">
            <governor idx="18">BRANCH</governor>
            <dependent idx="17">BANK</dependent>
          </dep>
          <dep type="nmod:at">
            <governor idx="13">PLACED</governor>
            <dependent idx="18">BRANCH</dependent>
          </dep>
          <dep type="case">
            <governor idx="21">STREET</governor>
            <dependent idx="19">ON</dependent>
          </dep>
          <dep type="compound">
            <governor idx="21">STREET</governor>
            <dependent idx="20">86TH</dependent>
          </dep>
          <dep type="nmod:on">
            <governor idx="13">PLACED</governor>
            <dependent idx="21">STREET</dependent>
          </dep>
          <dep type="cc">
            <governor idx="21">STREET</governor>
            <dependent idx="22">AND</dependent>
          </dep>
          <dep type="compound">
            <governor idx="24">AVENUE</governor>
            <dependent idx="23">15TH</dependent>
          </dep>
          <dep type="conj:and">
            <governor idx="21">STREET</governor>
            <dependent idx="24">AVENUE</dependent>
          </dep>
        </dependencies>
        <dependencies type="collapsed-ccprocessed-dependencies">
          <dep type="root">
            <governor idx="0">ROOT</governor>
            <dependent idx="7">REPORTED</dependent>
          </dep>
          <dep type="det">
            <governor idx="2">COMMANDER</governor>
            <dependent idx="1">THE</dependent>
          </dep>
          <dep type="nsubj">
            <governor idx="7">REPORTED</governor>
            <dependent idx="2">COMMANDER</dependent>
          </dep>
          <dep type="case">
            <governor idx="6">POLICE</governor>
            <dependent idx="3">OF</dependent>
          </dep>
          <dep type="det">
            <governor idx="6">POLICE</governor>
            <dependent idx="4">THE</dependent>
          </dep>
          <dep type="amod">
            <governor idx="6">POLICE</governor>
            <dependent idx="5">METROPOLITAN</dependent>
          </dep>
          <dep type="nmod:of">
            <governor idx="2">COMMANDER</governor>
            <dependent idx="6">POLICE</dependent>
          </dep>
          <dep type="mark">
            <governor idx="13">PLACED</governor>
            <dependent idx="8">THAT</dependent>
          </dep>
          <dep type="det">
            <governor idx="11">BOMB</governor>
            <dependent idx="9">THE</dependent>
          </dep>
          <dep type="amod">
            <governor idx="11">BOMB</governor>
            <dependent idx="10">FIRST</dependent>
          </dep>
          <dep type="nsubjpass">
            <governor idx="13">PLACED</governor>
            <dependent idx="11">BOMB</dependent>
          </dep>
          <dep type="auxpass">
            <governor idx="13">PLACED</governor>
            <dependent idx="12">WAS</dependent>
          </dep>
          <dep type="ccomp">
            <governor idx="7">REPORTED</governor>
            <dependent idx="13">PLACED</dependent>
          </dep>
          <dep type="case">
            <governor idx="18">BRANCH</governor>
            <dependent idx="14">AT</dependent>
          </dep>
          <dep type="det">
            <governor idx="18">BRANCH</governor>
            <dependent idx="15">A</dependent>
          </dep>
          <dep type="compound">
            <governor idx="18">BRANCH</governor>
            <dependent idx="16">COLPATRIA</dependent>
          </dep>
          <dep type="compound">
            <governor idx="18">BRANCH</governor>
            <dependent idx="17">BANK</dependent>
          </dep>
          <dep type="nmod:at">
            <governor idx="13">PLACED</governor>
            <dependent idx="18">BRANCH</dependent>
          </dep>
          <dep type="case">
            <governor idx="21">STREET</governor>
            <dependent idx="19">ON</dependent>
          </dep>
          <dep type="compound">
            <governor idx="21">STREET</governor>
            <dependent idx="20">86TH</dependent>
          </dep>
          <dep type="nmod:on">
            <governor idx="13">PLACED</governor>
            <dependent idx="21">STREET</dependent>
          </dep>
          <dep type="cc">
            <governor idx="21">STREET</governor>
            <dependent idx="22">AND</dependent>
          </dep>
          <dep type="compound">
            <governor idx="24">AVENUE</governor>
            <dependent idx="23">15TH</dependent>
          </dep>
          <dep type="nmod:on" extra="true">
            <governor idx="13">PLACED</governor>
            <dependent idx="24">AVENUE</dependent>
          </dep>
          <dep type="conj:and">
            <governor idx="21">STREET</governor>
            <dependent idx="24">AVENUE</dependent>
          </dep>
        </dependencies>
      </sentence>
      <sentence id="3">
        <tokens>
          <token id="1">
            <word>THIS</word>
            <lemma>this</lemma>
            <CharacterOffsetBegin>298</CharacterOffsetBegin>
            <CharacterOffsetEnd>302</CharacterOffsetEnd>
            <POS>DT</POS>
            <NER>O</NER>
            <Speaker>PER0</Speaker>
          </token>
          <token id="2">
            <word>BOMB</word>
            <lemma>bomb</lemma>
            <CharacterOffsetBegin>303</CharacterOffsetBegin>
            <CharacterOffsetEnd>307</CharacterOffsetEnd>
            <POS>NN</POS>
            <NER>O</NER>
            <Speaker>PER0</Speaker>
          </token>
          <token id="3">
            <word>CAUSED</word>
            <lemma>cause</lemma>
            <CharacterOffsetBegin>308</CharacterOffsetBegin>
            <CharacterOffsetEnd>314</CharacterOffsetEnd>
            <POS>VBD</POS>
            <NER>O</NER>
            <Speaker>PER0</Speaker>
          </token>
          <token id="4">
            <word>HEAVY</word>
            <lemma>heavy</lemma>
            <CharacterOffsetBegin>315</CharacterOffsetBegin>
            <CharacterOffsetEnd>320</CharacterOffsetEnd>
            <POS>JJ</POS>
            <NER>O</NER>
            <Speaker>PER0</Speaker>
          </token>
          <token id="5">
            <word>DAMAGE</word>
            <lemma>damage</lemma>
            <CharacterOffsetBegin>321</CharacterOffsetBegin>
            <CharacterOffsetEnd>327</CharacterOffsetEnd>
            <POS>NN</POS>
            <NER>O</NER>
            <Speaker>PER0</Speaker>
          </token>
          <token id="6">
            <word>TO</word>
            <lemma>to</lemma>
            <CharacterOffsetBegin>328</CharacterOffsetBegin>
            <CharacterOffsetEnd>330</CharacterOffsetEnd>
            <POS>TO</POS>
            <NER>O</NER>
            <Speaker>PER0</Speaker>
          </token>
          <token id="7">
            <word>THE</word>
            <lemma>the</lemma>
            <CharacterOffsetBegin>331</CharacterOffsetBegin>
            <CharacterOffsetEnd>334</CharacterOffsetEnd>
            <POS>DT</POS>
            <NER>O</NER>
            <Speaker>PER0</Speaker>
          </token>
          <token id="8">
            <word>BANK</word>
            <lemma>bank</lemma>
            <CharacterOffsetBegin>335</CharacterOffsetBegin>
            <CharacterOffsetEnd>339</CharacterOffsetEnd>
            <POS>NN</POS>
            <NER>O</NER>
            <Speaker>PER0</Speaker>
          </token>
          <token id="9">
            <word>AND</word>
            <lemma>and</lemma>
            <CharacterOffsetBegin>340</CharacterOffsetBegin>
            <CharacterOffsetEnd>343</CharacterOffsetEnd>
            <POS>CC</POS>
            <NER>O</NER>
            <Speaker>PER0</Speaker>
          </token>
          <token id="10">
            <word>WOUNDED</word>
            <lemma>wound</lemma>
            <CharacterOffsetBegin>344</CharacterOffsetBegin>
            <CharacterOffsetEnd>351</CharacterOffsetEnd>
            <POS>VBN</POS>
            <NER>O</NER>
            <Speaker>PER0</Speaker>
          </token>
          <token id="11">
            <word>SIX</word>
            <lemma>six</lemma>
            <CharacterOffsetBegin>352</CharacterOffsetBegin>
            <CharacterOffsetEnd>355</CharacterOffsetEnd>
            <POS>CD</POS>
            <NER>NUMBER</NER>
            <NormalizedNER>6.0</NormalizedNER>
            <Speaker>PER0</Speaker>
          </token>
          <token id="12">
            <word>PASSERSBY</word>
            <lemma>passersby</lemma>
            <CharacterOffsetBegin>356</CharacterOffsetBegin>
            <CharacterOffsetEnd>365</CharacterOffsetEnd>
            <POS>NNS</POS>
            <NER>O</NER>
            <Speaker>PER0</Speaker>
          </token>
          <token id="13">
            <word>.</word>
            <lemma>.</lemma>
            <CharacterOffsetBegin>365</CharacterOffsetBegin>
            <CharacterOffsetEnd>366</CharacterOffsetEnd>
            <POS>.</POS>
            <NER>O</NER>
            <Speaker>PER0</Speaker>
          </token>
        </tokens>
        <parse>(ROOT (S (NP (DT THIS) (NN BOMB)) (VP (VP (VBD CAUSED) (NP (JJ HEAVY) (NN DAMAGE)) (PP (TO TO) (NP (DT THE) (NN BANK)))) (CC AND) (VP (VBN WOUNDED) (NP (CD SIX) (NNS PASSERSBY)))) (. .))) </parse>
        <dependencies type="basic-dependencies">
          <dep type="root">
            <governor idx="0">ROOT</governor>
            <dependent idx="3">CAUSED</dependent>
          </dep>
          <dep type="det">
            <governor idx="2">BOMB</governor>
            <dependent idx="1">THIS</dependent>
          </dep>
          <dep type="nsubj">
            <governor idx="3">CAUSED</governor>
            <dependent idx="2">BOMB</dependent>
          </dep>
          <dep type="amod">
            <governor idx="5">DAMAGE</governor>
            <dependent idx="4">HEAVY</dependent>
          </dep>
          <dep type="dobj">
            <governor idx="3">CAUSED</governor>
            <dependent idx="5">DAMAGE</dependent>
          </dep>
          <dep type="case">
            <governor idx="8">BANK</governor>
            <dependent idx="6">TO</dependent>
          </dep>
          <dep type="det">
            <governor idx="8">BANK</governor>
            <dependent idx="7">THE</dependent>
          </dep>
          <dep type="nmod">
            <governor idx="3">CAUSED</governor>
            <dependent idx="8">BANK</dependent>
          </dep>
          <dep type="cc">
            <governor idx="3">CAUSED</governor>
            <dependent idx="9">AND</dependent>
          </dep>
          <dep type="conj">
            <governor idx="3">CAUSED</governor>
            <dependent idx="10">WOUNDED</dependent>
          </dep>
          <dep type="nummod">
            <governor idx="12">PASSERSBY</governor>
            <dependent idx="11">SIX</dependent>
          </dep>
          <dep type="dobj">
            <governor idx="10">WOUNDED</governor>
            <dependent idx="12">PASSERSBY</dependent>
          </dep>
        </dependencies>
        <dependencies type="collapsed-dependencies">
          <dep type="root">
            <governor idx="0">ROOT</governor>
            <dependent idx="3">CAUSED</dependent>
          </dep>
          <dep type="det">
            <governor idx="2">BOMB</governor>
            <dependent idx="1">THIS</dependent>
          </dep>
          <dep type="nsubj">
            <governor idx="3">CAUSED</governor>
            <dependent idx="2">BOMB</dependent>
          </dep>
          <dep type="amod">
            <governor idx="5">DAMAGE</governor>
            <dependent idx="4">HEAVY</dependent>
          </dep>
          <dep type="dobj">
            <governor idx="3">CAUSED</governor>
            <dependent idx="5">DAMAGE</dependent>
          </dep>
          <dep type="case">
            <governor idx="8">BANK</governor>
            <dependent idx="6">TO</dependent>
          </dep>
          <dep type="det">
            <governor idx="8">BANK</governor>
            <dependent idx="7">THE</dependent>
          </dep>
          <dep type="nmod:to">
            <governor idx="3">CAUSED</governor>
            <dependent idx="8">BANK</dependent>
          </dep>
          <dep type="cc">
            <governor idx="3">CAUSED</governor>
            <dependent idx="9">AND</dependent>
          </dep>
          <dep type="conj:and">
            <governor idx="3">CAUSED</governor>
            <dependent idx="10">WOUNDED</dependent>
          </dep>
          <dep type="nummod">
            <governor idx="12">PASSERSBY</governor>
            <dependent idx="11">SIX</dependent>
          </dep>
          <dep type="dobj">
            <governor idx="10">WOUNDED</governor>
            <dependent idx="12">PASSERSBY</dependent>
          </dep>
        </dependencies>
        <dependencies type="collapsed-ccprocessed-dependencies">
          <dep type="root">
            <governor idx="0">ROOT</governor>
            <dependent idx="3">CAUSED</dependent>
          </dep>
          <dep type="det">
            <governor idx="2">BOMB</governor>
            <dependent idx="1">THIS</dependent>
          </dep>
          <dep type="nsubj">
            <governor idx="3">CAUSED</governor>
            <dependent idx="2">BOMB</dependent>
          </dep>
          <dep type="nsubj" extra="true">
            <governor idx="10">WOUNDED</governor>
            <dependent idx="2">BOMB</dependent>
          </dep>
          <dep type="amod">
            <governor idx="5">DAMAGE</governor>
            <dependent idx="4">HEAVY</dependent>
          </dep>
          <dep type="dobj">
            <governor idx="3">CAUSED</governor>
            <dependent idx="5">DAMAGE</dependent>
          </dep>
          <dep type="case">
            <governor idx="8">BANK</governor>
            <dependent idx="6">TO</dependent>
          </dep>
          <dep type="det">
            <governor idx="8">BANK</governor>
            <dependent idx="7">THE</dependent>
          </dep>
          <dep type="nmod:to">
            <governor idx="3">CAUSED</governor>
            <dependent idx="8">BANK</dependent>
          </dep>
          <dep type="cc">
            <governor idx="3">CAUSED</governor>
            <dependent idx="9">AND</dependent>
          </dep>
          <dep type="conj:and">
            <governor idx="3">CAUSED</governor>
            <dependent idx="10">WOUNDED</dependent>
          </dep>
          <dep type="nummod">
            <governor idx="12">PASSERSBY</governor>
            <dependent idx="11">SIX</dependent>
          </dep>
          <dep type="dobj">
            <governor idx="10">WOUNDED</governor>
            <dependent idx="12">PASSERSBY</dependent>
          </dep>
        </dependencies>
      </sentence>
      <sentence id="4">
        <tokens>
          <token id="1">
            <word>THE</word>
            <lemma>the</lemma>
            <CharacterOffsetBegin>368</CharacterOffsetBegin>
            <CharacterOffsetEnd>371</CharacterOffsetEnd>
            <POS>DT</POS>
            <NER>O</NER>
            <Speaker>PER0</Speaker>
          </token>
          <token id="2">
            <word>WOUNDED</word>
            <lemma>wound</lemma>
            <CharacterOffsetBegin>372</CharacterOffsetBegin>
            <CharacterOffsetEnd>379</CharacterOffsetEnd>
            <POS>VBN</POS>
            <NER>O</NER>
            <Speaker>PER0</Speaker>
          </token>
          <token id="3">
            <word>WERE</word>
            <lemma>be</lemma>
            <CharacterOffsetBegin>380</CharacterOffsetBegin>
            <CharacterOffsetEnd>384</CharacterOffsetEnd>
            <POS>VBD</POS>
            <NER>O</NER>
            <Speaker>PER0</Speaker>
          </token>
          <token id="4">
            <word>TAKEN</word>
            <lemma>take</lemma>
            <CharacterOffsetBegin>385</CharacterOffsetBegin>
            <CharacterOffsetEnd>390</CharacterOffsetEnd>
            <POS>VBN</POS>
            <NER>O</NER>
            <Speaker>PER0</Speaker>
          </token>
          <token id="5">
            <word>TO</word>
            <lemma>to</lemma>
            <CharacterOffsetBegin>391</CharacterOffsetBegin>
            <CharacterOffsetEnd>393</CharacterOffsetEnd>
            <POS>TO</POS>
            <NER>O</NER>
            <Speaker>PER0</Speaker>
          </token>
          <token id="6">
            <word>THE</word>
            <lemma>the</lemma>
            <CharacterOffsetBegin>394</CharacterOffsetBegin>
            <CharacterOffsetEnd>397</CharacterOffsetEnd>
            <POS>DT</POS>
            <NER>O</NER>
            <Speaker>PER0</Speaker>
          </token>
          <token id="7">
            <word>COUNTRY</word>
            <lemma>country</lemma>
            <CharacterOffsetBegin>398</CharacterOffsetBegin>
            <CharacterOffsetEnd>405</CharacterOffsetEnd>
            <POS>NN</POS>
            <NER>O</NER>
            <Speaker>PER0</Speaker>
          </token>
          <token id="8">
            <word>CLUB</word>
            <lemma>club</lemma>
            <CharacterOffsetBegin>406</CharacterOffsetBegin>
            <CharacterOffsetEnd>410</CharacterOffsetEnd>
            <POS>NN</POS>
            <NER>O</NER>
            <Speaker>PER0</Speaker>
          </token>
          <token id="9">
            <word>CLINIC</word>
            <lemma>clinic</lemma>
            <CharacterOffsetBegin>411</CharacterOffsetBegin>
            <CharacterOffsetEnd>417</CharacterOffsetEnd>
            <POS>NN</POS>
            <NER>O</NER>
            <Speaker>PER0</Speaker>
          </token>
          <token id="10">
            <word>,</word>
            <lemma>,</lemma>
            <CharacterOffsetBegin>417</CharacterOffsetBegin>
            <CharacterOffsetEnd>418</CharacterOffsetEnd>
            <POS>,</POS>
            <NER>O</NER>
            <Speaker>PER0</Speaker>
          </token>
          <token id="11">
            <word>WHERE</word>
            <lemma>where</lemma>
            <CharacterOffsetBegin>419</CharacterOffsetBegin>
            <CharacterOffsetEnd>424</CharacterOffsetEnd>
            <POS>WRB</POS>
            <NER>O</NER>
            <Speaker>PER0</Speaker>
          </token>
          <token id="12">
            <word>THEY</word>
            <lemma>they</lemma>
            <CharacterOffsetBegin>425</CharacterOffsetBegin>
            <CharacterOffsetEnd>429</CharacterOffsetEnd>
            <POS>PRP</POS>
            <NER>O</NER>
            <Speaker>PER0</Speaker>
          </token>
          <token id="13">
            <word>WERE</word>
            <lemma>be</lemma>
            <CharacterOffsetBegin>430</CharacterOffsetBegin>
            <CharacterOffsetEnd>434</CharacterOffsetEnd>
            <POS>VBD</POS>
            <NER>O</NER>
            <Speaker>PER0</Speaker>
          </token>
          <token id="14">
            <word>TREATED</word>
            <lemma>treat</lemma>
            <CharacterOffsetBegin>435</CharacterOffsetBegin>
            <CharacterOffsetEnd>442</CharacterOffsetEnd>
            <POS>VBN</POS>
            <NER>O</NER>
            <Speaker>PER0</Speaker>
          </token>
          <token id="15">
            <word>AND</word>
            <lemma>and</lemma>
            <CharacterOffsetBegin>443</CharacterOffsetBegin>
            <CharacterOffsetEnd>446</CharacterOffsetEnd>
            <POS>CC</POS>
            <NER>O</NER>
            <Speaker>PER0</Speaker>
          </token>
          <token id="16">
            <word>RELEASED</word>
            <lemma>release</lemma>
            <CharacterOffsetBegin>447</CharacterOffsetBegin>
            <CharacterOffsetEnd>455</CharacterOffsetEnd>
            <POS>VBN</POS>
            <NER>O</NER>
            <Speaker>PER0</Speaker>
          </token>
          <token id="17">
            <word>.</word>
            <lemma>.</lemma>
            <CharacterOffsetBegin>455</CharacterOffsetBegin>
            <CharacterOffsetEnd>456</CharacterOffsetEnd>
            <POS>.</POS>
            <NER>O</NER>
            <Speaker>PER0</Speaker>
          </token>
        </tokens>
        <parse>(ROOT (S (NP (DT THE) (VBN WOUNDED)) (VP (VBD WERE) (VP (VBN TAKEN) (PP (TO TO) (NP (NP (DT THE) (NN COUNTRY) (NN CLUB) (NN CLINIC)) (, ,) (SBAR (WHADVP (WRB WHERE)) (S (NP (PRP THEY)) (VP (VBD WERE) (VP (VBN TREATED) (CC AND) (VBN RELEASED))))))))) (. .))) </parse>
        <dependencies type="basic-dependencies">
          <dep type="root">
            <governor idx="0">ROOT</governor>
            <dependent idx="4">TAKEN</dependent>
          </dep>
          <dep type="nsubjpass">
            <governor idx="4">TAKEN</governor>
            <dependent idx="1">THE</dependent>
          </dep>
          <dep type="amod">
            <governor idx="1">THE</governor>
            <dependent idx="2">WOUNDED</dependent>
          </dep>
          <dep type="auxpass">
            <governor idx="4">TAKEN</governor>
            <dependent idx="3">WERE</dependent>
          </dep>
          <dep type="case">
            <governor idx="9">CLINIC</governor>
            <dependent idx="5">TO</dependent>
          </dep>
          <dep type="det">
            <governor idx="9">CLINIC</governor>
            <dependent idx="6">THE</dependent>
          </dep>
          <dep type="compound">
            <governor idx="9">CLINIC</governor>
            <dependent idx="7">COUNTRY</dependent>
          </dep>
          <dep type="compound">
            <governor idx="9">CLINIC</governor>
            <dependent idx="8">CLUB</dependent>
          </dep>
          <dep type="nmod">
            <governor idx="4">TAKEN</governor>
            <dependent idx="9">CLINIC</dependent>
          </dep>
          <dep type="advmod">
            <governor idx="14">TREATED</governor>
            <dependent idx="11">WHERE</dependent>
          </dep>
          <dep type="nsubjpass">
            <governor idx="14">TREATED</governor>
            <dependent idx="12">THEY</dependent>
          </dep>
          <dep type="auxpass">
            <governor idx="14">TREATED</governor>
            <dependent idx="13">WERE</dependent>
          </dep>
          <dep type="acl:relcl">
            <governor idx="9">CLINIC</governor>
            <dependent idx="14">TREATED</dependent>
          </dep>
          <dep type="cc">
            <governor idx="14">TREATED</governor>
            <dependent idx="15">AND</dependent>
          </dep>
          <dep type="conj">
            <governor idx="14">TREATED</governor>
            <dependent idx="16">RELEASED</dependent>
          </dep>
        </dependencies>
        <dependencies type="collapsed-dependencies">
          <dep type="root">
            <governor idx="0">ROOT</governor>
            <dependent idx="4">TAKEN</dependent>
          </dep>
          <dep type="nsubjpass">
            <governor idx="4">TAKEN</governor>
            <dependent idx="1">THE</dependent>
          </dep>
          <dep type="amod">
            <governor idx="1">THE</governor>
            <dependent idx="2">WOUNDED</dependent>
          </dep>
          <dep type="auxpass">
            <governor idx="4">TAKEN</governor>
            <dependent idx="3">WERE</dependent>
          </dep>
          <dep type="case">
            <governor idx="9">CLINIC</governor>
            <dependent idx="5">TO</dependent>
          </dep>
          <dep type="det">
            <governor idx="9">CLINIC</governor>
            <dependent idx="6">THE</dependent>
          </dep>
          <dep type="compound">
            <governor idx="9">CLINIC</governor>
            <dependent idx="7">COUNTRY</dependent>
          </dep>
          <dep type="compound">
            <governor idx="9">CLINIC</governor>
            <dependent idx="8">CLUB</dependent>
          </dep>
          <dep type="nmod:to">
            <governor idx="4">TAKEN</governor>
            <dependent idx="9">CLINIC</dependent>
          </dep>
          <dep type="advmod">
            <governor idx="14">TREATED</governor>
            <dependent idx="11">WHERE</dependent>
          </dep>
          <dep type="nsubjpass">
            <governor idx="14">TREATED</governor>
            <dependent idx="12">THEY</dependent>
          </dep>
          <dep type="auxpass">
            <governor idx="14">TREATED</governor>
            <dependent idx="13">WERE</dependent>
          </dep>
          <dep type="acl:relcl">
            <governor idx="9">CLINIC</governor>
            <dependent idx="14">TREATED</dependent>
          </dep>
          <dep type="cc">
            <governor idx="14">TREATED</governor>
            <dependent idx="15">AND</dependent>
          </dep>
          <dep type="conj:and">
            <governor idx="14">TREATED</governor>
            <dependent idx="16">RELEASED</dependent>
          </dep>
        </dependencies>
        <dependencies type="collapsed-ccprocessed-dependencies">
          <dep type="root">
            <governor idx="0">ROOT</governor>
            <dependent idx="4">TAKEN</dependent>
          </dep>
          <dep type="nsubjpass">
            <governor idx="4">TAKEN</governor>
            <dependent idx="1">THE</dependent>
          </dep>
          <dep type="amod">
            <governor idx="1">THE</governor>
            <dependent idx="2">WOUNDED</dependent>
          </dep>
          <dep type="auxpass">
            <governor idx="4">TAKEN</governor>
            <dependent idx="3">WERE</dependent>
          </dep>
          <dep type="case">
            <governor idx="9">CLINIC</governor>
            <dependent idx="5">TO</dependent>
          </dep>
          <dep type="det">
            <governor idx="9">CLINIC</governor>
            <dependent idx="6">THE</dependent>
          </dep>
          <dep type="compound">
            <governor idx="9">CLINIC</governor>
            <dependent idx="7">COUNTRY</dependent>
          </dep>
          <dep type="compound">
            <governor idx="9">CLINIC</governor>
            <dependent idx="8">CLUB</dependent>
          </dep>
          <dep type="nmod:to">
            <governor idx="4">TAKEN</governor>
            <dependent idx="9">CLINIC</dependent>
          </dep>
          <dep type="advmod">
            <governor idx="14">TREATED</governor>
            <dependent idx="11">WHERE</dependent>
          </dep>
          <dep type="nsubjpass">
            <governor idx="14">TREATED</governor>
            <dependent idx="12">THEY</dependent>
          </dep>
          <dep type="nsubjpass" extra="true">
            <governor idx="16">RELEASED</governor>
            <dependent idx="12">THEY</dependent>
          </dep>
          <dep type="auxpass">
            <governor idx="14">TREATED</governor>
            <dependent idx="13">WERE</dependent>
          </dep>
          <dep type="acl:relcl">
            <governor idx="9">CLINIC</governor>
            <dependent idx="14">TREATED</dependent>
          </dep>
          <dep type="cc">
            <governor idx="14">TREATED</governor>
            <dependent idx="15">AND</dependent>
          </dep>
          <dep type="acl:relcl" extra="true">
            <governor idx="9">CLINIC</governor>
            <dependent idx="16">RELEASED</dependent>
          </dep>
          <dep type="conj:and">
            <governor idx="14">TREATED</governor>
            <dependent idx="16">RELEASED</dependent>
          </dep>
        </dependencies>
      </sentence>
      <sentence id="5">
        <tokens>
          <token id="1">
            <word>THE</word>
            <lemma>the</lemma>
            <CharacterOffsetBegin>461</CharacterOffsetBegin>
            <CharacterOffsetEnd>464</CharacterOffsetEnd>
            <POS>DT</POS>
            <NER>O</NER>
            <Speaker>PER0</Speaker>
          </token>
          <token id="2">
            <word>SECOND</word>
            <lemma>second</lemma>
            <CharacterOffsetBegin>465</CharacterOffsetBegin>
            <CharacterOffsetEnd>471</CharacterOffsetEnd>
            <POS>JJ</POS>
            <NER>ORDINAL</NER>
            <NormalizedNER>2.0</NormalizedNER>
            <Speaker>PER0</Speaker>
          </token>
          <token id="3">
            <word>BOMB</word>
            <lemma>bomb</lemma>
            <CharacterOffsetBegin>472</CharacterOffsetBegin>
            <CharacterOffsetEnd>476</CharacterOffsetEnd>
            <POS>NN</POS>
            <NER>O</NER>
            <Speaker>PER0</Speaker>
          </token>
          <token id="4">
            <word>WAS</word>
            <lemma>be</lemma>
            <CharacterOffsetBegin>477</CharacterOffsetBegin>
            <CharacterOffsetEnd>480</CharacterOffsetEnd>
            <POS>VBD</POS>
            <NER>O</NER>
            <Speaker>PER0</Speaker>
          </token>
          <token id="5">
            <word>PLACED</word>
            <lemma>place</lemma>
            <CharacterOffsetBegin>481</CharacterOffsetBegin>
            <CharacterOffsetEnd>487</CharacterOffsetEnd>
            <POS>VBN</POS>
            <NER>O</NER>
            <Speaker>PER0</Speaker>
          </token>
          <token id="6">
            <word>BY</word>
            <lemma>by</lemma>
            <CharacterOffsetBegin>488</CharacterOffsetBegin>
            <CharacterOffsetEnd>490</CharacterOffsetEnd>
            <POS>IN</POS>
            <NER>O</NER>
            <Speaker>PER0</Speaker>
          </token>
          <token id="7">
            <word>A</word>
            <lemma>a</lemma>
            <CharacterOffsetBegin>491</CharacterOffsetBegin>
            <CharacterOffsetEnd>492</CharacterOffsetEnd>
            <POS>DT</POS>
            <NER>O</NER>
            <Speaker>PER0</Speaker>
          </token>
          <token id="8">
            <word>YOUNG</word>
            <lemma>young</lemma>
            <CharacterOffsetBegin>493</CharacterOffsetBegin>
            <CharacterOffsetEnd>498</CharacterOffsetEnd>
            <POS>JJ</POS>
            <NER>O</NER>
            <Speaker>PER0</Speaker>
          </token>
          <token id="9">
            <word>MAN</word>
            <lemma>man</lemma>
            <CharacterOffsetBegin>499</CharacterOffsetBegin>
            <CharacterOffsetEnd>502</CharacterOffsetEnd>
            <POS>NN</POS>
            <NER>O</NER>
            <Speaker>PER0</Speaker>
          </token>
          <token id="10">
            <word>AT</word>
            <lemma>at</lemma>
            <CharacterOffsetBegin>503</CharacterOffsetBegin>
            <CharacterOffsetEnd>505</CharacterOffsetEnd>
            <POS>IN</POS>
            <NER>O</NER>
            <Speaker>PER0</Speaker>
          </token>
          <token id="11">
            <word>THE</word>
            <lemma>the</lemma>
            <CharacterOffsetBegin>506</CharacterOffsetBegin>
            <CharacterOffsetEnd>509</CharacterOffsetEnd>
            <POS>DT</POS>
            <NER>O</NER>
            <Speaker>PER0</Speaker>
          </token>
          <token id="12">
            <word>TELEPHONE</word>
            <lemma>telephone</lemma>
            <CharacterOffsetBegin>510</CharacterOffsetBegin>
            <CharacterOffsetEnd>519</CharacterOffsetEnd>
            <POS>NN</POS>
            <NER>O</NER>
            <Speaker>PER0</Speaker>
          </token>
          <token id="13">
            <word>COMPANY</word>
            <lemma>company</lemma>
            <CharacterOffsetBegin>520</CharacterOffsetBegin>
            <CharacterOffsetEnd>527</CharacterOffsetEnd>
            <POS>NN</POS>
            <NER>O</NER>
            <Speaker>PER0</Speaker>
          </token>
          <token id="14">
            <word>OFFICE</word>
            <lemma>office</lemma>
            <CharacterOffsetBegin>528</CharacterOffsetBegin>
            <CharacterOffsetEnd>534</CharacterOffsetEnd>
            <POS>NN</POS>
            <NER>O</NER>
            <Speaker>PER0</Speaker>
          </token>
          <token id="15">
            <word>ON</word>
            <lemma>on</lemma>
            <CharacterOffsetBegin>535</CharacterOffsetBegin>
            <CharacterOffsetEnd>537</CharacterOffsetEnd>
            <POS>IN</POS>
            <NER>O</NER>
            <Speaker>PER0</Speaker>
          </token>
          <token id="16">
            <word>91ST</word>
            <lemma>91ST</lemma>
            <CharacterOffsetBegin>538</CharacterOffsetBegin>
            <CharacterOffsetEnd>542</CharacterOffsetEnd>
            <POS>NNP</POS>
            <NER>ORDINAL</NER>
            <NormalizedNER>91.0</NormalizedNER>
            <Speaker>PER0</Speaker>
          </token>
          <token id="17">
            <word>STREET</word>
            <lemma>STREET</lemma>
            <CharacterOffsetBegin>543</CharacterOffsetBegin>
            <CharacterOffsetEnd>549</CharacterOffsetEnd>
            <POS>NNP</POS>
            <NER>O</NER>
            <Speaker>PER0</Speaker>
          </token>
          <token id="18">
            <word>AND</word>
            <lemma>and</lemma>
            <CharacterOffsetBegin>550</CharacterOffsetBegin>
            <CharacterOffsetEnd>553</CharacterOffsetEnd>
            <POS>CC</POS>
            <NER>O</NER>
            <Speaker>PER0</Speaker>
          </token>
          <token id="19">
            <word>15TH</word>
            <lemma>15TH</lemma>
            <CharacterOffsetBegin>554</CharacterOffsetBegin>
            <CharacterOffsetEnd>558</CharacterOffsetEnd>
            <POS>NNP</POS>
            <NER>LOCATION</NER>
            <Speaker>PER0</Speaker>
          </token>
          <token id="20">
            <word>AVENUE</word>
            <lemma>AVENUE</lemma>
            <CharacterOffsetBegin>559</CharacterOffsetBegin>
            <CharacterOffsetEnd>565</CharacterOffsetEnd>
            <POS>NNP</POS>
            <NER>LOCATION</NER>
            <Speaker>PER0</Speaker>
          </token>
          <token id="21">
            <word>,</word>
            <lemma>,</lemma>
            <CharacterOffsetBegin>565</CharacterOffsetBegin>
            <CharacterOffsetEnd>566</CharacterOffsetEnd>
            <POS>,</POS>
            <NER>O</NER>
            <Speaker>PER0</Speaker>
          </token>
          <token id="22">
            <word>CAUSING</word>
            <lemma>cause</lemma>
            <CharacterOffsetBegin>567</CharacterOffsetBegin>
            <CharacterOffsetEnd>574</CharacterOffsetEnd>
            <POS>VBG</POS>
            <NER>O</NER>
            <Speaker>PER0</Speaker>
          </token>
          <token id="23">
            <word>CONSIDERABLE</word>
            <lemma>considerable</lemma>
            <CharacterOffsetBegin>575</CharacterOffsetBegin>
            <CharacterOffsetEnd>587</CharacterOffsetEnd>
            <POS>JJ</POS>
            <NER>O</NER>
            <Speaker>PER0</Speaker>
          </token>
          <token id="24">
            <word>DAMAGE</word>
            <lemma>damage</lemma>
            <CharacterOffsetBegin>588</CharacterOffsetBegin>
            <CharacterOffsetEnd>594</CharacterOffsetEnd>
            <POS>NN</POS>
            <NER>O</NER>
            <Speaker>PER0</Speaker>
          </token>
          <token id="25">
            <word>.</word>
            <lemma>.</lemma>
            <CharacterOffsetBegin>594</CharacterOffsetBegin>
            <CharacterOffsetEnd>595</CharacterOffsetEnd>
            <POS>.</POS>
            <NER>O</NER>
            <Speaker>PER0</Speaker>
          </token>
        </tokens>
        <parse>(ROOT (S (NP (DT THE) (JJ SECOND) (NN BOMB)) (VP (VBD WAS) (VP (VBN PLACED) (PP (IN BY) (NP (NP (DT A) (JJ YOUNG) (NN MAN)) (PP (IN AT) (NP (DT THE) (NN TELEPHONE) (NN COMPANY) (NN OFFICE))))) (PP (IN ON) (NP (NP (NNP 91ST) (NNP STREET)) (CC AND) (NP (NNP 15TH) (NNP AVENUE)))) (, ,) (S (VP (VBG CAUSING) (NP (JJ CONSIDERABLE) (NN DAMAGE)))))) (. .))) </parse>
        <dependencies type="basic-dependencies">
          <dep type="root">
            <governor idx="0">ROOT</governor>
            <dependent idx="5">PLACED</dependent>
          </dep>
          <dep type="det">
            <governor idx="3">BOMB</governor>
            <dependent idx="1">THE</dependent>
          </dep>
          <dep type="amod">
            <governor idx="3">BOMB</governor>
            <dependent idx="2">SECOND</dependent>
          </dep>
          <dep type="nsubjpass">
            <governor idx="5">PLACED</governor>
            <dependent idx="3">BOMB</dependent>
          </dep>
          <dep type="auxpass">
            <governor idx="5">PLACED</governor>
            <dependent idx="4">WAS</dependent>
          </dep>
          <dep type="case">
            <governor idx="9">MAN</governor>
            <dependent idx="6">BY</dependent>
          </dep>
          <dep type="det">
            <governor idx="9">MAN</governor>
            <dependent idx="7">A</dependent>
          </dep>
          <dep type="amod">
            <governor idx="9">MAN</governor>
            <dependent idx="8">YOUNG</dependent>
          </dep>
          <dep type="nmod">
            <governor idx="5">PLACED</governor>
            <dependent idx="9">MAN</dependent>
          </dep>
          <dep type="case">
            <governor idx="14">OFFICE</governor>
            <dependent idx="10">AT</dependent>
          </dep>
          <dep type="det">
            <governor idx="14">OFFICE</governor>
            <dependent idx="11">THE</dependent>
          </dep>
          <dep type="compound">
            <governor idx="14">OFFICE</governor>
            <dependent idx="12">TELEPHONE</dependent>
          </dep>
          <dep type="compound">
            <governor idx="14">OFFICE</governor>
            <dependent idx="13">COMPANY</dependent>
          </dep>
          <dep type="nmod">
            <governor idx="9">MAN</governor>
            <dependent idx="14">OFFICE</dependent>
          </dep>
          <dep type="case">
            <governor idx="17">STREET</governor>
            <dependent idx="15">ON</dependent>
          </dep>
          <dep type="compound">
            <governor idx="17">STREET</governor>
            <dependent idx="16">91ST</dependent>
          </dep>
          <dep type="nmod">
            <governor idx="5">PLACED</governor>
            <dependent idx="17">STREET</dependent>
          </dep>
          <dep type="cc">
            <governor idx="17">STREET</governor>
            <dependent idx="18">AND</dependent>
          </dep>
          <dep type="compound">
            <governor idx="20">AVENUE</governor>
            <dependent idx="19">15TH</dependent>
          </dep>
          <dep type="conj">
            <governor idx="17">STREET</governor>
            <dependent idx="20">AVENUE</dependent>
          </dep>
          <dep type="xcomp">
            <governor idx="5">PLACED</governor>
            <dependent idx="22">CAUSING</dependent>
          </dep>
          <dep type="amod">
            <governor idx="24">DAMAGE</governor>
            <dependent idx="23">CONSIDERABLE</dependent>
          </dep>
          <dep type="dobj">
            <governor idx="22">CAUSING</governor>
            <dependent idx="24">DAMAGE</dependent>
          </dep>
        </dependencies>
        <dependencies type="collapsed-dependencies">
          <dep type="root">
            <governor idx="0">ROOT</governor>
            <dependent idx="5">PLACED</dependent>
          </dep>
          <dep type="det">
            <governor idx="3">BOMB</governor>
            <dependent idx="1">THE</dependent>
          </dep>
          <dep type="amod">
            <governor idx="3">BOMB</governor>
            <dependent idx="2">SECOND</dependent>
          </dep>
          <dep type="nsubjpass">
            <governor idx="5">PLACED</governor>
            <dependent idx="3">BOMB</dependent>
          </dep>
          <dep type="auxpass">
            <governor idx="5">PLACED</governor>
            <dependent idx="4">WAS</dependent>
          </dep>
          <dep type="case">
            <governor idx="9">MAN</governor>
            <dependent idx="6">BY</dependent>
          </dep>
          <dep type="det">
            <governor idx="9">MAN</governor>
            <dependent idx="7">A</dependent>
          </dep>
          <dep type="amod">
            <governor idx="9">MAN</governor>
            <dependent idx="8">YOUNG</dependent>
          </dep>
          <dep type="nmod:agent">
            <governor idx="5">PLACED</governor>
            <dependent idx="9">MAN</dependent>
          </dep>
          <dep type="case">
            <governor idx="14">OFFICE</governor>
            <dependent idx="10">AT</dependent>
          </dep>
          <dep type="det">
            <governor idx="14">OFFICE</governor>
            <dependent idx="11">THE</dependent>
          </dep>
          <dep type="compound">
            <governor idx="14">OFFICE</governor>
            <dependent idx="12">TELEPHONE</dependent>
          </dep>
          <dep type="compound">
            <governor idx="14">OFFICE</governor>
            <dependent idx="13">COMPANY</dependent>
          </dep>
          <dep type="nmod:at">
            <governor idx="9">MAN</governor>
            <dependent idx="14">OFFICE</dependent>
          </dep>
          <dep type="case">
            <governor idx="17">STREET</governor>
            <dependent idx="15">ON</dependent>
          </dep>
          <dep type="compound">
            <governor idx="17">STREET</governor>
            <dependent idx="16">91ST</dependent>
          </dep>
          <dep type="nmod:on">
            <governor idx="5">PLACED</governor>
            <dependent idx="17">STREET</dependent>
          </dep>
          <dep type="cc">
            <governor idx="17">STREET</governor>
            <dependent idx="18">AND</dependent>
          </dep>
          <dep type="compound">
            <governor idx="20">AVENUE</governor>
            <dependent idx="19">15TH</dependent>
          </dep>
          <dep type="conj:and">
            <governor idx="17">STREET</governor>
            <dependent idx="20">AVENUE</dependent>
          </dep>
          <dep type="xcomp">
            <governor idx="5">PLACED</governor>
            <dependent idx="22">CAUSING</dependent>
          </dep>
          <dep type="amod">
            <governor idx="24">DAMAGE</governor>
            <dependent idx="23">CONSIDERABLE</dependent>
          </dep>
          <dep type="dobj">
            <governor idx="22">CAUSING</governor>
            <dependent idx="24">DAMAGE</dependent>
          </dep>
        </dependencies>
        <dependencies type="collapsed-ccprocessed-dependencies">
          <dep type="root">
            <governor idx="0">ROOT</governor>
            <dependent idx="5">PLACED</dependent>
          </dep>
          <dep type="det">
            <governor idx="3">BOMB</governor>
            <dependent idx="1">THE</dependent>
          </dep>
          <dep type="amod">
            <governor idx="3">BOMB</governor>
            <dependent idx="2">SECOND</dependent>
          </dep>
          <dep type="nsubjpass">
            <governor idx="5">PLACED</governor>
            <dependent idx="3">BOMB</dependent>
          </dep>
          <dep type="auxpass">
            <governor idx="5">PLACED</governor>
            <dependent idx="4">WAS</dependent>
          </dep>
          <dep type="case">
            <governor idx="9">MAN</governor>
            <dependent idx="6">BY</dependent>
          </dep>
          <dep type="det">
            <governor idx="9">MAN</governor>
            <dependent idx="7">A</dependent>
          </dep>
          <dep type="amod">
            <governor idx="9">MAN</governor>
            <dependent idx="8">YOUNG</dependent>
          </dep>
          <dep type="nmod:agent">
            <governor idx="5">PLACED</governor>
            <dependent idx="9">MAN</dependent>
          </dep>
          <dep type="case">
            <governor idx="14">OFFICE</governor>
            <dependent idx="10">AT</dependent>
          </dep>
          <dep type="det">
            <governor idx="14">OFFICE</governor>
            <dependent idx="11">THE</dependent>
          </dep>
          <dep type="compound">
            <governor idx="14">OFFICE</governor>
            <dependent idx="12">TELEPHONE</dependent>
          </dep>
          <dep type="compound">
            <governor idx="14">OFFICE</governor>
            <dependent idx="13">COMPANY</dependent>
          </dep>
          <dep type="nmod:at">
            <governor idx="9">MAN</governor>
            <dependent idx="14">OFFICE</dependent>
          </dep>
          <dep type="case">
            <governor idx="17">STREET</governor>
            <dependent idx="15">ON</dependent>
          </dep>
          <dep type="compound">
            <governor idx="17">STREET</governor>
            <dependent idx="16">91ST</dependent>
          </dep>
          <dep type="nmod:on">
            <governor idx="5">PLACED</governor>
            <dependent idx="17">STREET</dependent>
          </dep>
          <dep type="cc">
            <governor idx="17">STREET</governor>
            <dependent idx="18">AND</dependent>
          </dep>
          <dep type="compound">
            <governor idx="20">AVENUE</governor>
            <dependent idx="19">15TH</dependent>
          </dep>
          <dep type="nmod:on" extra="true">
            <governor idx="5">PLACED</governor>
            <dependent idx="20">AVENUE</dependent>
          </dep>
          <dep type="conj:and">
            <governor idx="17">STREET</governor>
            <dependent idx="20">AVENUE</dependent>
          </dep>
          <dep type="xcomp">
            <governor idx="5">PLACED</governor>
            <dependent idx="22">CAUSING</dependent>
          </dep>
          <dep type="amod">
            <governor idx="24">DAMAGE</governor>
            <dependent idx="23">CONSIDERABLE</dependent>
          </dep>
          <dep type="dobj">
            <governor idx="22">CAUSING</governor>
            <dependent idx="24">DAMAGE</dependent>
          </dep>
        </dependencies>
      </sentence>
      <sentence id="6">
        <tokens>
          <token id="1">
            <word>THE</word>
            <lemma>the</lemma>
            <CharacterOffsetBegin>596</CharacterOffsetBegin>
            <CharacterOffsetEnd>599</CharacterOffsetEnd>
            <POS>DT</POS>
            <NER>O</NER>
            <Speaker>PER0</Speaker>
          </token>
          <token id="2">
            <word>YOUNG</word>
            <lemma>young</lemma>
            <CharacterOffsetBegin>600</CharacterOffsetBegin>
            <CharacterOffsetEnd>605</CharacterOffsetEnd>
            <POS>JJ</POS>
            <NER>O</NER>
            <Speaker>PER0</Speaker>
          </token>
          <token id="3">
            <word>MAN</word>
            <lemma>man</lemma>
            <CharacterOffsetBegin>606</CharacterOffsetBegin>
            <CharacterOffsetEnd>609</CharacterOffsetEnd>
            <POS>NN</POS>
            <NER>O</NER>
            <Speaker>PER0</Speaker>
          </token>
          <token id="4">
            <word>THEN</word>
            <lemma>then</lemma>
            <CharacterOffsetBegin>610</CharacterOffsetBegin>
            <CharacterOffsetEnd>614</CharacterOffsetEnd>
            <POS>RB</POS>
            <NER>O</NER>
            <Speaker>PER0</Speaker>
          </token>
          <token id="5">
            <word>ENTERED</word>
            <lemma>enter</lemma>
            <CharacterOffsetBegin>615</CharacterOffsetBegin>
            <CharacterOffsetEnd>622</CharacterOffsetEnd>
            <POS>VBD</POS>
            <NER>O</NER>
            <Speaker>PER0</Speaker>
          </token>
          <token id="6">
            <word>A</word>
            <lemma>a</lemma>
            <CharacterOffsetBegin>623</CharacterOffsetBegin>
            <CharacterOffsetEnd>624</CharacterOffsetEnd>
            <POS>DT</POS>
            <NER>O</NER>
            <Speaker>PER0</Speaker>
          </token>
          <token id="7">
            <word>NEARBY</word>
            <lemma>nearby</lemma>
            <CharacterOffsetBegin>625</CharacterOffsetBegin>
            <CharacterOffsetEnd>631</CharacterOffsetEnd>
            <POS>JJ</POS>
            <NER>O</NER>
            <Speaker>PER0</Speaker>
          </token>
          <token id="8">
            <word>CARULLA</word>
            <lemma>CARULLA</lemma>
            <CharacterOffsetBegin>632</CharacterOffsetBegin>
            <CharacterOffsetEnd>639</CharacterOffsetEnd>
            <POS>NNP</POS>
            <NER>ORGANIZATION</NER>
            <Speaker>PER0</Speaker>
          </token>
          <token id="9">
            <word>SUPERMARKET</word>
            <lemma>supermarket</lemma>
            <CharacterOffsetBegin>640</CharacterOffsetBegin>
            <CharacterOffsetEnd>651</CharacterOffsetEnd>
            <POS>NN</POS>
            <NER>ORGANIZATION</NER>
            <Speaker>PER0</Speaker>
          </token>
          <token id="10">
            <word>,</word>
            <lemma>,</lemma>
            <CharacterOffsetBegin>651</CharacterOffsetBegin>
            <CharacterOffsetEnd>652</CharacterOffsetEnd>
            <POS>,</POS>
            <NER>O</NER>
            <Speaker>PER0</Speaker>
          </token>
          <token id="11">
            <word>WHERE</word>
            <lemma>where</lemma>
            <CharacterOffsetBegin>653</CharacterOffsetBegin>
            <CharacterOffsetEnd>658</CharacterOffsetEnd>
            <POS>WRB</POS>
            <NER>O</NER>
            <Speaker>PER0</Speaker>
          </token>
          <token id="12">
            <word>CITIZENS</word>
            <lemma>citizen</lemma>
            <CharacterOffsetBegin>659</CharacterOffsetBegin>
            <CharacterOffsetEnd>667</CharacterOffsetEnd>
            <POS>NNS</POS>
            <NER>O</NER>
            <Speaker>PER0</Speaker>
          </token>
          <token id="13">
            <word>CAPTURED</word>
            <lemma>capture</lemma>
            <CharacterOffsetBegin>668</CharacterOffsetBegin>
            <CharacterOffsetEnd>676</CharacterOffsetEnd>
            <POS>VBD</POS>
            <NER>O</NER>
            <Speaker>PER0</Speaker>
          </token>
          <token id="14">
            <word>HIM</word>
            <lemma>he</lemma>
            <CharacterOffsetBegin>677</CharacterOffsetBegin>
            <CharacterOffsetEnd>680</CharacterOffsetEnd>
            <POS>PRP</POS>
            <NER>O</NER>
            <Speaker>PER0</Speaker>
          </token>
          <token id="15">
            <word>.</word>
            <lemma>.</lemma>
            <CharacterOffsetBegin>680</CharacterOffsetBegin>
            <CharacterOffsetEnd>681</CharacterOffsetEnd>
            <POS>.</POS>
            <NER>O</NER>
            <Speaker>PER0</Speaker>
          </token>
        </tokens>
        <parse>(ROOT (S (NP (DT THE) (JJ YOUNG) (NN MAN)) (ADVP (RB THEN)) (VP (VBD ENTERED) (NP (NP (DT A) (JJ NEARBY) (NNP CARULLA) (NN SUPERMARKET)) (, ,) (SBAR (WHADVP (WRB WHERE)) (S (NP (NNS CITIZENS)) (VP (VBD CAPTURED) (NP (PRP HIM))))))) (. .))) </parse>
        <dependencies type="basic-dependencies">
          <dep type="root">
            <governor idx="0">ROOT</governor>
            <dependent idx="5">ENTERED</dependent>
          </dep>
          <dep type="det">
            <governor idx="3">MAN</governor>
            <dependent idx="1">THE</dependent>
          </dep>
          <dep type="amod">
            <governor idx="3">MAN</governor>
            <dependent idx="2">YOUNG</dependent>
          </dep>
          <dep type="nsubj">
            <governor idx="5">ENTERED</governor>
            <dependent idx="3">MAN</dependent>
          </dep>
          <dep type="advmod">
            <governor idx="5">ENTERED</governor>
            <dependent idx="4">THEN</dependent>
          </dep>
          <dep type="det">
            <governor idx="9">SUPERMARKET</governor>
            <dependent idx="6">A</dependent>
          </dep>
          <dep type="amod">
            <governor idx="9">SUPERMARKET</governor>
            <dependent idx="7">NEARBY</dependent>
          </dep>
          <dep type="compound">
            <governor idx="9">SUPERMARKET</governor>
            <dependent idx="8">CARULLA</dependent>
          </dep>
          <dep type="dobj">
            <governor idx="5">ENTERED</governor>
            <dependent idx="9">SUPERMARKET</dependent>
          </dep>
          <dep type="advmod">
            <governor idx="13">CAPTURED</governor>
            <dependent idx="11">WHERE</dependent>
          </dep>
          <dep type="nsubj">
            <governor idx="13">CAPTURED</governor>
            <dependent idx="12">CITIZENS</dependent>
          </dep>
          <dep type="acl:relcl">
            <governor idx="9">SUPERMARKET</governor>
            <dependent idx="13">CAPTURED</dependent>
          </dep>
          <dep type="dobj">
            <governor idx="13">CAPTURED</governor>
            <dependent idx="14">HIM</dependent>
          </dep>
        </dependencies>
        <dependencies type="collapsed-dependencies">
          <dep type="root">
            <governor idx="0">ROOT</governor>
            <dependent idx="5">ENTERED</dependent>
          </dep>
          <dep type="det">
            <governor idx="3">MAN</governor>
            <dependent idx="1">THE</dependent>
          </dep>
          <dep type="amod">
            <governor idx="3">MAN</governor>
            <dependent idx="2">YOUNG</dependent>
          </dep>
          <dep type="nsubj">
            <governor idx="5">ENTERED</governor>
            <dependent idx="3">MAN</dependent>
          </dep>
          <dep type="advmod">
            <governor idx="5">ENTERED</governor>
            <dependent idx="4">THEN</dependent>
          </dep>
          <dep type="det">
            <governor idx="9">SUPERMARKET</governor>
            <dependent idx="6">A</dependent>
          </dep>
          <dep type="amod">
            <governor idx="9">SUPERMARKET</governor>
            <dependent idx="7">NEARBY</dependent>
          </dep>
          <dep type="compound">
            <governor idx="9">SUPERMARKET</governor>
            <dependent idx="8">CARULLA</dependent>
          </dep>
          <dep type="dobj">
            <governor idx="5">ENTERED</governor>
            <dependent idx="9">SUPERMARKET</dependent>
          </dep>
          <dep type="advmod">
            <governor idx="13">CAPTURED</governor>
            <dependent idx="11">WHERE</dependent>
          </dep>
          <dep type="nsubj">
            <governor idx="13">CAPTURED</governor>
            <dependent idx="12">CITIZENS</dependent>
          </dep>
          <dep type="acl:relcl">
            <governor idx="9">SUPERMARKET</governor>
            <dependent idx="13">CAPTURED</dependent>
          </dep>
          <dep type="dobj">
            <governor idx="13">CAPTURED</governor>
            <dependent idx="14">HIM</dependent>
          </dep>
        </dependencies>
        <dependencies type="collapsed-ccprocessed-dependencies">
          <dep type="root">
            <governor idx="0">ROOT</governor>
            <dependent idx="5">ENTERED</dependent>
          </dep>
          <dep type="det">
            <governor idx="3">MAN</governor>
            <dependent idx="1">THE</dependent>
          </dep>
          <dep type="amod">
            <governor idx="3">MAN</governor>
            <dependent idx="2">YOUNG</dependent>
          </dep>
          <dep type="nsubj">
            <governor idx="5">ENTERED</governor>
            <dependent idx="3">MAN</dependent>
          </dep>
          <dep type="advmod">
            <governor idx="5">ENTERED</governor>
            <dependent idx="4">THEN</dependent>
          </dep>
          <dep type="det">
            <governor idx="9">SUPERMARKET</governor>
            <dependent idx="6">A</dependent>
          </dep>
          <dep type="amod">
            <governor idx="9">SUPERMARKET</governor>
            <dependent idx="7">NEARBY</dependent>
          </dep>
          <dep type="compound">
            <governor idx="9">SUPERMARKET</governor>
            <dependent idx="8">CARULLA</dependent>
          </dep>
          <dep type="dobj">
            <governor idx="5">ENTERED</governor>
            <dependent idx="9">SUPERMARKET</dependent>
          </dep>
          <dep type="advmod">
            <governor idx="13">CAPTURED</governor>
            <dependent idx="11">WHERE</dependent>
          </dep>
          <dep type="nsubj">
            <governor idx="13">CAPTURED</governor>
            <dependent idx="12">CITIZENS</dependent>
          </dep>
          <dep type="acl:relcl">
            <governor idx="9">SUPERMARKET</governor>
            <dependent idx="13">CAPTURED</dependent>
          </dep>
          <dep type="dobj">
            <governor idx="13">CAPTURED</governor>
            <dependent idx="14">HIM</dependent>
          </dep>
        </dependencies>
      </sentence>
    </sentences>
    <coreference>
      <coreference>
        <mention representative="true">
          <sentence>1</sentence>
          <start>23</start>
          <end>24</end>
          <head>23</head>
          <text>SIX</text>
        </mention>
        <mention>
          <sentence>3</sentence>
          <start>11</start>
          <end>12</end>
          <head>11</head>
          <text>SIX</text>
        </mention>
      </coreference>
      <coreference>
        <mention representative="true">
          <sentence>2</sentence>
          <start>9</start>
          <end>12</end>
          <head>11</head>
          <text>THE FIRST BOMB</text>
        </mention>
        <mention>
          <sentence>3</sentence>
          <start>1</start>
          <end>3</end>
          <head>2</head>
          <text>THIS BOMB</text>
        </mention>
      </coreference>
      <coreference>
        <mention representative="true">
          <sentence>2</sentence>
          <start>23</start>
          <end>25</end>
          <head>24</head>
          <text>15TH AVENUE</text>
        </mention>
        <mention>
          <sentence>5</sentence>
          <start>19</start>
          <end>21</end>
          <head>20</head>
          <text>15TH AVENUE</text>
        </mention>
      </coreference>
      <coreference>
        <mention representative="true">
          <sentence>4</sentence>
          <start>1</start>
          <end>3</end>
          <head>1</head>
          <text>THE WOUNDED</text>
        </mention>
        <mention>
          <sentence>4</sentence>
          <start>12</start>
          <end>13</end>
          <head>12</head>
          <text>THEY</text>
        </mention>
      </coreference>
      <coreference>
        <mention representative="true">
          <sentence>5</sentence>
          <start>7</start>
          <end>15</end>
          <head>9</head>
          <text>A YOUNG MAN AT THE TELEPHONE COMPANY OFFICE</text>
        </mention>
        <mention>
          <sentence>6</sentence>
          <start>1</start>
          <end>4</end>
          <head>3</head>
          <text>THE YOUNG MAN</text>
        </mention>
        <mention>
          <sentence>6</sentence>
          <start>14</start>
          <end>15</end>
          <head>14</head>
          <text>HIM</text>
        </mention>
      </coreference>
    </coreference>
  </document>
</root>
