<?xml version="1.0" encoding="ASCII"?>
<?xml-stylesheet href="CoreNLP-to-HTML.xsl" type="text/xsl"?>
<root>
  <document>
    <sentences>
      <sentence id="1">
        <tokens>
          <token id="1">
            <word>MEXICO</word>
            <lemma>MEXICO</lemma>
            <CharacterOffsetBegin>3</CharacterOffsetBegin>
            <CharacterOffsetEnd>9</CharacterOffsetEnd>
            <POS>NNP</POS>
            <NER>LOCATION</NER>
            <Speaker>PER0</Speaker>
          </token>
          <token id="2">
            <word>CITY</word>
            <lemma>CITY</lemma>
            <CharacterOffsetBegin>10</CharacterOffsetBegin>
            <CharacterOffsetEnd>14</CharacterOffsetEnd>
            <POS>NNP</POS>
            <NER>LOCATION</NER>
            <Speaker>PER0</Speaker>
          </token>
          <token id="3">
            <word>-LRB-</word>
            <lemma>-lrb-</lemma>
            <CharacterOffsetBegin>15</CharacterOffsetBegin>
            <CharacterOffsetEnd>16</CharacterOffsetEnd>
            <POS>-LRB-</POS>
            <NER>O</NER>
            <Speaker>PER0</Speaker>
          </token>
          <token id="4">
            <word>MEXICO</word>
            <lemma>MEXICO</lemma>
            <CharacterOffsetBegin>16</CharacterOffsetBegin>
            <CharacterOffsetEnd>22</CharacterOffsetEnd>
            <POS>NNP</POS>
            <NER>LOCATION</NER>
            <Speaker>PER0</Speaker>
          </token>
          <token id="5">
            <word>-RRB-</word>
            <lemma>-rrb-</lemma>
            <CharacterOffsetBegin>22</CharacterOffsetBegin>
            <CharacterOffsetEnd>23</CharacterOffsetEnd>
            <POS>-RRB-</POS>
            <NER>O</NER>
            <Speaker>PER0</Speaker>
          </token>
          <token id="6">
            <word>,</word>
            <lemma>,</lemma>
            <CharacterOffsetBegin>23</CharacterOffsetBegin>
            <CharacterOffsetEnd>24</CharacterOffsetEnd>
            <POS>,</POS>
            <NER>O</NER>
            <Speaker>PER0</Speaker>
          </token>
          <token id="7">
            <word>10</word>
            <lemma>10</lemma>
            <CharacterOffsetBegin>25</CharacterOffsetBegin>
            <CharacterOffsetEnd>27</CharacterOffsetEnd>
            <POS>CD</POS>
            <NER>DATE</NER>
            <NormalizedNER>XXXX-11-10</NormalizedNER>
            <Speaker>PER0</Speaker>
            <Timex tid="t1" type="DATE">XXXX-11-10</Timex>
          </token>
          <token id="8">
            <word>NOV</word>
            <lemma>NOV</lemma>
            <CharacterOffsetBegin>28</CharacterOffsetBegin>
            <CharacterOffsetEnd>31</CharacterOffsetEnd>
            <POS>NNP</POS>
            <NER>DATE</NER>
            <NormalizedNER>XXXX-11-10</NormalizedNER>
            <Speaker>PER0</Speaker>
            <Timex tid="t1" type="DATE">XXXX-11-10</Timex>
          </token>
          <token id="9">
            <word>89</word>
            <lemma>89</lemma>
            <CharacterOffsetBegin>32</CharacterOffsetBegin>
            <CharacterOffsetEnd>34</CharacterOffsetEnd>
            <POS>CD</POS>
            <NER>NUMBER</NER>
            <NormalizedNER>89.0</NormalizedNER>
            <Speaker>PER0</Speaker>
          </token>
          <token id="10">
            <word>-LRB-</word>
            <lemma>-lrb-</lemma>
            <CharacterOffsetBegin>35</CharacterOffsetBegin>
            <CharacterOffsetEnd>36</CharacterOffsetEnd>
            <POS>-LRB-</POS>
            <NER>O</NER>
            <Speaker>PER0</Speaker>
          </token>
          <token id="11">
            <word>NOTIMEX</word>
            <lemma>notimex</lemma>
            <CharacterOffsetBegin>36</CharacterOffsetBegin>
            <CharacterOffsetEnd>43</CharacterOffsetEnd>
            <POS>NN</POS>
            <NER>ORGANIZATION</NER>
            <Speaker>PER0</Speaker>
          </token>
          <token id="12">
            <word>-RRB-</word>
            <lemma>-rrb-</lemma>
            <CharacterOffsetBegin>43</CharacterOffsetBegin>
            <CharacterOffsetEnd>44</CharacterOffsetEnd>
            <POS>-RRB-</POS>
            <NER>O</NER>
            <Speaker>PER0</Speaker>
          </token>
          <token id="13">
            <word>--</word>
            <lemma>--</lemma>
            <CharacterOffsetBegin>45</CharacterOffsetBegin>
            <CharacterOffsetEnd>47</CharacterOffsetEnd>
            <POS>:</POS>
            <NER>O</NER>
            <Speaker>PER0</Speaker>
          </token>
          <token id="14">
            <word>-LSB-</word>
            <lemma>-lsb-</lemma>
            <CharacterOffsetBegin>48</CharacterOffsetBegin>
            <CharacterOffsetEnd>49</CharacterOffsetEnd>
            <POS>-LRB-</POS>
            <NER>O</NER>
            <Speaker>PER0</Speaker>
          </token>
          <token id="15">
            <word>TEXT</word>
            <lemma>text</lemma>
            <CharacterOffsetBegin>49</CharacterOffsetBegin>
            <CharacterOffsetEnd>53</CharacterOffsetEnd>
            <POS>NN</POS>
            <NER>O</NER>
            <Speaker>PER0</Speaker>
          </token>
          <token id="16">
            <word>-RSB-</word>
            <lemma>-rsb-</lemma>
            <CharacterOffsetBegin>53</CharacterOffsetBegin>
            <CharacterOffsetEnd>54</CharacterOffsetEnd>
            <POS>-RRB-</POS>
            <NER>O</NER>
            <Speaker>PER0</Speaker>
          </token>
          <token id="17">
            <word>THE</word>
            <lemma>the</lemma>
            <CharacterOffsetBegin>55</CharacterOffsetBegin>
            <CharacterOffsetEnd>58</CharacterOffsetEnd>
            <POS>DT</POS>
            <NER>O</NER>
            <Speaker>PER0</Speaker>
          </token>
          <token id="18">
            <word>MEXICAN</word>
            <lemma>mexican</lemma>
            <CharacterOffsetBegin>59</CharacterOffsetBegin>
            <CharacterOffsetEnd>66</CharacterOffsetEnd>
            <POS>JJ</POS>
            <NER>MISC</NER>
            <Speaker>PER0</Speaker>
          </token>
          <token id="19">
            <word>GOVERNMENT</word>
            <lemma>government</lemma>
            <CharacterOffsetBegin>67</CharacterOffsetBegin>
            <CharacterOffsetEnd>77</CharacterOffsetEnd>
            <POS>NN</POS>
            <NER>O</NER>
            <Speaker>PER0</Speaker>
          </token>
          <token id="20">
            <word>HAS</word>
            <lemma>have</lemma>
            <CharacterOffsetBegin>78</CharacterOffsetBegin>
            <CharacterOffsetEnd>81</CharacterOffsetEnd>
            <POS>VBZ</POS>
            <NER>O</NER>
            <Speaker>PER0</Speaker>
          </token>
          <token id="21">
            <word>ASKED</word>
            <lemma>ask</lemma>
            <CharacterOffsetBegin>82</CharacterOffsetBegin>
            <CharacterOffsetEnd>87</CharacterOffsetEnd>
            <POS>VBN</POS>
            <NER>O</NER>
            <Speaker>PER0</Speaker>
          </token>
          <token id="22">
            <word>COLOMBIA</word>
            <lemma>COLOMBIA</lemma>
            <CharacterOffsetBegin>88</CharacterOffsetBegin>
            <CharacterOffsetEnd>96</CharacterOffsetEnd>
            <POS>NNP</POS>
            <NER>LOCATION</NER>
            <Speaker>PER0</Speaker>
          </token>
          <token id="23">
            <word>TO</word>
            <lemma>to</lemma>
            <CharacterOffsetBegin>97</CharacterOffsetBegin>
            <CharacterOffsetEnd>99</CharacterOffsetEnd>
            <POS>TO</POS>
            <NER>O</NER>
            <Speaker>PER0</Speaker>
          </token>
          <token id="24">
            <word>INTERVENE</word>
            <lemma>intervene</lemma>
            <CharacterOffsetBegin>100</CharacterOffsetBegin>
            <CharacterOffsetEnd>109</CharacterOffsetEnd>
            <POS>VB</POS>
            <NER>O</NER>
            <Speaker>PER0</Speaker>
          </token>
          <token id="25">
            <word>IN</word>
            <lemma>in</lemma>
            <CharacterOffsetBegin>110</CharacterOffsetBegin>
            <CharacterOffsetEnd>112</CharacterOffsetEnd>
            <POS>IN</POS>
            <NER>O</NER>
            <Speaker>PER0</Speaker>
          </token>
          <token id="26">
            <word>PROTECTING</word>
            <lemma>protect</lemma>
            <CharacterOffsetBegin>113</CharacterOffsetBegin>
            <CharacterOffsetEnd>123</CharacterOffsetEnd>
            <POS>VBG</POS>
            <NER>O</NER>
            <Speaker>PER0</Speaker>
          </token>
          <token id="27">
            <word>AND</word>
            <lemma>and</lemma>
            <CharacterOffsetBegin>124</CharacterOffsetBegin>
            <CharacterOffsetEnd>127</CharacterOffsetEnd>
            <POS>CC</POS>
            <NER>O</NER>
            <Speaker>PER0</Speaker>
          </token>
          <token id="28">
            <word>FACILITATING</word>
            <lemma>facilitate</lemma>
            <CharacterOffsetBegin>128</CharacterOffsetBegin>
            <CharacterOffsetEnd>140</CharacterOffsetEnd>
            <POS>VBG</POS>
            <NER>O</NER>
            <Speaker>PER0</Speaker>
          </token>
          <token id="29">
            <word>THE</word>
            <lemma>the</lemma>
            <CharacterOffsetBegin>141</CharacterOffsetBegin>
            <CharacterOffsetEnd>144</CharacterOffsetEnd>
            <POS>DT</POS>
            <NER>O</NER>
            <Speaker>PER0</Speaker>
          </token>
          <token id="30">
            <word>RELEASE</word>
            <lemma>release</lemma>
            <CharacterOffsetBegin>145</CharacterOffsetBegin>
            <CharacterOffsetEnd>152</CharacterOffsetEnd>
            <POS>NN</POS>
            <NER>O</NER>
            <Speaker>PER0</Speaker>
          </token>
          <token id="31">
            <word>OF</word>
            <lemma>of</lemma>
            <CharacterOffsetBegin>153</CharacterOffsetBegin>
            <CharacterOffsetEnd>155</CharacterOffsetEnd>
            <POS>IN</POS>
            <NER>O</NER>
            <Speaker>PER0</Speaker>
          </token>
          <token id="32">
            <word>THE</word>
            <lemma>the</lemma>
            <CharacterOffsetBegin>156</CharacterOffsetBegin>
            <CharacterOffsetEnd>159</CharacterOffsetEnd>
            <POS>DT</POS>
            <NER>O</NER>
            <Speaker>PER0</Speaker>
          </token>
          <token id="33">
            <word>MEXICAN</word>
            <lemma>mexican</lemma>
            <CharacterOffsetBegin>160</CharacterOffsetBegin>
            <CharacterOffsetEnd>167</CharacterOffsetEnd>
            <POS>JJ</POS>
            <NER>MISC</NER>
            <Speaker>PER0</Speaker>
          </token>
          <token id="34">
            <word>CITIZEN</word>
            <lemma>citizen</lemma>
            <CharacterOffsetBegin>168</CharacterOffsetBegin>
            <CharacterOffsetEnd>175</CharacterOffsetEnd>
            <POS>NN</POS>
            <NER>O</NER>
            <Speaker>PER0</Speaker>
          </token>
          <token id="35">
            <word>JUAN</word>
            <lemma>JUAN</lemma>
            <CharacterOffsetBegin>176</CharacterOffsetBegin>
            <CharacterOffsetEnd>180</CharacterOffsetEnd>
            <POS>NNP</POS>
            <NER>PERSON</NER>
            <Speaker>PER0</Speaker>
          </token>
          <token id="36">
            <word>CARLOS</word>
            <lemma>CARLOS</lemma>
            <CharacterOffsetBegin>181</CharacterOffsetBegin>
            <CharacterOffsetEnd>187</CharacterOffsetEnd>
            <POS>NNP</POS>
            <NER>PERSON</NER>
            <Speaker>PER0</Speaker>
          </token>
          <token id="37">
            <word>MIR</word>
            <lemma>mir</lemma>
            <CharacterOffsetBegin>188</CharacterOffsetBegin>
            <CharacterOffsetEnd>191</CharacterOffsetEnd>
            <POS>NNS</POS>
            <NER>LOCATION</NER>
            <Speaker>PER0</Speaker>
          </token>
          <token id="38">
            <word>,</word>
            <lemma>,</lemma>
            <CharacterOffsetBegin>191</CharacterOffsetBegin>
            <CharacterOffsetEnd>192</CharacterOffsetEnd>
            <POS>,</POS>
            <NER>O</NER>
            <Speaker>PER0</Speaker>
          </token>
          <token id="39">
            <word>KIDNAPPED</word>
            <lemma>kidnap</lemma>
            <CharacterOffsetBegin>193</CharacterOffsetBegin>
            <CharacterOffsetEnd>202</CharacterOffsetEnd>
            <POS>VBN</POS>
            <NER>O</NER>
            <Speaker>PER0</Speaker>
          </token>
          <token id="40">
            <word>LAST</word>
            <lemma>last</lemma>
            <CharacterOffsetBegin>203</CharacterOffsetBegin>
            <CharacterOffsetEnd>207</CharacterOffsetEnd>
            <POS>JJ</POS>
            <NER>DATE</NER>
            <NormalizedNER>XXXX-WXX-2 OFFSET P-1W</NormalizedNER>
            <Speaker>PER0</Speaker>
            <Timex tid="t2" type="DATE"/>
          </token>
          <token id="41">
            <word>TUESDAY</word>
            <lemma>TUESDAY</lemma>
            <CharacterOffsetBegin>208</CharacterOffsetBegin>
            <CharacterOffsetEnd>215</CharacterOffsetEnd>
            <POS>NNP</POS>
            <NER>DATE</NER>
            <NormalizedNER>XXXX-WXX-2 OFFSET P-1W</NormalizedNER>
            <Speaker>PER0</Speaker>
            <Timex tid="t2" type="DATE"/>
          </token>
          <token id="42">
            <word>BY</word>
            <lemma>by</lemma>
            <CharacterOffsetBegin>216</CharacterOffsetBegin>
            <CharacterOffsetEnd>218</CharacterOffsetEnd>
            <POS>IN</POS>
            <NER>O</NER>
            <Speaker>PER0</Speaker>
          </token>
          <token id="43">
            <word>A</word>
            <lemma>a</lemma>
            <CharacterOffsetBegin>219</CharacterOffsetBegin>
            <CharacterOffsetEnd>220</CharacterOffsetEnd>
            <POS>DT</POS>
            <NER>O</NER>
            <Speaker>PER0</Speaker>
          </token>
          <token id="44">
            <word>COLOMBIAN</word>
            <lemma>colombian</lemma>
            <CharacterOffsetBegin>221</CharacterOffsetBegin>
            <CharacterOffsetEnd>230</CharacterOffsetEnd>
            <POS>JJ</POS>
            <NER>MISC</NER>
            <Speaker>PER0</Speaker>
          </token>
          <token id="45">
            <word>GUERRILLA</word>
            <lemma>guerrilla</lemma>
            <CharacterOffsetBegin>231</CharacterOffsetBegin>
            <CharacterOffsetEnd>240</CharacterOffsetEnd>
            <POS>NN</POS>
            <NER>O</NER>
            <Speaker>PER0</Speaker>
          </token>
          <token id="46">
            <word>GROUP</word>
            <lemma>group</lemma>
            <CharacterOffsetBegin>241</CharacterOffsetBegin>
            <CharacterOffsetEnd>246</CharacterOffsetEnd>
            <POS>NN</POS>
            <NER>O</NER>
            <Speaker>PER0</Speaker>
          </token>
          <token id="47">
            <word>.</word>
            <lemma>.</lemma>
            <CharacterOffsetBegin>246</CharacterOffsetBegin>
            <CharacterOffsetEnd>247</CharacterOffsetEnd>
            <POS>.</POS>
            <NER>O</NER>
            <Speaker>PER0</Speaker>
          </token>
        </tokens>
        <parse>(ROOT (NP (NP (NP (NP (NNP MEXICO) (NNP CITY)) (PRN (-LRB- -LRB-) (NP (NNP MEXICO)) (-RRB- -RRB-)) (, ,) (NP (NP (CD 10)) (NP-TMP (NNP NOV) (CD 89)))) (PRN (-LRB- -LRB-) (NP (NN NOTIMEX)) (-RRB- -RRB-))) (: --) (NP (NP (-LRB- -LSB-) (NN TEXT)) (SBAR (-RRB- -RSB-) (S (NP (DT THE) (JJ MEXICAN) (NN GOVERNMENT)) (VP (VBZ HAS) (VP (VBN ASKED) (S (NP (NNP COLOMBIA)) (VP (TO TO) (VP (VB INTERVENE) (PP (IN IN) (S (VP (VBG PROTECTING) (CC AND) (VBG FACILITATING) (NP (NP (DT THE) (NN RELEASE)) (PP (IN OF) (NP (NP (DT THE) (JJ MEXICAN) (NN CITIZEN) (NNP JUAN) (NNP CARLOS) (NNS MIR)) (, ,) (VP (VBN KIDNAPPED) (NP-TMP (JJ LAST) (NNP TUESDAY)) (PP (IN BY) (NP (DT A) (JJ COLOMBIAN) (NN GUERRILLA) (NN GROUP)))))))))))))))))) (. .))) </parse>
        <dependencies type="basic-dependencies">
          <dep type="root">
            <governor idx="0">ROOT</governor>
            <dependent idx="2">CITY</dependent>
          </dep>
          <dep type="compound">
            <governor idx="2">CITY</governor>
            <dependent idx="1">MEXICO</dependent>
          </dep>
          <dep type="appos">
            <governor idx="2">CITY</governor>
            <dependent idx="4">MEXICO</dependent>
          </dep>
          <dep type="appos">
            <governor idx="2">CITY</governor>
            <dependent idx="7">10</dependent>
          </dep>
          <dep type="nmod:tmod">
            <governor idx="7">10</governor>
            <dependent idx="8">NOV</dependent>
          </dep>
          <dep type="nummod">
            <governor idx="8">NOV</governor>
            <dependent idx="9">89</dependent>
          </dep>
          <dep type="appos">
            <governor idx="2">CITY</governor>
            <dependent idx="11">NOTIMEX</dependent>
          </dep>
          <dep type="dep">
            <governor idx="2">CITY</governor>
            <dependent idx="15">TEXT</dependent>
          </dep>
          <dep type="det">
            <governor idx="19">GOVERNMENT</governor>
            <dependent idx="17">THE</dependent>
          </dep>
          <dep type="amod">
            <governor idx="19">GOVERNMENT</governor>
            <dependent idx="18">MEXICAN</dependent>
          </dep>
          <dep type="nsubj">
            <governor idx="21">ASKED</governor>
            <dependent idx="19">GOVERNMENT</dependent>
          </dep>
          <dep type="aux">
            <governor idx="21">ASKED</governor>
            <dependent idx="20">HAS</dependent>
          </dep>
          <dep type="acl:relcl">
            <governor idx="15">TEXT</governor>
            <dependent idx="21">ASKED</dependent>
          </dep>
          <dep type="dobj">
            <governor idx="21">ASKED</governor>
            <dependent idx="22">COLOMBIA</dependent>
          </dep>
          <dep type="mark">
            <governor idx="24">INTERVENE</governor>
            <dependent idx="23">TO</dependent>
          </dep>
          <dep type="xcomp">
            <governor idx="21">ASKED</governor>
            <dependent idx="24">INTERVENE</dependent>
          </dep>
          <dep type="mark">
            <governor idx="26">PROTECTING</governor>
            <dependent idx="25">IN</dependent>
          </dep>
          <dep type="advcl">
            <governor idx="24">INTERVENE</governor>
            <dependent idx="26">PROTECTING</dependent>
          </dep>
          <dep type="cc">
            <governor idx="26">PROTECTING</governor>
            <dependent idx="27">AND</dependent>
          </dep>
          <dep type="conj">
            <governor idx="26">PROTECTING</governor>
            <dependent idx="28">FACILITATING</dependent>
          </dep>
          <dep type="det">
            <governor idx="30">RELEASE</governor>
            <dependent idx="29">THE</dependent>
          </dep>
          <dep type="dobj">
            <governor idx="26">PROTECTING</governor>
            <dependent idx="30">RELEASE</dependent>
          </dep>
          <dep type="case">
            <governor idx="37">MIR</governor>
            <dependent idx="31">OF</dependent>
          </dep>
          <dep type="det">
            <governor idx="37">MIR</governor>
            <dependent idx="32">THE</dependent>
          </dep>
          <dep type="amod">
            <governor idx="37">MIR</governor>
            <dependent idx="33">MEXICAN</dependent>
          </dep>
          <dep type="compound">
            <governor idx="37">MIR</governor>
            <dependent idx="34">CITIZEN</dependent>
          </dep>
          <dep type="compound">
            <governor idx="37">MIR</governor>
            <dependent idx="35">JUAN</dependent>
          </dep>
          <dep type="compound">
            <governor idx="37">MIR</governor>
            <dependent idx="36">CARLOS</dependent>
          </dep>
          <dep type="nmod">
            <governor idx="30">RELEASE</governor>
            <dependent idx="37">MIR</dependent>
          </dep>
          <dep type="acl">
            <governor idx="37">MIR</governor>
            <dependent idx="39">KIDNAPPED</dependent>
          </dep>
          <dep type="amod">
            <governor idx="41">TUESDAY</governor>
            <dependent idx="40">LAST</dependent>
          </dep>
          <dep type="nmod:tmod">
            <governor idx="39">KIDNAPPED</governor>
            <dependent idx="41">TUESDAY</dependent>
          </dep>
          <dep type="case">
            <governor idx="46">GROUP</governor>
            <dependent idx="42">BY</dependent>
          </dep>
          <dep type="det">
            <governor idx="46">GROUP</governor>
            <dependent idx="43">A</dependent>
          </dep>
          <dep type="amod">
            <governor idx="46">GROUP</governor>
            <dependent idx="44">COLOMBIAN</dependent>
          </dep>
          <dep type="compound">
            <governor idx="46">GROUP</governor>
            <dependent idx="45">GUERRILLA</dependent>
          </dep>
          <dep type="nmod">
            <governor idx="39">KIDNAPPED</governor>
            <dependent idx="46">GROUP</dependent>
          </dep>
        </dependencies>
        <dependencies type="collapsed-dependencies">
          <dep type="root">
            <governor idx="0">ROOT</governor>
            <dependent idx="2">CITY</dependent>
          </dep>
          <dep type="compound">
            <governor idx="2">CITY</governor>
            <dependent idx="1">MEXICO</dependent>
          </dep>
          <dep type="appos">
            <governor idx="2">CITY</governor>
            <dependent idx="4">MEXICO</dependent>
          </dep>
          <dep type="appos">
            <governor idx="2">CITY</governor>
            <dependent idx="7">10</dependent>
          </dep>
          <dep type="nmod:tmod">
            <governor idx="7">10</governor>
            <dependent idx="8">NOV</dependent>
          </dep>
          <dep type="nummod">
            <governor idx="8">NOV</governor>
            <dependent idx="9">89</dependent>
          </dep>
          <dep type="appos">
            <governor idx="2">CITY</governor>
            <dependent idx="11">NOTIMEX</dependent>
          </dep>
          <dep type="dep">
            <governor idx="2">CITY</governor>
            <dependent idx="15">TEXT</dependent>
          </dep>
          <dep type="det">
            <governor idx="19">GOVERNMENT</governor>
            <dependent idx="17">THE</dependent>
          </dep>
          <dep type="amod">
            <governor idx="19">GOVERNMENT</governor>
            <dependent idx="18">MEXICAN</dependent>
          </dep>
          <dep type="nsubj">
            <governor idx="21">ASKED</governor>
            <dependent idx="19">GOVERNMENT</dependent>
          </dep>
          <dep type="aux">
            <governor idx="21">ASKED</governor>
            <dependent idx="20">HAS</dependent>
          </dep>
          <dep type="acl:relcl">
            <governor idx="15">TEXT</governor>
            <dependent idx="21">ASKED</dependent>
          </dep>
          <dep type="dobj">
            <governor idx="21">ASKED</governor>
            <dependent idx="22">COLOMBIA</dependent>
          </dep>
          <dep type="mark">
            <governor idx="24">INTERVENE</governor>
            <dependent idx="23">TO</dependent>
          </dep>
          <dep type="xcomp">
            <governor idx="21">ASKED</governor>
            <dependent idx="24">INTERVENE</dependent>
          </dep>
          <dep type="mark">
            <governor idx="26">PROTECTING</governor>
            <dependent idx="25">IN</dependent>
          </dep>
          <dep type="advcl">
            <governor idx="24">INTERVENE</governor>
            <dependent idx="26">PROTECTING</dependent>
          </dep>
          <dep type="cc">
            <governor idx="26">PROTECTING</governor>
            <dependent idx="27">AND</dependent>
          </dep>
          <dep type="conj:and">
            <governor idx="26">PROTECTING</governor>
            <dependent idx="28">FACILITATING</dependent>
          </dep>
          <dep type="det">
            <governor idx="30">RELEASE</governor>
            <dependent idx="29">THE</dependent>
          </dep>
          <dep type="dobj">
            <governor idx="26">PROTECTING</governor>
            <dependent idx="30">RELEASE</dependent>
          </dep>
          <dep type="case">
            <governor idx="37">MIR</governor>
            <dependent idx="31">OF</dependent>
          </dep>
          <dep type="det">
            <governor idx="37">MIR</governor>
            <dependent idx="32">THE</dependent>
          </dep>
          <dep type="amod">
            <governor idx="37">MIR</governor>
            <dependent idx="33">MEXICAN</dependent>
          </dep>
          <dep type="compound">
            <governor idx="37">MIR</governor>
            <dependent idx="34">CITIZEN</dependent>
          </dep>
          <dep type="compound">
            <governor idx="37">MIR</governor>
            <dependent idx="35">JUAN</dependent>
          </dep>
          <dep type="compound">
            <governor idx="37">MIR</governor>
            <dependent idx="36">CARLOS</dependent>
          </dep>
          <dep type="nmod:of">
            <governor idx="30">RELEASE</governor>
            <dependent idx="37">MIR</dependent>
          </dep>
          <dep type="acl">
            <governor idx="37">MIR</governor>
            <dependent idx="39">KIDNAPPED</dependent>
          </dep>
          <dep type="amod">
            <governor idx="41">TUESDAY</governor>
            <dependent idx="40">LAST</dependent>
          </dep>
          <dep type="nmod:tmod">
            <governor idx="39">KIDNAPPED</governor>
            <dependent idx="41">TUESDAY</dependent>
          </dep>
          <dep type="case">
            <governor idx="46">GROUP</governor>
            <dependent idx="42">BY</dependent>
          </dep>
          <dep type="det">
            <governor idx="46">GROUP</governor>
            <dependent idx="43">A</dependent>
          </dep>
          <dep type="amod">
            <governor idx="46">GROUP</governor>
            <dependent idx="44">COLOMBIAN</dependent>
          </dep>
          <dep type="compound">
            <governor idx="46">GROUP</governor>
            <dependent idx="45">GUERRILLA</dependent>
          </dep>
          <dep type="nmod:by">
            <governor idx="39">KIDNAPPED</governor>
            <dependent idx="46">GROUP</dependent>
          </dep>
        </dependencies>
        <dependencies type="collapsed-ccprocessed-dependencies">
          <dep type="root">
            <governor idx="0">ROOT</governor>
            <dependent idx="2">CITY</dependent>
          </dep>
          <dep type="compound">
            <governor idx="2">CITY</governor>
            <dependent idx="1">MEXICO</dependent>
          </dep>
          <dep type="appos">
            <governor idx="2">CITY</governor>
            <dependent idx="4">MEXICO</dependent>
          </dep>
          <dep type="appos">
            <governor idx="2">CITY</governor>
            <dependent idx="7">10</dependent>
          </dep>
          <dep type="nmod:tmod">
            <governor idx="7">10</governor>
            <dependent idx="8">NOV</dependent>
          </dep>
          <dep type="nummod">
            <governor idx="8">NOV</governor>
            <dependent idx="9">89</dependent>
          </dep>
          <dep type="appos">
            <governor idx="2">CITY</governor>
            <dependent idx="11">NOTIMEX</dependent>
          </dep>
          <dep type="dep">
            <governor idx="2">CITY</governor>
            <dependent idx="15">TEXT</dependent>
          </dep>
          <dep type="det">
            <governor idx="19">GOVERNMENT</governor>
            <dependent idx="17">THE</dependent>
          </dep>
          <dep type="amod">
            <governor idx="19">GOVERNMENT</governor>
            <dependent idx="18">MEXICAN</dependent>
          </dep>
          <dep type="nsubj">
            <governor idx="21">ASKED</governor>
            <dependent idx="19">GOVERNMENT</dependent>
          </dep>
          <dep type="aux">
            <governor idx="21">ASKED</governor>
            <dependent idx="20">HAS</dependent>
          </dep>
          <dep type="acl:relcl">
            <governor idx="15">TEXT</governor>
            <dependent idx="21">ASKED</dependent>
          </dep>
          <dep type="dobj">
            <governor idx="21">ASKED</governor>
            <dependent idx="22">COLOMBIA</dependent>
          </dep>
          <dep type="mark">
            <governor idx="24">INTERVENE</governor>
            <dependent idx="23">TO</dependent>
          </dep>
          <dep type="xcomp">
            <governor idx="21">ASKED</governor>
            <dependent idx="24">INTERVENE</dependent>
          </dep>
          <dep type="mark">
            <governor idx="26">PROTECTING</governor>
            <dependent idx="25">IN</dependent>
          </dep>
          <dep type="advcl">
            <governor idx="24">INTERVENE</governor>
            <dependent idx="26">PROTECTING</dependent>
          </dep>
          <dep type="cc">
            <governor idx="26">PROTECTING</governor>
            <dependent idx="27">AND</dependent>
          </dep>
          <dep type="advcl" extra="true">
            <governor idx="24">INTERVENE</governor>
            <dependent idx="28">FACILITATING</dependent>
          </dep>
          <dep type="conj:and">
            <governor idx="26">PROTECTING</governor>
            <dependent idx="28">FACILITATING</dependent>
          </dep>
          <dep type="det">
            <governor idx="30">RELEASE</governor>
            <dependent idx="29">THE</dependent>
          </dep>
          <dep type="dobj">
            <governor idx="26">PROTECTING</governor>
            <dependent idx="30">RELEASE</dependent>
          </dep>
          <dep type="case">
            <governor idx="37">MIR</governor>
            <dependent idx="31">OF</dependent>
          </dep>
          <dep type="det">
            <governor idx="37">MIR</governor>
            <dependent idx="32">THE</dependent>
          </dep>
          <dep type="amod">
            <governor idx="37">MIR</governor>
            <dependent idx="33">MEXICAN</dependent>
          </dep>
          <dep type="compound">
            <governor idx="37">MIR</governor>
            <dependent idx="34">CITIZEN</dependent>
          </dep>
          <dep type="compound">
            <governor idx="37">MIR</governor>
            <dependent idx="35">JUAN</dependent>
          </dep>
          <dep type="compound">
            <governor idx="37">MIR</governor>
            <dependent idx="36">CARLOS</dependent>
          </dep>
          <dep type="nmod:of">
            <governor idx="30">RELEASE</governor>
            <dependent idx="37">MIR</dependent>
          </dep>
          <dep type="acl">
            <governor idx="37">MIR</governor>
            <dependent idx="39">KIDNAPPED</dependent>
          </dep>
          <dep type="amod">
            <governor idx="41">TUESDAY</governor>
            <dependent idx="40">LAST</dependent>
          </dep>
          <dep type="nmod:tmod">
            <governor idx="39">KIDNAPPED</governor>
            <dependent idx="41">TUESDAY</dependent>
          </dep>
          <dep type="case">
            <governor idx="46">GROUP</governor>
            <dependent idx="42">BY</dependent>
          </dep>
          <dep type="det">
            <governor idx="46">GROUP</governor>
            <dependent idx="43">A</dependent>
          </dep>
          <dep type="amod">
            <governor idx="46">GROUP</governor>
            <dependent idx="44">COLOMBIAN</dependent>
          </dep>
          <dep type="compound">
            <governor idx="46">GROUP</governor>
            <dependent idx="45">GUERRILLA</dependent>
          </dep>
          <dep type="nmod:by">
            <governor idx="39">KIDNAPPED</governor>
            <dependent idx="46">GROUP</dependent>
          </dep>
        </dependencies>
      </sentence>
      <sentence id="2">
        <tokens>
          <token id="1">
            <word>THE</word>
            <lemma>the</lemma>
            <CharacterOffsetBegin>252</CharacterOffsetBegin>
            <CharacterOffsetEnd>255</CharacterOffsetEnd>
            <POS>DT</POS>
            <NER>O</NER>
            <Speaker>PER0</Speaker>
          </token>
          <token id="2">
            <word>MEXICAN</word>
            <lemma>mexican</lemma>
            <CharacterOffsetBegin>256</CharacterOffsetBegin>
            <CharacterOffsetEnd>263</CharacterOffsetEnd>
            <POS>JJ</POS>
            <NER>MISC</NER>
            <Speaker>PER0</Speaker>
          </token>
          <token id="3">
            <word>FOREIGN</word>
            <lemma>foreign</lemma>
            <CharacterOffsetBegin>264</CharacterOffsetBegin>
            <CharacterOffsetEnd>271</CharacterOffsetEnd>
            <POS>JJ</POS>
            <NER>O</NER>
            <Speaker>PER0</Speaker>
          </token>
          <token id="4">
            <word>RELATIONS</word>
            <lemma>relation</lemma>
            <CharacterOffsetBegin>272</CharacterOffsetBegin>
            <CharacterOffsetEnd>281</CharacterOffsetEnd>
            <POS>NNS</POS>
            <NER>O</NER>
            <Speaker>PER0</Speaker>
          </token>
          <token id="5">
            <word>SECRETARIAT</word>
            <lemma>secretariat</lemma>
            <CharacterOffsetBegin>282</CharacterOffsetBegin>
            <CharacterOffsetEnd>293</CharacterOffsetEnd>
            <POS>NN</POS>
            <NER>O</NER>
            <Speaker>PER0</Speaker>
          </token>
          <token id="6">
            <word>-LRB-</word>
            <lemma>-lrb-</lemma>
            <CharacterOffsetBegin>294</CharacterOffsetBegin>
            <CharacterOffsetEnd>295</CharacterOffsetEnd>
            <POS>-LRB-</POS>
            <NER>O</NER>
            <Speaker>PER0</Speaker>
          </token>
          <token id="7">
            <word>SRE</word>
            <lemma>sre</lemma>
            <CharacterOffsetBegin>295</CharacterOffsetBegin>
            <CharacterOffsetEnd>298</CharacterOffsetEnd>
            <POS>NN</POS>
            <NER>O</NER>
            <Speaker>PER0</Speaker>
          </token>
          <token id="8">
            <word>-RRB-</word>
            <lemma>-rrb-</lemma>
            <CharacterOffsetBegin>298</CharacterOffsetBegin>
            <CharacterOffsetEnd>299</CharacterOffsetEnd>
            <POS>-RRB-</POS>
            <NER>O</NER>
            <Speaker>PER0</Speaker>
          </token>
          <token id="9">
            <word>STATED</word>
            <lemma>state</lemma>
            <CharacterOffsetBegin>300</CharacterOffsetBegin>
            <CharacterOffsetEnd>306</CharacterOffsetEnd>
            <POS>VBD</POS>
            <NER>O</NER>
            <Speaker>PER0</Speaker>
          </token>
          <token id="10">
            <word>THAT</word>
            <lemma>that</lemma>
            <CharacterOffsetBegin>307</CharacterOffsetBegin>
            <CharacterOffsetEnd>311</CharacterOffsetEnd>
            <POS>IN</POS>
            <NER>O</NER>
            <Speaker>PER0</Speaker>
          </token>
          <token id="11">
            <word>THE</word>
            <lemma>the</lemma>
            <CharacterOffsetBegin>312</CharacterOffsetBegin>
            <CharacterOffsetEnd>315</CharacterOffsetEnd>
            <POS>DT</POS>
            <NER>O</NER>
            <Speaker>PER0</Speaker>
          </token>
          <token id="12">
            <word>REQUEST</word>
            <lemma>request</lemma>
            <CharacterOffsetBegin>316</CharacterOffsetBegin>
            <CharacterOffsetEnd>323</CharacterOffsetEnd>
            <POS>NN</POS>
            <NER>O</NER>
            <Speaker>PER0</Speaker>
          </token>
          <token id="13">
            <word>WAS</word>
            <lemma>be</lemma>
            <CharacterOffsetBegin>324</CharacterOffsetBegin>
            <CharacterOffsetEnd>327</CharacterOffsetEnd>
            <POS>VBD</POS>
            <NER>O</NER>
            <Speaker>PER0</Speaker>
          </token>
          <token id="14">
            <word>MADE</word>
            <lemma>make</lemma>
            <CharacterOffsetBegin>328</CharacterOffsetBegin>
            <CharacterOffsetEnd>332</CharacterOffsetEnd>
            <POS>VBN</POS>
            <NER>O</NER>
            <Speaker>PER0</Speaker>
          </token>
          <token id="15">
            <word>THROUGH</word>
            <lemma>through</lemma>
            <CharacterOffsetBegin>333</CharacterOffsetBegin>
            <CharacterOffsetEnd>340</CharacterOffsetEnd>
            <POS>IN</POS>
            <NER>O</NER>
            <Speaker>PER0</Speaker>
          </token>
          <token id="16">
            <word>THE</word>
            <lemma>the</lemma>
            <CharacterOffsetBegin>341</CharacterOffsetBegin>
            <CharacterOffsetEnd>344</CharacterOffsetEnd>
            <POS>DT</POS>
            <NER>O</NER>
            <Speaker>PER0</Speaker>
          </token>
          <token id="17">
            <word>MEXICAN</word>
            <lemma>mexican</lemma>
            <CharacterOffsetBegin>345</CharacterOffsetBegin>
            <CharacterOffsetEnd>352</CharacterOffsetEnd>
            <POS>JJ</POS>
            <NER>MISC</NER>
            <Speaker>PER0</Speaker>
          </token>
          <token id="18">
            <word>EMBASSY</word>
            <lemma>embassy</lemma>
            <CharacterOffsetBegin>353</CharacterOffsetBegin>
            <CharacterOffsetEnd>360</CharacterOffsetEnd>
            <POS>NN</POS>
            <NER>O</NER>
            <Speaker>PER0</Speaker>
          </token>
          <token id="19">
            <word>IN</word>
            <lemma>in</lemma>
            <CharacterOffsetBegin>361</CharacterOffsetBegin>
            <CharacterOffsetEnd>363</CharacterOffsetEnd>
            <POS>IN</POS>
            <NER>O</NER>
            <Speaker>PER0</Speaker>
          </token>
          <token id="20">
            <word>COLOMBIA</word>
            <lemma>COLOMBIA</lemma>
            <CharacterOffsetBegin>364</CharacterOffsetBegin>
            <CharacterOffsetEnd>372</CharacterOffsetEnd>
            <POS>NNP</POS>
            <NER>LOCATION</NER>
            <Speaker>PER0</Speaker>
          </token>
          <token id="21">
            <word>.</word>
            <lemma>.</lemma>
            <CharacterOffsetBegin>372</CharacterOffsetBegin>
            <CharacterOffsetEnd>373</CharacterOffsetEnd>
            <POS>.</POS>
            <NER>O</NER>
            <Speaker>PER0</Speaker>
          </token>
        </tokens>
        <parse>(ROOT (S (NP (NP (DT THE) (JJ MEXICAN) (JJ FOREIGN) (NNS RELATIONS) (NN SECRETARIAT)) (PRN (-LRB- -LRB-) (NP (NN SRE)) (-RRB- -RRB-))) (VP (VBD STATED) (SBAR (IN THAT) (S (NP (DT THE) (NN REQUEST)) (VP (VBD WAS) (VP (VBN MADE) (PP (IN THROUGH) (NP (NP (DT THE) (JJ MEXICAN) (NN EMBASSY)) (PP (IN IN) (NP (NNP COLOMBIA)))))))))) (. .))) </parse>
        <dependencies type="basic-dependencies">
          <dep type="root">
            <governor idx="0">ROOT</governor>
            <dependent idx="9">STATED</dependent>
          </dep>
          <dep type="det">
            <governor idx="5">SECRETARIAT</governor>
            <dependent idx="1">THE</dependent>
          </dep>
          <dep type="amod">
            <governor idx="5">SECRETARIAT</governor>
            <dependent idx="2">MEXICAN</dependent>
          </dep>
          <dep type="amod">
            <governor idx="5">SECRETARIAT</governor>
            <dependent idx="3">FOREIGN</dependent>
          </dep>
          <dep type="compound">
            <governor idx="5">SECRETARIAT</governor>
            <dependent idx="4">RELATIONS</dependent>
          </dep>
          <dep type="nsubj">
            <governor idx="9">STATED</governor>
            <dependent idx="5">SECRETARIAT</dependent>
          </dep>
          <dep type="appos">
            <governor idx="5">SECRETARIAT</governor>
            <dependent idx="7">SRE</dependent>
          </dep>
          <dep type="mark">
            <governor idx="14">MADE</governor>
            <dependent idx="10">THAT</dependent>
          </dep>
          <dep type="det">
            <governor idx="12">REQUEST</governor>
            <dependent idx="11">THE</dependent>
          </dep>
          <dep type="nsubjpass">
            <governor idx="14">MADE</governor>
            <dependent idx="12">REQUEST</dependent>
          </dep>
          <dep type="auxpass">
            <governor idx="14">MADE</governor>
            <dependent idx="13">WAS</dependent>
          </dep>
          <dep type="ccomp">
            <governor idx="9">STATED</governor>
            <dependent idx="14">MADE</dependent>
          </dep>
          <dep type="case">
            <governor idx="18">EMBASSY</governor>
            <dependent idx="15">THROUGH</dependent>
          </dep>
          <dep type="det">
            <governor idx="18">EMBASSY</governor>
            <dependent idx="16">THE</dependent>
          </dep>
          <dep type="amod">
            <governor idx="18">EMBASSY</governor>
            <dependent idx="17">MEXICAN</dependent>
          </dep>
          <dep type="nmod">
            <governor idx="14">MADE</governor>
            <dependent idx="18">EMBASSY</dependent>
          </dep>
          <dep type="case">
            <governor idx="20">COLOMBIA</governor>
            <dependent idx="19">IN</dependent>
          </dep>
          <dep type="nmod">
            <governor idx="18">EMBASSY</governor>
            <dependent idx="20">COLOMBIA</dependent>
          </dep>
        </dependencies>
        <dependencies type="collapsed-dependencies">
          <dep type="root">
            <governor idx="0">ROOT</governor>
            <dependent idx="9">STATED</dependent>
          </dep>
          <dep type="det">
            <governor idx="5">SECRETARIAT</governor>
            <dependent idx="1">THE</dependent>
          </dep>
          <dep type="amod">
            <governor idx="5">SECRETARIAT</governor>
            <dependent idx="2">MEXICAN</dependent>
          </dep>
          <dep type="amod">
            <governor idx="5">SECRETARIAT</governor>
            <dependent idx="3">FOREIGN</dependent>
          </dep>
          <dep type="compound">
            <governor idx="5">SECRETARIAT</governor>
            <dependent idx="4">RELATIONS</dependent>
          </dep>
          <dep type="nsubj">
            <governor idx="9">STATED</governor>
            <dependent idx="5">SECRETARIAT</dependent>
          </dep>
          <dep type="appos">
            <governor idx="5">SECRETARIAT</governor>
            <dependent idx="7">SRE</dependent>
          </dep>
          <dep type="mark">
            <governor idx="14">MADE</governor>
            <dependent idx="10">THAT</dependent>
          </dep>
          <dep type="det">
            <governor idx="12">REQUEST</governor>
            <dependent idx="11">THE</dependent>
          </dep>
          <dep type="nsubjpass">
            <governor idx="14">MADE</governor>
            <dependent idx="12">REQUEST</dependent>
          </dep>
          <dep type="auxpass">
            <governor idx="14">MADE</governor>
            <dependent idx="13">WAS</dependent>
          </dep>
          <dep type="ccomp">
            <governor idx="9">STATED</governor>
            <dependent idx="14">MADE</dependent>
          </dep>
          <dep type="case">
            <governor idx="18">EMBASSY</governor>
            <dependent idx="15">THROUGH</dependent>
          </dep>
          <dep type="det">
            <governor idx="18">EMBASSY</governor>
            <dependent idx="16">THE</dependent>
          </dep>
          <dep type="amod">
            <governor idx="18">EMBASSY</governor>
            <dependent idx="17">MEXICAN</dependent>
          </dep>
          <dep type="nmod:through">
            <governor idx="14">MADE</governor>
            <dependent idx="18">EMBASSY</dependent>
          </dep>
          <dep type="case">
            <governor idx="20">COLOMBIA</governor>
            <dependent idx="19">IN</dependent>
          </dep>
          <dep type="nmod:in">
            <governor idx="18">EMBASSY</governor>
            <dependent idx="20">COLOMBIA</dependent>
          </dep>
        </dependencies>
        <dependencies type="collapsed-ccprocessed-dependencies">
          <dep type="root">
            <governor idx="0">ROOT</governor>
            <dependent idx="9">STATED</dependent>
          </dep>
          <dep type="det">
            <governor idx="5">SECRETARIAT</governor>
            <dependent idx="1">THE</dependent>
          </dep>
          <dep type="amod">
            <governor idx="5">SECRETARIAT</governor>
            <dependent idx="2">MEXICAN</dependent>
          </dep>
          <dep type="amod">
            <governor idx="5">SECRETARIAT</governor>
            <dependent idx="3">FOREIGN</dependent>
          </dep>
          <dep type="compound">
            <governor idx="5">SECRETARIAT</governor>
            <dependent idx="4">RELATIONS</dependent>
          </dep>
          <dep type="nsubj">
            <governor idx="9">STATED</governor>
            <dependent idx="5">SECRETARIAT</dependent>
          </dep>
          <dep type="appos">
            <governor idx="5">SECRETARIAT</governor>
            <dependent idx="7">SRE</dependent>
          </dep>
          <dep type="mark">
            <governor idx="14">MADE</governor>
            <dependent idx="10">THAT</dependent>
          </dep>
          <dep type="det">
            <governor idx="12">REQUEST</governor>
            <dependent idx="11">THE</dependent>
          </dep>
          <dep type="nsubjpass">
            <governor idx="14">MADE</governor>
            <dependent idx="12">REQUEST</dependent>
          </dep>
          <dep type="auxpass">
            <governor idx="14">MADE</governor>
            <dependent idx="13">WAS</dependent>
          </dep>
          <dep type="ccomp">
            <governor idx="9">STATED</governor>
            <dependent idx="14">MADE</dependent>
          </dep>
          <dep type="case">
            <governor idx="18">EMBASSY</governor>
            <dependent idx="15">THROUGH</dependent>
          </dep>
          <dep type="det">
            <governor idx="18">EMBASSY</governor>
            <dependent idx="16">THE</dependent>
          </dep>
          <dep type="amod">
            <governor idx="18">EMBASSY</governor>
            <dependent idx="17">MEXICAN</dependent>
          </dep>
          <dep type="nmod:through">
            <governor idx="14">MADE</governor>
            <dependent idx="18">EMBASSY</dependent>
          </dep>
          <dep type="case">
            <governor idx="20">COLOMBIA</governor>
            <dependent idx="19">IN</dependent>
          </dep>
          <dep type="nmod:in">
            <governor idx="18">EMBASSY</governor>
            <dependent idx="20">COLOMBIA</dependent>
          </dep>
        </dependencies>
      </sentence>
      <sentence id="3">
        <tokens>
          <token id="1">
            <word>IT</word>
            <lemma>it</lemma>
            <CharacterOffsetBegin>374</CharacterOffsetBegin>
            <CharacterOffsetEnd>376</CharacterOffsetEnd>
            <POS>PRP</POS>
            <NER>O</NER>
            <Speaker>PER0</Speaker>
          </token>
          <token id="2">
            <word>ADDED</word>
            <lemma>add</lemma>
            <CharacterOffsetBegin>377</CharacterOffsetBegin>
            <CharacterOffsetEnd>382</CharacterOffsetEnd>
            <POS>VBD</POS>
            <NER>O</NER>
            <Speaker>PER0</Speaker>
          </token>
          <token id="3">
            <word>THAT</word>
            <lemma>that</lemma>
            <CharacterOffsetBegin>383</CharacterOffsetBegin>
            <CharacterOffsetEnd>387</CharacterOffsetEnd>
            <POS>IN</POS>
            <NER>O</NER>
            <Speaker>PER0</Speaker>
          </token>
          <token id="4">
            <word>IT</word>
            <lemma>it</lemma>
            <CharacterOffsetBegin>388</CharacterOffsetBegin>
            <CharacterOffsetEnd>390</CharacterOffsetEnd>
            <POS>PRP</POS>
            <NER>O</NER>
            <Speaker>PER0</Speaker>
          </token>
          <token id="5">
            <word>RECEIVED</word>
            <lemma>receive</lemma>
            <CharacterOffsetBegin>391</CharacterOffsetBegin>
            <CharacterOffsetEnd>399</CharacterOffsetEnd>
            <POS>VBD</POS>
            <NER>O</NER>
            <Speaker>PER0</Speaker>
          </token>
          <token id="6">
            <word>CONFIRMATION</word>
            <lemma>confirmation</lemma>
            <CharacterOffsetBegin>400</CharacterOffsetBegin>
            <CharacterOffsetEnd>412</CharacterOffsetEnd>
            <POS>NN</POS>
            <NER>O</NER>
            <Speaker>PER0</Speaker>
          </token>
          <token id="7">
            <word>YESTERDAY</word>
            <lemma>yesterday</lemma>
            <CharacterOffsetBegin>413</CharacterOffsetBegin>
            <CharacterOffsetEnd>422</CharacterOffsetEnd>
            <POS>NN</POS>
            <NER>DATE</NER>
            <NormalizedNER>OFFSET P-1D</NormalizedNER>
            <Speaker>PER0</Speaker>
            <Timex tid="t4" type="DATE"/>
          </token>
          <token id="8">
            <word>OF</word>
            <lemma>of</lemma>
            <CharacterOffsetBegin>423</CharacterOffsetBegin>
            <CharacterOffsetEnd>425</CharacterOffsetEnd>
            <POS>IN</POS>
            <NER>O</NER>
            <Speaker>PER0</Speaker>
          </token>
          <token id="9">
            <word>MIR</word>
            <lemma>mir</lemma>
            <CharacterOffsetBegin>426</CharacterOffsetBegin>
            <CharacterOffsetEnd>429</CharacterOffsetEnd>
            <POS>NNS</POS>
            <NER>LOCATION</NER>
            <Speaker>PER0</Speaker>
          </token>
          <token id="10">
            <word>'S</word>
            <lemma>'s</lemma>
            <CharacterOffsetBegin>429</CharacterOffsetBegin>
            <CharacterOffsetEnd>431</CharacterOffsetEnd>
            <POS>POS</POS>
            <NER>O</NER>
            <Speaker>PER0</Speaker>
          </token>
          <token id="11">
            <word>KIDNAPPING</word>
            <lemma>kidnapping</lemma>
            <CharacterOffsetBegin>432</CharacterOffsetBegin>
            <CharacterOffsetEnd>442</CharacterOffsetEnd>
            <POS>NN</POS>
            <NER>O</NER>
            <Speaker>PER0</Speaker>
          </token>
          <token id="12">
            <word>.</word>
            <lemma>.</lemma>
            <CharacterOffsetBegin>442</CharacterOffsetBegin>
            <CharacterOffsetEnd>443</CharacterOffsetEnd>
            <POS>.</POS>
            <NER>O</NER>
            <Speaker>PER0</Speaker>
          </token>
        </tokens>
        <parse>(ROOT (S (NP (PRP IT)) (VP (VBD ADDED) (SBAR (IN THAT) (S (NP (PRP IT)) (VP (VBD RECEIVED) (NP (NP (NN CONFIRMATION) (NN YESTERDAY)) (PP (IN OF) (NP (NP (NNS MIR) (POS 'S)) (NN KIDNAPPING)))))))) (. .))) </parse>
        <dependencies type="basic-dependencies">
          <dep type="root">
            <governor idx="0">ROOT</governor>
            <dependent idx="2">ADDED</dependent>
          </dep>
          <dep type="nsubj">
            <governor idx="2">ADDED</governor>
            <dependent idx="1">IT</dependent>
          </dep>
          <dep type="mark">
            <governor idx="5">RECEIVED</governor>
            <dependent idx="3">THAT</dependent>
          </dep>
          <dep type="nsubj">
            <governor idx="5">RECEIVED</governor>
            <dependent idx="4">IT</dependent>
          </dep>
          <dep type="ccomp">
            <governor idx="2">ADDED</governor>
            <dependent idx="5">RECEIVED</dependent>
          </dep>
          <dep type="compound">
            <governor idx="7">YESTERDAY</governor>
            <dependent idx="6">CONFIRMATION</dependent>
          </dep>
          <dep type="dobj">
            <governor idx="5">RECEIVED</governor>
            <dependent idx="7">YESTERDAY</dependent>
          </dep>
          <dep type="case">
            <governor idx="11">KIDNAPPING</governor>
            <dependent idx="8">OF</dependent>
          </dep>
          <dep type="nmod:poss">
            <governor idx="11">KIDNAPPING</governor>
            <dependent idx="9">MIR</dependent>
          </dep>
          <dep type="case">
            <governor idx="9">MIR</governor>
            <dependent idx="10">'S</dependent>
          </dep>
          <dep type="nmod">
            <governor idx="7">YESTERDAY</governor>
            <dependent idx="11">KIDNAPPING</dependent>
          </dep>
        </dependencies>
        <dependencies type="collapsed-dependencies">
          <dep type="root">
            <governor idx="0">ROOT</governor>
            <dependent idx="2">ADDED</dependent>
          </dep>
          <dep type="nsubj">
            <governor idx="2">ADDED</governor>
            <dependent idx="1">IT</dependent>
          </dep>
          <dep type="mark">
            <governor idx="5">RECEIVED</governor>
            <dependent idx="3">THAT</dependent>
          </dep>
          <dep type="nsubj">
            <governor idx="5">RECEIVED</governor>
            <dependent idx="4">IT</dependent>
          </dep>
          <dep type="ccomp">
            <governor idx="2">ADDED</governor>
            <dependent idx="5">RECEIVED</dependent>
          </dep>
          <dep type="compound">
            <governor idx="7">YESTERDAY</governor>
            <dependent idx="6">CONFIRMATION</dependent>
          </dep>
          <dep type="dobj">
            <governor idx="5">RECEIVED</governor>
            <dependent idx="7">YESTERDAY</dependent>
          </dep>
          <dep type="case">
            <governor idx="11">KIDNAPPING</governor>
            <dependent idx="8">OF</dependent>
          </dep>
          <dep type="nmod:poss">
            <governor idx="11">KIDNAPPING</governor>
            <dependent idx="9">MIR</dependent>
          </dep>
          <dep type="case">
            <governor idx="9">MIR</governor>
            <dependent idx="10">'S</dependent>
          </dep>
          <dep type="nmod:of">
            <governor idx="7">YESTERDAY</governor>
            <dependent idx="11">KIDNAPPING</dependent>
          </dep>
        </dependencies>
        <dependencies type="collapsed-ccprocessed-dependencies">
          <dep type="root">
            <governor idx="0">ROOT</governor>
            <dependent idx="2">ADDED</dependent>
          </dep>
          <dep type="nsubj">
            <governor idx="2">ADDED</governor>
            <dependent idx="1">IT</dependent>
          </dep>
          <dep type="mark">
            <governor idx="5">RECEIVED</governor>
            <dependent idx="3">THAT</dependent>
          </dep>
          <dep type="nsubj">
            <governor idx="5">RECEIVED</governor>
            <dependent idx="4">IT</dependent>
          </dep>
          <dep type="ccomp">
            <governor idx="2">ADDED</governor>
            <dependent idx="5">RECEIVED</dependent>
          </dep>
          <dep type="compound">
            <governor idx="7">YESTERDAY</governor>
            <dependent idx="6">CONFIRMATION</dependent>
          </dep>
          <dep type="dobj">
            <governor idx="5">RECEIVED</governor>
            <dependent idx="7">YESTERDAY</dependent>
          </dep>
          <dep type="case">
            <governor idx="11">KIDNAPPING</governor>
            <dependent idx="8">OF</dependent>
          </dep>
          <dep type="nmod:poss">
            <governor idx="11">KIDNAPPING</governor>
            <dependent idx="9">MIR</dependent>
          </dep>
          <dep type="case">
            <governor idx="9">MIR</governor>
            <dependent idx="10">'S</dependent>
          </dep>
          <dep type="nmod:of">
            <governor idx="7">YESTERDAY</governor>
            <dependent idx="11">KIDNAPPING</dependent>
          </dep>
        </dependencies>
      </sentence>
      <sentence id="4">
        <tokens>
          <token id="1">
            <word>MIR</word>
            <lemma>mir</lemma>
            <CharacterOffsetBegin>444</CharacterOffsetBegin>
            <CharacterOffsetEnd>447</CharacterOffsetEnd>
            <POS>NNS</POS>
            <NER>LOCATION</NER>
            <Speaker>PER0</Speaker>
          </token>
          <token id="2">
            <word>WORKS</word>
            <lemma>work</lemma>
            <CharacterOffsetBegin>448</CharacterOffsetBegin>
            <CharacterOffsetEnd>453</CharacterOffsetEnd>
            <POS>VBZ</POS>
            <NER>O</NER>
            <Speaker>PER0</Speaker>
          </token>
          <token id="3">
            <word>FOR</word>
            <lemma>for</lemma>
            <CharacterOffsetBegin>454</CharacterOffsetBegin>
            <CharacterOffsetEnd>457</CharacterOffsetEnd>
            <POS>IN</POS>
            <NER>O</NER>
            <Speaker>PER0</Speaker>
          </token>
          <token id="4">
            <word>THE</word>
            <lemma>the</lemma>
            <CharacterOffsetBegin>458</CharacterOffsetBegin>
            <CharacterOffsetEnd>461</CharacterOffsetEnd>
            <POS>DT</POS>
            <NER>O</NER>
            <Speaker>PER0</Speaker>
          </token>
          <token id="5">
            <word>MEXICAN</word>
            <lemma>mexican</lemma>
            <CharacterOffsetBegin>462</CharacterOffsetBegin>
            <CharacterOffsetEnd>469</CharacterOffsetEnd>
            <POS>JJ</POS>
            <NER>MISC</NER>
            <Speaker>PER0</Speaker>
          </token>
          <token id="6">
            <word>CONSORTIUM</word>
            <lemma>consortium</lemma>
            <CharacterOffsetBegin>470</CharacterOffsetBegin>
            <CharacterOffsetEnd>480</CharacterOffsetEnd>
            <POS>NN</POS>
            <NER>O</NER>
            <Speaker>PER0</Speaker>
          </token>
          <token id="7">
            <word>ASSOCIATED</word>
            <lemma>associate</lemma>
            <CharacterOffsetBegin>481</CharacterOffsetBegin>
            <CharacterOffsetEnd>491</CharacterOffsetEnd>
            <POS>VBN</POS>
            <NER>O</NER>
            <Speaker>PER0</Speaker>
          </token>
          <token id="8">
            <word>CONSTRUCTION</word>
            <lemma>construction</lemma>
            <CharacterOffsetBegin>492</CharacterOffsetBegin>
            <CharacterOffsetEnd>504</CharacterOffsetEnd>
            <POS>NN</POS>
            <NER>O</NER>
            <Speaker>PER0</Speaker>
          </token>
          <token id="9">
            <word>ENGINEERS</word>
            <lemma>engineer</lemma>
            <CharacterOffsetBegin>505</CharacterOffsetBegin>
            <CharacterOffsetEnd>514</CharacterOffsetEnd>
            <POS>NNS</POS>
            <NER>O</NER>
            <Speaker>PER0</Speaker>
          </token>
          <token id="10">
            <word>,</word>
            <lemma>,</lemma>
            <CharacterOffsetBegin>514</CharacterOffsetBegin>
            <CharacterOffsetEnd>515</CharacterOffsetEnd>
            <POS>,</POS>
            <NER>O</NER>
            <Speaker>PER0</Speaker>
          </token>
          <token id="11">
            <word>ICA</word>
            <lemma>ICA</lemma>
            <CharacterOffsetBegin>516</CharacterOffsetBegin>
            <CharacterOffsetEnd>519</CharacterOffsetEnd>
            <POS>NNP</POS>
            <NER>ORGANIZATION</NER>
            <Speaker>PER0</Speaker>
          </token>
          <token id="12">
            <word>.</word>
            <lemma>.</lemma>
            <CharacterOffsetBegin>519</CharacterOffsetBegin>
            <CharacterOffsetEnd>520</CharacterOffsetEnd>
            <POS>.</POS>
            <NER>O</NER>
            <Speaker>PER0</Speaker>
          </token>
        </tokens>
        <parse>(ROOT (S (NP (NNS MIR)) (VP (VBZ WORKS) (PP (IN FOR) (NP (NP (DT THE) (JJ MEXICAN) (NN CONSORTIUM)) (VP (VBN ASSOCIATED) (NP (NP (NN CONSTRUCTION) (NNS ENGINEERS)) (, ,) (NP (NNP ICA))))))) (. .))) </parse>
        <dependencies type="basic-dependencies">
          <dep type="root">
            <governor idx="0">ROOT</governor>
            <dependent idx="2">WORKS</dependent>
          </dep>
          <dep type="nsubj">
            <governor idx="2">WORKS</governor>
            <dependent idx="1">MIR</dependent>
          </dep>
          <dep type="case">
            <governor idx="6">CONSORTIUM</governor>
            <dependent idx="3">FOR</dependent>
          </dep>
          <dep type="det">
            <governor idx="6">CONSORTIUM</governor>
            <dependent idx="4">THE</dependent>
          </dep>
          <dep type="amod">
            <governor idx="6">CONSORTIUM</governor>
            <dependent idx="5">MEXICAN</dependent>
          </dep>
          <dep type="nmod">
            <governor idx="2">WORKS</governor>
            <dependent idx="6">CONSORTIUM</dependent>
          </dep>
          <dep type="acl">
            <governor idx="6">CONSORTIUM</governor>
            <dependent idx="7">ASSOCIATED</dependent>
          </dep>
          <dep type="compound">
            <governor idx="9">ENGINEERS</governor>
            <dependent idx="8">CONSTRUCTION</dependent>
          </dep>
          <dep type="dobj">
            <governor idx="7">ASSOCIATED</governor>
            <dependent idx="9">ENGINEERS</dependent>
          </dep>
          <dep type="appos">
            <governor idx="9">ENGINEERS</governor>
            <dependent idx="11">ICA</dependent>
          </dep>
        </dependencies>
        <dependencies type="collapsed-dependencies">
          <dep type="root">
            <governor idx="0">ROOT</governor>
            <dependent idx="2">WORKS</dependent>
          </dep>
          <dep type="nsubj">
            <governor idx="2">WORKS</governor>
            <dependent idx="1">MIR</dependent>
          </dep>
          <dep type="case">
            <governor idx="6">CONSORTIUM</governor>
            <dependent idx="3">FOR</dependent>
          </dep>
          <dep type="det">
            <governor idx="6">CONSORTIUM</governor>
            <dependent idx="4">THE</dependent>
          </dep>
          <dep type="amod">
            <governor idx="6">CONSORTIUM</governor>
            <dependent idx="5">MEXICAN</dependent>
          </dep>
          <dep type="nmod:for">
            <governor idx="2">WORKS</governor>
            <dependent idx="6">CONSORTIUM</dependent>
          </dep>
          <dep type="acl">
            <governor idx="6">CONSORTIUM</governor>
            <dependent idx="7">ASSOCIATED</dependent>
          </dep>
          <dep type="compound">
            <governor idx="9">ENGINEERS</governor>
            <dependent idx="8">CONSTRUCTION</dependent>
          </dep>
          <dep type="dobj">
            <governor idx="7">ASSOCIATED</governor>
            <dependent idx="9">ENGINEERS</dependent>
          </dep>
          <dep type="appos">
            <governor idx="9">ENGINEERS</governor>
            <dependent idx="11">ICA</dependent>
          </dep>
        </dependencies>
        <dependencies type="collapsed-ccprocessed-dependencies">
          <dep type="root">
            <governor idx="0">ROOT</governor>
            <dependent idx="2">WORKS</dependent>
          </dep>
          <dep type="nsubj">
            <governor idx="2">WORKS</governor>
            <dependent idx="1">MIR</dependent>
          </dep>
          <dep type="case">
            <governor idx="6">CONSORTIUM</governor>
            <dependent idx="3">FOR</dependent>
          </dep>
          <dep type="det">
            <governor idx="6">CONSORTIUM</governor>
            <dependent idx="4">THE</dependent>
          </dep>
          <dep type="amod">
            <governor idx="6">CONSORTIUM</governor>
            <dependent idx="5">MEXICAN</dependent>
          </dep>
          <dep type="nmod:for">
            <governor idx="2">WORKS</governor>
            <dependent idx="6">CONSORTIUM</dependent>
          </dep>
          <dep type="acl">
            <governor idx="6">CONSORTIUM</governor>
            <dependent idx="7">ASSOCIATED</dependent>
          </dep>
          <dep type="compound">
            <governor idx="9">ENGINEERS</governor>
            <dependent idx="8">CONSTRUCTION</dependent>
          </dep>
          <dep type="dobj">
            <governor idx="7">ASSOCIATED</governor>
            <dependent idx="9">ENGINEERS</dependent>
          </dep>
          <dep type="appos">
            <governor idx="9">ENGINEERS</governor>
            <dependent idx="11">ICA</dependent>
          </dep>
        </dependencies>
      </sentence>
      <sentence id="5">
        <tokens>
          <token id="1">
            <word>THE</word>
            <lemma>the</lemma>
            <CharacterOffsetBegin>525</CharacterOffsetBegin>
            <CharacterOffsetEnd>528</CharacterOffsetEnd>
            <POS>DT</POS>
            <NER>O</NER>
            <Speaker>PER0</Speaker>
          </token>
          <token id="2">
            <word>SRE</word>
            <lemma>sre</lemma>
            <CharacterOffsetBegin>529</CharacterOffsetBegin>
            <CharacterOffsetEnd>532</CharacterOffsetEnd>
            <POS>NN</POS>
            <NER>O</NER>
            <Speaker>PER0</Speaker>
          </token>
          <token id="3">
            <word>NOTED</word>
            <lemma>note</lemma>
            <CharacterOffsetBegin>533</CharacterOffsetBegin>
            <CharacterOffsetEnd>538</CharacterOffsetEnd>
            <POS>VBD</POS>
            <NER>O</NER>
            <Speaker>PER0</Speaker>
          </token>
          <token id="4">
            <word>THAT</word>
            <lemma>that</lemma>
            <CharacterOffsetBegin>539</CharacterOffsetBegin>
            <CharacterOffsetEnd>543</CharacterOffsetEnd>
            <POS>IN</POS>
            <NER>O</NER>
            <Speaker>PER0</Speaker>
          </token>
          <token id="5">
            <word>IT</word>
            <lemma>it</lemma>
            <CharacterOffsetBegin>544</CharacterOffsetBegin>
            <CharacterOffsetEnd>546</CharacterOffsetEnd>
            <POS>PRP</POS>
            <NER>O</NER>
            <Speaker>PER0</Speaker>
          </token>
          <token id="6">
            <word>GAVE</word>
            <lemma>give</lemma>
            <CharacterOffsetBegin>547</CharacterOffsetBegin>
            <CharacterOffsetEnd>551</CharacterOffsetEnd>
            <POS>VBD</POS>
            <NER>O</NER>
            <Speaker>PER0</Speaker>
          </token>
          <token id="7">
            <word>INSTRUCTIONS</word>
            <lemma>instruction</lemma>
            <CharacterOffsetBegin>552</CharacterOffsetBegin>
            <CharacterOffsetEnd>564</CharacterOffsetEnd>
            <POS>NNS</POS>
            <NER>O</NER>
            <Speaker>PER0</Speaker>
          </token>
          <token id="8">
            <word>TO</word>
            <lemma>to</lemma>
            <CharacterOffsetBegin>565</CharacterOffsetBegin>
            <CharacterOffsetEnd>567</CharacterOffsetEnd>
            <POS>TO</POS>
            <NER>O</NER>
            <Speaker>PER0</Speaker>
          </token>
          <token id="9">
            <word>THE</word>
            <lemma>the</lemma>
            <CharacterOffsetBegin>568</CharacterOffsetBegin>
            <CharacterOffsetEnd>571</CharacterOffsetEnd>
            <POS>DT</POS>
            <NER>O</NER>
            <Speaker>PER0</Speaker>
          </token>
          <token id="10">
            <word>MEXICAN</word>
            <lemma>mexican</lemma>
            <CharacterOffsetBegin>572</CharacterOffsetBegin>
            <CharacterOffsetEnd>579</CharacterOffsetEnd>
            <POS>JJ</POS>
            <NER>MISC</NER>
            <Speaker>PER0</Speaker>
          </token>
          <token id="11">
            <word>DIPLOMATIC</word>
            <lemma>diplomatic</lemma>
            <CharacterOffsetBegin>580</CharacterOffsetBegin>
            <CharacterOffsetEnd>590</CharacterOffsetEnd>
            <POS>JJ</POS>
            <NER>O</NER>
            <Speaker>PER0</Speaker>
          </token>
          <token id="12">
            <word>OFFICE</word>
            <lemma>office</lemma>
            <CharacterOffsetBegin>591</CharacterOffsetBegin>
            <CharacterOffsetEnd>597</CharacterOffsetEnd>
            <POS>NN</POS>
            <NER>O</NER>
            <Speaker>PER0</Speaker>
          </token>
          <token id="13">
            <word>IN</word>
            <lemma>in</lemma>
            <CharacterOffsetBegin>598</CharacterOffsetBegin>
            <CharacterOffsetEnd>600</CharacterOffsetEnd>
            <POS>IN</POS>
            <NER>O</NER>
            <Speaker>PER0</Speaker>
          </token>
          <token id="14">
            <word>COLOMBIA</word>
            <lemma>COLOMBIA</lemma>
            <CharacterOffsetBegin>601</CharacterOffsetBegin>
            <CharacterOffsetEnd>609</CharacterOffsetEnd>
            <POS>NNP</POS>
            <NER>LOCATION</NER>
            <Speaker>PER0</Speaker>
          </token>
          <token id="15">
            <word>TO</word>
            <lemma>to</lemma>
            <CharacterOffsetBegin>610</CharacterOffsetBegin>
            <CharacterOffsetEnd>612</CharacterOffsetEnd>
            <POS>TO</POS>
            <NER>O</NER>
            <Speaker>PER0</Speaker>
          </token>
          <token id="16">
            <word>INTERCEDE</word>
            <lemma>intercede</lemma>
            <CharacterOffsetBegin>613</CharacterOffsetBegin>
            <CharacterOffsetEnd>622</CharacterOffsetEnd>
            <POS>VB</POS>
            <NER>O</NER>
            <Speaker>PER0</Speaker>
          </token>
          <token id="17">
            <word>IN</word>
            <lemma>in</lemma>
            <CharacterOffsetBegin>623</CharacterOffsetBegin>
            <CharacterOffsetEnd>625</CharacterOffsetEnd>
            <POS>IN</POS>
            <NER>O</NER>
            <Speaker>PER0</Speaker>
          </token>
          <token id="18">
            <word>THIS</word>
            <lemma>this</lemma>
            <CharacterOffsetBegin>626</CharacterOffsetBegin>
            <CharacterOffsetEnd>630</CharacterOffsetEnd>
            <POS>DT</POS>
            <NER>O</NER>
            <Speaker>PER0</Speaker>
          </token>
          <token id="19">
            <word>CASE</word>
            <lemma>case</lemma>
            <CharacterOffsetBegin>631</CharacterOffsetBegin>
            <CharacterOffsetEnd>635</CharacterOffsetEnd>
            <POS>NN</POS>
            <NER>O</NER>
            <Speaker>PER0</Speaker>
          </token>
          <token id="20">
            <word>.</word>
            <lemma>.</lemma>
            <CharacterOffsetBegin>635</CharacterOffsetBegin>
            <CharacterOffsetEnd>636</CharacterOffsetEnd>
            <POS>.</POS>
            <NER>O</NER>
            <Speaker>PER0</Speaker>
          </token>
        </tokens>
        <parse>(ROOT (S (NP (DT THE) (NN SRE)) (VP (VBD NOTED) (SBAR (IN THAT) (S (NP (PRP IT)) (VP (VBD GAVE) (NP (NNS INSTRUCTIONS)) (PP (TO TO) (NP (NP (DT THE) (JJ MEXICAN) (JJ DIPLOMATIC) (NN OFFICE)) (PP (IN IN) (NP (NNP COLOMBIA))))) (S (VP (TO TO) (VP (VB INTERCEDE) (PP (IN IN) (NP (DT THIS) (NN CASE)))))))))) (. .))) </parse>
        <dependencies type="basic-dependencies">
          <dep type="root">
            <governor idx="0">ROOT</governor>
            <dependent idx="3">NOTED</dependent>
          </dep>
          <dep type="det">
            <governor idx="2">SRE</governor>
            <dependent idx="1">THE</dependent>
          </dep>
          <dep type="nsubj">
            <governor idx="3">NOTED</governor>
            <dependent idx="2">SRE</dependent>
          </dep>
          <dep type="mark">
            <governor idx="6">GAVE</governor>
            <dependent idx="4">THAT</dependent>
          </dep>
          <dep type="nsubj">
            <governor idx="6">GAVE</governor>
            <dependent idx="5">IT</dependent>
          </dep>
          <dep type="ccomp">
            <governor idx="3">NOTED</governor>
            <dependent idx="6">GAVE</dependent>
          </dep>
          <dep type="dobj">
            <governor idx="6">GAVE</governor>
            <dependent idx="7">INSTRUCTIONS</dependent>
          </dep>
          <dep type="case">
            <governor idx="12">OFFICE</governor>
            <dependent idx="8">TO</dependent>
          </dep>
          <dep type="det">
            <governor idx="12">OFFICE</governor>
            <dependent idx="9">THE</dependent>
          </dep>
          <dep type="amod">
            <governor idx="12">OFFICE</governor>
            <dependent idx="10">MEXICAN</dependent>
          </dep>
          <dep type="amod">
            <governor idx="12">OFFICE</governor>
            <dependent idx="11">DIPLOMATIC</dependent>
          </dep>
          <dep type="nmod">
            <governor idx="6">GAVE</governor>
            <dependent idx="12">OFFICE</dependent>
          </dep>
          <dep type="case">
            <governor idx="14">COLOMBIA</governor>
            <dependent idx="13">IN</dependent>
          </dep>
          <dep type="nmod">
            <governor idx="12">OFFICE</governor>
            <dependent idx="14">COLOMBIA</dependent>
          </dep>
          <dep type="mark">
            <governor idx="16">INTERCEDE</governor>
            <dependent idx="15">TO</dependent>
          </dep>
          <dep type="advcl">
            <governor idx="6">GAVE</governor>
            <dependent idx="16">INTERCEDE</dependent>
          </dep>
          <dep type="case">
            <governor idx="19">CASE</governor>
            <dependent idx="17">IN</dependent>
          </dep>
          <dep type="det">
            <governor idx="19">CASE</governor>
            <dependent idx="18">THIS</dependent>
          </dep>
          <dep type="nmod">
            <governor idx="16">INTERCEDE</governor>
            <dependent idx="19">CASE</dependent>
          </dep>
        </dependencies>
        <dependencies type="collapsed-dependencies">
          <dep type="root">
            <governor idx="0">ROOT</governor>
            <dependent idx="3">NOTED</dependent>
          </dep>
          <dep type="det">
            <governor idx="2">SRE</governor>
            <dependent idx="1">THE</dependent>
          </dep>
          <dep type="nsubj">
            <governor idx="3">NOTED</governor>
            <dependent idx="2">SRE</dependent>
          </dep>
          <dep type="mark">
            <governor idx="6">GAVE</governor>
            <dependent idx="4">THAT</dependent>
          </dep>
          <dep type="nsubj">
            <governor idx="6">GAVE</governor>
            <dependent idx="5">IT</dependent>
          </dep>
          <dep type="ccomp">
            <governor idx="3">NOTED</governor>
            <dependent idx="6">GAVE</dependent>
          </dep>
          <dep type="dobj">
            <governor idx="6">GAVE</governor>
            <dependent idx="7">INSTRUCTIONS</dependent>
          </dep>
          <dep type="case">
            <governor idx="12">OFFICE</governor>
            <dependent idx="8">TO</dependent>
          </dep>
          <dep type="det">
            <governor idx="12">OFFICE</governor>
            <dependent idx="9">THE</dependent>
          </dep>
          <dep type="amod">
            <governor idx="12">OFFICE</governor>
            <dependent idx="10">MEXICAN</dependent>
          </dep>
          <dep type="amod">
            <governor idx="12">OFFICE</governor>
            <dependent idx="11">DIPLOMATIC</dependent>
          </dep>
          <dep type="nmod:to">
            <governor idx="6">GAVE</governor>
            <dependent idx="12">OFFICE</dependent>
          </dep>
          <dep type="case">
            <governor idx="14">COLOMBIA</governor>
            <dependent idx="13">IN</dependent>
          </dep>
          <dep type="nmod:in">
            <governor idx="12">OFFICE</governor>
            <dependent idx="14">COLOMBIA</dependent>
          </dep>
          <dep type="mark">
            <governor idx="16">INTERCEDE</governor>
            <dependent idx="15">TO</dependent>
          </dep>
          <dep type="advcl">
            <governor idx="6">GAVE</governor>
            <dependent idx="16">INTERCEDE</dependent>
          </dep>
          <dep type="case">
            <governor idx="19">CASE</governor>
            <dependent idx="17">IN</dependent>
          </dep>
          <dep type="det">
            <governor idx="19">CASE</governor>
            <dependent idx="18">THIS</dependent>
          </dep>
          <dep type="nmod:in">
            <governor idx="16">INTERCEDE</governor>
            <dependent idx="19">CASE</dependent>
          </dep>
        </dependencies>
        <dependencies type="collapsed-ccprocessed-dependencies">
          <dep type="root">
            <governor idx="0">ROOT</governor>
            <dependent idx="3">NOTED</dependent>
          </dep>
          <dep type="det">
            <governor idx="2">SRE</governor>
            <dependent idx="1">THE</dependent>
          </dep>
          <dep type="nsubj">
            <governor idx="3">NOTED</governor>
            <dependent idx="2">SRE</dependent>
          </dep>
          <dep type="mark">
            <governor idx="6">GAVE</governor>
            <dependent idx="4">THAT</dependent>
          </dep>
          <dep type="nsubj">
            <governor idx="6">GAVE</governor>
            <dependent idx="5">IT</dependent>
          </dep>
          <dep type="ccomp">
            <governor idx="3">NOTED</governor>
            <dependent idx="6">GAVE</dependent>
          </dep>
          <dep type="dobj">
            <governor idx="6">GAVE</governor>
            <dependent idx="7">INSTRUCTIONS</dependent>
          </dep>
          <dep type="case">
            <governor idx="12">OFFICE</governor>
            <dependent idx="8">TO</dependent>
          </dep>
          <dep type="det">
            <governor idx="12">OFFICE</governor>
            <dependent idx="9">THE</dependent>
          </dep>
          <dep type="amod">
            <governor idx="12">OFFICE</governor>
            <dependent idx="10">MEXICAN</dependent>
          </dep>
          <dep type="amod">
            <governor idx="12">OFFICE</governor>
            <dependent idx="11">DIPLOMATIC</dependent>
          </dep>
          <dep type="nmod:to">
            <governor idx="6">GAVE</governor>
            <dependent idx="12">OFFICE</dependent>
          </dep>
          <dep type="case">
            <governor idx="14">COLOMBIA</governor>
            <dependent idx="13">IN</dependent>
          </dep>
          <dep type="nmod:in">
            <governor idx="12">OFFICE</governor>
            <dependent idx="14">COLOMBIA</dependent>
          </dep>
          <dep type="mark">
            <governor idx="16">INTERCEDE</governor>
            <dependent idx="15">TO</dependent>
          </dep>
          <dep type="advcl">
            <governor idx="6">GAVE</governor>
            <dependent idx="16">INTERCEDE</dependent>
          </dep>
          <dep type="case">
            <governor idx="19">CASE</governor>
            <dependent idx="17">IN</dependent>
          </dep>
          <dep type="det">
            <governor idx="19">CASE</governor>
            <dependent idx="18">THIS</dependent>
          </dep>
          <dep type="nmod:in">
            <governor idx="16">INTERCEDE</governor>
            <dependent idx="19">CASE</dependent>
          </dep>
        </dependencies>
      </sentence>
      <sentence id="6">
        <tokens>
          <token id="1">
            <word>THE</word>
            <lemma>the</lemma>
            <CharacterOffsetBegin>637</CharacterOffsetBegin>
            <CharacterOffsetEnd>640</CharacterOffsetEnd>
            <POS>DT</POS>
            <NER>O</NER>
            <Speaker>PER0</Speaker>
          </token>
          <token id="2">
            <word>GUERRILLA</word>
            <lemma>guerrilla</lemma>
            <CharacterOffsetBegin>641</CharacterOffsetBegin>
            <CharacterOffsetEnd>650</CharacterOffsetEnd>
            <POS>NN</POS>
            <NER>O</NER>
            <Speaker>PER0</Speaker>
          </token>
          <token id="3">
            <word>GROUP</word>
            <lemma>group</lemma>
            <CharacterOffsetBegin>651</CharacterOffsetBegin>
            <CharacterOffsetEnd>656</CharacterOffsetEnd>
            <POS>NN</POS>
            <NER>O</NER>
            <Speaker>PER0</Speaker>
          </token>
          <token id="4">
            <word>CALLED</word>
            <lemma>call</lemma>
            <CharacterOffsetBegin>657</CharacterOffsetBegin>
            <CharacterOffsetEnd>663</CharacterOffsetEnd>
            <POS>VBD</POS>
            <NER>O</NER>
            <Speaker>PER0</Speaker>
          </token>
          <token id="5">
            <word>ARMY</word>
            <lemma>ARMY</lemma>
            <CharacterOffsetBegin>664</CharacterOffsetBegin>
            <CharacterOffsetEnd>668</CharacterOffsetEnd>
            <POS>NNP</POS>
            <NER>ORGANIZATION</NER>
            <Speaker>PER0</Speaker>
          </token>
          <token id="6">
            <word>OF</word>
            <lemma>of</lemma>
            <CharacterOffsetBegin>669</CharacterOffsetBegin>
            <CharacterOffsetEnd>671</CharacterOffsetEnd>
            <POS>IN</POS>
            <NER>ORGANIZATION</NER>
            <Speaker>PER0</Speaker>
          </token>
          <token id="7">
            <word>NATIONAL</word>
            <lemma>NATIONAL</lemma>
            <CharacterOffsetBegin>672</CharacterOffsetBegin>
            <CharacterOffsetEnd>680</CharacterOffsetEnd>
            <POS>NNP</POS>
            <NER>ORGANIZATION</NER>
            <Speaker>PER0</Speaker>
          </token>
          <token id="8">
            <word>LIBERATION</word>
            <lemma>LIBERATION</lemma>
            <CharacterOffsetBegin>681</CharacterOffsetBegin>
            <CharacterOffsetEnd>691</CharacterOffsetEnd>
            <POS>NNP</POS>
            <NER>ORGANIZATION</NER>
            <Speaker>PER0</Speaker>
          </token>
          <token id="9">
            <word>-LRB-</word>
            <lemma>-lrb-</lemma>
            <CharacterOffsetBegin>692</CharacterOffsetBegin>
            <CharacterOffsetEnd>693</CharacterOffsetEnd>
            <POS>-LRB-</POS>
            <NER>O</NER>
            <Speaker>PER0</Speaker>
          </token>
          <token id="10">
            <word>ELN</word>
            <lemma>ELN</lemma>
            <CharacterOffsetBegin>693</CharacterOffsetBegin>
            <CharacterOffsetEnd>696</CharacterOffsetEnd>
            <POS>NNP</POS>
            <NER>ORGANIZATION</NER>
            <Speaker>PER0</Speaker>
          </token>
          <token id="11">
            <word>-RRB-</word>
            <lemma>-rrb-</lemma>
            <CharacterOffsetBegin>696</CharacterOffsetBegin>
            <CharacterOffsetEnd>697</CharacterOffsetEnd>
            <POS>-RRB-</POS>
            <NER>O</NER>
            <Speaker>PER0</Speaker>
          </token>
          <token id="12">
            <word>CLAIMED</word>
            <lemma>claim</lemma>
            <CharacterOffsetBegin>698</CharacterOffsetBegin>
            <CharacterOffsetEnd>705</CharacterOffsetEnd>
            <POS>VBD</POS>
            <NER>O</NER>
            <Speaker>PER0</Speaker>
          </token>
          <token id="13">
            <word>RESPONSIBILITY</word>
            <lemma>responsibility</lemma>
            <CharacterOffsetBegin>706</CharacterOffsetBegin>
            <CharacterOffsetEnd>720</CharacterOffsetEnd>
            <POS>NN</POS>
            <NER>O</NER>
            <Speaker>PER0</Speaker>
          </token>
          <token id="14">
            <word>FOR</word>
            <lemma>for</lemma>
            <CharacterOffsetBegin>721</CharacterOffsetBegin>
            <CharacterOffsetEnd>724</CharacterOffsetEnd>
            <POS>IN</POS>
            <NER>O</NER>
            <Speaker>PER0</Speaker>
          </token>
          <token id="15">
            <word>THE</word>
            <lemma>the</lemma>
            <CharacterOffsetBegin>725</CharacterOffsetBegin>
            <CharacterOffsetEnd>728</CharacterOffsetEnd>
            <POS>DT</POS>
            <NER>O</NER>
            <Speaker>PER0</Speaker>
          </token>
          <token id="16">
            <word>KIDNAPPING</word>
            <lemma>kidnapping</lemma>
            <CharacterOffsetBegin>729</CharacterOffsetBegin>
            <CharacterOffsetEnd>739</CharacterOffsetEnd>
            <POS>NN</POS>
            <NER>O</NER>
            <Speaker>PER0</Speaker>
          </token>
          <token id="17">
            <word>.</word>
            <lemma>.</lemma>
            <CharacterOffsetBegin>739</CharacterOffsetBegin>
            <CharacterOffsetEnd>740</CharacterOffsetEnd>
            <POS>.</POS>
            <NER>O</NER>
            <Speaker>PER0</Speaker>
          </token>
        </tokens>
        <parse>(ROOT (S (NP (DT THE) (NN GUERRILLA) (NN GROUP)) (VP (VBD CALLED) (SBAR (S (NP (NP (NNP ARMY)) (PP (IN OF) (NP (NP (NNP NATIONAL) (NNP LIBERATION)) (PRN (-LRB- -LRB-) (NP (NNP ELN)) (-RRB- -RRB-))))) (VP (VBD CLAIMED) (NP (NN RESPONSIBILITY)) (PP (IN FOR) (NP (DT THE) (NN KIDNAPPING))))))) (. .))) </parse>
        <dependencies type="basic-dependencies">
          <dep type="root">
            <governor idx="0">ROOT</governor>
            <dependent idx="4">CALLED</dependent>
          </dep>
          <dep type="det">
            <governor idx="3">GROUP</governor>
            <dependent idx="1">THE</dependent>
          </dep>
          <dep type="compound">
            <governor idx="3">GROUP</governor>
            <dependent idx="2">GUERRILLA</dependent>
          </dep>
          <dep type="nsubj">
            <governor idx="4">CALLED</governor>
            <dependent idx="3">GROUP</dependent>
          </dep>
          <dep type="nsubj">
            <governor idx="12">CLAIMED</governor>
            <dependent idx="5">ARMY</dependent>
          </dep>
          <dep type="case">
            <governor idx="8">LIBERATION</governor>
            <dependent idx="6">OF</dependent>
          </dep>
          <dep type="compound">
            <governor idx="8">LIBERATION</governor>
            <dependent idx="7">NATIONAL</dependent>
          </dep>
          <dep type="nmod">
            <governor idx="5">ARMY</governor>
            <dependent idx="8">LIBERATION</dependent>
          </dep>
          <dep type="appos">
            <governor idx="8">LIBERATION</governor>
            <dependent idx="10">ELN</dependent>
          </dep>
          <dep type="ccomp">
            <governor idx="4">CALLED</governor>
            <dependent idx="12">CLAIMED</dependent>
          </dep>
          <dep type="dobj">
            <governor idx="12">CLAIMED</governor>
            <dependent idx="13">RESPONSIBILITY</dependent>
          </dep>
          <dep type="case">
            <governor idx="16">KIDNAPPING</governor>
            <dependent idx="14">FOR</dependent>
          </dep>
          <dep type="det">
            <governor idx="16">KIDNAPPING</governor>
            <dependent idx="15">THE</dependent>
          </dep>
          <dep type="nmod">
            <governor idx="12">CLAIMED</governor>
            <dependent idx="16">KIDNAPPING</dependent>
          </dep>
        </dependencies>
        <dependencies type="collapsed-dependencies">
          <dep type="root">
            <governor idx="0">ROOT</governor>
            <dependent idx="4">CALLED</dependent>
          </dep>
          <dep type="det">
            <governor idx="3">GROUP</governor>
            <dependent idx="1">THE</dependent>
          </dep>
          <dep type="compound">
            <governor idx="3">GROUP</governor>
            <dependent idx="2">GUERRILLA</dependent>
          </dep>
          <dep type="nsubj">
            <governor idx="4">CALLED</governor>
            <dependent idx="3">GROUP</dependent>
          </dep>
          <dep type="nsubj">
            <governor idx="12">CLAIMED</governor>
            <dependent idx="5">ARMY</dependent>
          </dep>
          <dep type="case">
            <governor idx="8">LIBERATION</governor>
            <dependent idx="6">OF</dependent>
          </dep>
          <dep type="compound">
            <governor idx="8">LIBERATION</governor>
            <dependent idx="7">NATIONAL</dependent>
          </dep>
          <dep type="nmod:of">
            <governor idx="5">ARMY</governor>
            <dependent idx="8">LIBERATION</dependent>
          </dep>
          <dep type="appos">
            <governor idx="8">LIBERATION</governor>
            <dependent idx="10">ELN</dependent>
          </dep>
          <dep type="ccomp">
            <governor idx="4">CALLED</governor>
            <dependent idx="12">CLAIMED</dependent>
          </dep>
          <dep type="dobj">
            <governor idx="12">CLAIMED</governor>
            <dependent idx="13">RESPONSIBILITY</dependent>
          </dep>
          <dep type="case">
            <governor idx="16">KIDNAPPING</governor>
            <dependent idx="14">FOR</dependent>
          </dep>
          <dep type="det">
            <governor idx="16">KIDNAPPING</governor>
            <dependent idx="15">THE</dependent>
          </dep>
          <dep type="nmod:for">
            <governor idx="12">CLAIMED</governor>
            <dependent idx="16">KIDNAPPING</dependent>
          </dep>
        </dependencies>
        <dependencies type="collapsed-ccprocessed-dependencies">
          <dep type="root">
            <governor idx="0">ROOT</governor>
            <dependent idx="4">CALLED</dependent>
          </dep>
          <dep type="det">
            <governor idx="3">GROUP</governor>
            <dependent idx="1">THE</dependent>
          </dep>
          <dep type="compound">
            <governor idx="3">GROUP</governor>
            <dependent idx="2">GUERRILLA</dependent>
          </dep>
          <dep type="nsubj">
            <governor idx="4">CALLED</governor>
            <dependent idx="3">GROUP</dependent>
          </dep>
          <dep type="nsubj">
            <governor idx="12">CLAIMED</governor>
            <dependent idx="5">ARMY</dependent>
          </dep>
          <dep type="case">
            <governor idx="8">LIBERATION</governor>
            <dependent idx="6">OF</dependent>
          </dep>
          <dep type="compound">
            <governor idx="8">LIBERATION</governor>
            <dependent idx="7">NATIONAL</dependent>
          </dep>
          <dep type="nmod:of">
            <governor idx="5">ARMY</governor>
            <dependent idx="8">LIBERATION</dependent>
          </dep>
          <dep type="appos">
            <governor idx="8">LIBERATION</governor>
            <dependent idx="10">ELN</dependent>
          </dep>
          <dep type="ccomp">
            <governor idx="4">CALLED</governor>
            <dependent idx="12">CLAIMED</dependent>
          </dep>
          <dep type="dobj">
            <governor idx="12">CLAIMED</governor>
            <dependent idx="13">RESPONSIBILITY</dependent>
          </dep>
          <dep type="case">
            <governor idx="16">KIDNAPPING</governor>
            <dependent idx="14">FOR</dependent>
          </dep>
          <dep type="det">
            <governor idx="16">KIDNAPPING</governor>
            <dependent idx="15">THE</dependent>
          </dep>
          <dep type="nmod:for">
            <governor idx="12">CLAIMED</governor>
            <dependent idx="16">KIDNAPPING</dependent>
          </dep>
        </dependencies>
      </sentence>
    </sentences>
    <coreference>
      <coreference>
        <mention representative="true">
          <sentence>1</sentence>
          <start>22</start>
          <end>23</end>
          <head>22</head>
          <text>COLOMBIA</text>
        </mention>
        <mention>
          <sentence>2</sentence>
          <start>20</start>
          <end>21</end>
          <head>20</head>
          <text>COLOMBIA</text>
        </mention>
        <mention>
          <sentence>5</sentence>
          <start>14</start>
          <end>15</end>
          <head>14</head>
          <text>COLOMBIA</text>
        </mention>
      </coreference>
      <coreference>
        <mention representative="true">
          <sentence>3</sentence>
          <start>9</start>
          <end>11</end>
          <head>9</head>
          <text>MIR 'S</text>
        </mention>
        <mention>
          <sentence>1</sentence>
          <start>37</start>
          <end>38</end>
          <head>37</head>
          <text>MIR</text>
        </mention>
        <mention>
          <sentence>4</sentence>
          <start>1</start>
          <end>2</end>
          <head>1</head>
          <text>MIR</text>
        </mention>
      </coreference>
      <coreference>
        <mention representative="true">
          <sentence>1</sentence>
          <start>43</start>
          <end>47</end>
          <head>46</head>
          <text>A COLOMBIAN GUERRILLA GROUP</text>
        </mention>
        <mention>
          <sentence>6</sentence>
          <start>1</start>
          <end>4</end>
          <head>3</head>
          <text>THE GUERRILLA GROUP</text>
        </mention>
      </coreference>
      <coreference>
        <mention representative="true">
          <sentence>2</sentence>
          <start>1</start>
          <end>9</end>
          <head>5</head>
          <text>THE MEXICAN FOREIGN RELATIONS SECRETARIAT -LRB- SRE -RRB-</text>
        </mention>
        <mention>
          <sentence>3</sentence>
          <start>1</start>
          <end>2</end>
          <head>1</head>
          <text>IT</text>
        </mention>
        <mention>
          <sentence>3</sentence>
          <start>4</start>
          <end>5</end>
          <head>4</head>
          <text>IT</text>
        </mention>
      </coreference>
      <coreference>
        <mention representative="true">
          <sentence>3</sentence>
          <start>9</start>
          <end>12</end>
          <head>11</head>
          <text>MIR 'S KIDNAPPING</text>
        </mention>
        <mention>
          <sentence>6</sentence>
          <start>15</start>
          <end>17</end>
          <head>16</head>
          <text>THE KIDNAPPING</text>
        </mention>
      </coreference>
      <coreference>
        <mention representative="true">
          <sentence>5</sentence>
          <start>1</start>
          <end>3</end>
          <head>2</head>
          <text>THE SRE</text>
        </mention>
        <mention>
          <sentence>5</sentence>
          <start>5</start>
          <end>6</end>
          <head>5</head>
          <text>IT</text>
        </mention>
      </coreference>
    </coreference>
  </document>
</root>
