<?xml version="1.0" encoding="ASCII"?>
<?xml-stylesheet href="CoreNLP-to-HTML.xsl" type="text/xsl"?>
<root>
  <document>
    <sentences>
      <sentence id="1">
        <tokens>
          <token id="1">
            <word>SAN</word>
            <lemma>SAN</lemma>
            <CharacterOffsetBegin>3</CharacterOffsetBegin>
            <CharacterOffsetEnd>6</CharacterOffsetEnd>
            <POS>NNP</POS>
            <NER>LOCATION</NER>
            <Speaker>PER0</Speaker>
          </token>
          <token id="2">
            <word>SALVADOR</word>
            <lemma>SALVADOR</lemma>
            <CharacterOffsetBegin>7</CharacterOffsetBegin>
            <CharacterOffsetEnd>15</CharacterOffsetEnd>
            <POS>NNP</POS>
            <NER>LOCATION</NER>
            <Speaker>PER0</Speaker>
          </token>
          <token id="3">
            <word>,</word>
            <lemma>,</lemma>
            <CharacterOffsetBegin>15</CharacterOffsetBegin>
            <CharacterOffsetEnd>16</CharacterOffsetEnd>
            <POS>,</POS>
            <NER>O</NER>
            <Speaker>PER0</Speaker>
          </token>
          <token id="4">
            <word>12</word>
            <lemma>12</lemma>
            <CharacterOffsetBegin>17</CharacterOffsetBegin>
            <CharacterOffsetEnd>19</CharacterOffsetEnd>
            <POS>CD</POS>
            <NER>DATE</NER>
            <NormalizedNER>XXXX-11-12</NormalizedNER>
            <Speaker>PER0</Speaker>
            <Timex tid="t1" type="DATE">XXXX-11-12</Timex>
          </token>
          <token id="5">
            <word>NOV</word>
            <lemma>NOV</lemma>
            <CharacterOffsetBegin>20</CharacterOffsetBegin>
            <CharacterOffsetEnd>23</CharacterOffsetEnd>
            <POS>NNP</POS>
            <NER>DATE</NER>
            <NormalizedNER>XXXX-11-12</NormalizedNER>
            <Speaker>PER0</Speaker>
            <Timex tid="t1" type="DATE">XXXX-11-12</Timex>
          </token>
          <token id="6">
            <word>89</word>
            <lemma>89</lemma>
            <CharacterOffsetBegin>24</CharacterOffsetBegin>
            <CharacterOffsetEnd>26</CharacterOffsetEnd>
            <POS>CD</POS>
            <NER>NUMBER</NER>
            <NormalizedNER>89.0</NormalizedNER>
            <Speaker>PER0</Speaker>
          </token>
          <token id="7">
            <word>-LRB-</word>
            <lemma>-lrb-</lemma>
            <CharacterOffsetBegin>27</CharacterOffsetBegin>
            <CharacterOffsetEnd>28</CharacterOffsetEnd>
            <POS>-LRB-</POS>
            <NER>O</NER>
            <Speaker>PER0</Speaker>
          </token>
          <token id="8">
            <word>DOMESTIC</word>
            <lemma>domestic</lemma>
            <CharacterOffsetBegin>28</CharacterOffsetBegin>
            <CharacterOffsetEnd>36</CharacterOffsetEnd>
            <POS>JJ</POS>
            <NER>O</NER>
            <Speaker>PER0</Speaker>
          </token>
          <token id="9">
            <word>SERVICE</word>
            <lemma>service</lemma>
            <CharacterOffsetBegin>37</CharacterOffsetBegin>
            <CharacterOffsetEnd>44</CharacterOffsetEnd>
            <POS>NN</POS>
            <NER>O</NER>
            <Speaker>PER0</Speaker>
          </token>
          <token id="10">
            <word>-RRB-</word>
            <lemma>-rrb-</lemma>
            <CharacterOffsetBegin>44</CharacterOffsetBegin>
            <CharacterOffsetEnd>45</CharacterOffsetEnd>
            <POS>-RRB-</POS>
            <NER>O</NER>
            <Speaker>PER0</Speaker>
          </token>
          <token id="11">
            <word>--</word>
            <lemma>--</lemma>
            <CharacterOffsetBegin>46</CharacterOffsetBegin>
            <CharacterOffsetEnd>48</CharacterOffsetEnd>
            <POS>:</POS>
            <NER>O</NER>
            <Speaker>PER0</Speaker>
          </token>
          <token id="12">
            <word>-LSB-</word>
            <lemma>-lsb-</lemma>
            <CharacterOffsetBegin>49</CharacterOffsetBegin>
            <CharacterOffsetEnd>50</CharacterOffsetEnd>
            <POS>-LRB-</POS>
            <NER>O</NER>
            <Speaker>PER0</Speaker>
          </token>
          <token id="13">
            <word>TEXT</word>
            <lemma>text</lemma>
            <CharacterOffsetBegin>50</CharacterOffsetBegin>
            <CharacterOffsetEnd>54</CharacterOffsetEnd>
            <POS>NN</POS>
            <NER>O</NER>
            <Speaker>PER0</Speaker>
          </token>
          <token id="14">
            <word>-RSB-</word>
            <lemma>-rsb-</lemma>
            <CharacterOffsetBegin>54</CharacterOffsetBegin>
            <CharacterOffsetEnd>55</CharacterOffsetEnd>
            <POS>-RRB-</POS>
            <NER>O</NER>
            <Speaker>PER0</Speaker>
          </token>
          <token id="15">
            <word>THE</word>
            <lemma>the</lemma>
            <CharacterOffsetBegin>56</CharacterOffsetBegin>
            <CharacterOffsetEnd>59</CharacterOffsetEnd>
            <POS>DT</POS>
            <NER>O</NER>
            <Speaker>PER0</Speaker>
          </token>
          <token id="16">
            <word>ARMED</word>
            <lemma>armed</lemma>
            <CharacterOffsetBegin>60</CharacterOffsetBegin>
            <CharacterOffsetEnd>65</CharacterOffsetEnd>
            <POS>JJ</POS>
            <NER>O</NER>
            <Speaker>PER0</Speaker>
          </token>
          <token id="17">
            <word>FORCES</word>
            <lemma>force</lemma>
            <CharacterOffsetBegin>66</CharacterOffsetBegin>
            <CharacterOffsetEnd>72</CharacterOffsetEnd>
            <POS>NNS</POS>
            <NER>O</NER>
            <Speaker>PER0</Speaker>
          </token>
          <token id="18">
            <word>JOINT</word>
            <lemma>joint</lemma>
            <CharacterOffsetBegin>73</CharacterOffsetBegin>
            <CharacterOffsetEnd>78</CharacterOffsetEnd>
            <POS>JJ</POS>
            <NER>O</NER>
            <Speaker>PER0</Speaker>
          </token>
          <token id="19">
            <word>COMMAND</word>
            <lemma>command</lemma>
            <CharacterOffsetBegin>79</CharacterOffsetBegin>
            <CharacterOffsetEnd>86</CharacterOffsetEnd>
            <POS>NN</POS>
            <NER>O</NER>
            <Speaker>PER0</Speaker>
          </token>
          <token id="20">
            <word>IS</word>
            <lemma>be</lemma>
            <CharacterOffsetBegin>87</CharacterOffsetBegin>
            <CharacterOffsetEnd>89</CharacterOffsetEnd>
            <POS>VBZ</POS>
            <NER>O</NER>
            <Speaker>PER0</Speaker>
          </token>
          <token id="21">
            <word>ASKING</word>
            <lemma>ask</lemma>
            <CharacterOffsetBegin>90</CharacterOffsetBegin>
            <CharacterOffsetEnd>96</CharacterOffsetEnd>
            <POS>VBG</POS>
            <NER>O</NER>
            <Speaker>PER0</Speaker>
          </token>
          <token id="22">
            <word>SALVADORAN</word>
            <lemma>salvadoran</lemma>
            <CharacterOffsetBegin>97</CharacterOffsetBegin>
            <CharacterOffsetEnd>107</CharacterOffsetEnd>
            <POS>JJ</POS>
            <NER>MISC</NER>
            <Speaker>PER0</Speaker>
          </token>
          <token id="23">
            <word>CITIZENS</word>
            <lemma>citizen</lemma>
            <CharacterOffsetBegin>108</CharacterOffsetBegin>
            <CharacterOffsetEnd>116</CharacterOffsetEnd>
            <POS>NNS</POS>
            <NER>O</NER>
            <Speaker>PER0</Speaker>
          </token>
          <token id="24">
            <word>TO</word>
            <lemma>to</lemma>
            <CharacterOffsetBegin>117</CharacterOffsetBegin>
            <CharacterOffsetEnd>119</CharacterOffsetEnd>
            <POS>TO</POS>
            <NER>O</NER>
            <Speaker>PER0</Speaker>
          </token>
          <token id="25">
            <word>PLEASE</word>
            <lemma>please</lemma>
            <CharacterOffsetBegin>120</CharacterOffsetBegin>
            <CharacterOffsetEnd>126</CharacterOffsetEnd>
            <POS>VB</POS>
            <NER>O</NER>
            <Speaker>PER0</Speaker>
          </token>
          <token id="26">
            <word>BE</word>
            <lemma>be</lemma>
            <CharacterOffsetBegin>127</CharacterOffsetBegin>
            <CharacterOffsetEnd>129</CharacterOffsetEnd>
            <POS>VB</POS>
            <NER>O</NER>
            <Speaker>PER0</Speaker>
          </token>
          <token id="27">
            <word>CALM</word>
            <lemma>calm</lemma>
            <CharacterOffsetBegin>130</CharacterOffsetBegin>
            <CharacterOffsetEnd>134</CharacterOffsetEnd>
            <POS>JJ</POS>
            <NER>O</NER>
            <Speaker>PER0</Speaker>
          </token>
          <token id="28">
            <word>AND</word>
            <lemma>and</lemma>
            <CharacterOffsetBegin>135</CharacterOffsetBegin>
            <CharacterOffsetEnd>138</CharacterOffsetEnd>
            <POS>CC</POS>
            <NER>O</NER>
            <Speaker>PER0</Speaker>
          </token>
          <token id="29">
            <word>REMAIN</word>
            <lemma>remain</lemma>
            <CharacterOffsetBegin>139</CharacterOffsetBegin>
            <CharacterOffsetEnd>145</CharacterOffsetEnd>
            <POS>VBP</POS>
            <NER>O</NER>
            <Speaker>PER0</Speaker>
          </token>
          <token id="30">
            <word>AT</word>
            <lemma>at</lemma>
            <CharacterOffsetBegin>146</CharacterOffsetBegin>
            <CharacterOffsetEnd>148</CharacterOffsetEnd>
            <POS>IN</POS>
            <NER>O</NER>
            <Speaker>PER0</Speaker>
          </token>
          <token id="31">
            <word>HOME</word>
            <lemma>home</lemma>
            <CharacterOffsetBegin>149</CharacterOffsetBegin>
            <CharacterOffsetEnd>153</CharacterOffsetEnd>
            <POS>NN</POS>
            <NER>O</NER>
            <Speaker>PER0</Speaker>
          </token>
          <token id="32">
            <word>.</word>
            <lemma>.</lemma>
            <CharacterOffsetBegin>153</CharacterOffsetBegin>
            <CharacterOffsetEnd>154</CharacterOffsetEnd>
            <POS>.</POS>
            <NER>O</NER>
            <Speaker>PER0</Speaker>
          </token>
        </tokens>
        <parse>(ROOT (NP (NP (NP (NP (NNP SAN) (NNP SALVADOR)) (, ,) (NP (NP (CD 12)) (NP-TMP (NNP NOV) (CD 89)))) (PRN (-LRB- -LRB-) (NP (JJ DOMESTIC) (NN SERVICE)) (-RRB- -RRB-))) (: --) (NP (NP (-LRB- -LSB-) (NN TEXT)) (PP (-RRB- -RSB-) (NP (NP (DT THE) (JJ ARMED) (NNS FORCES)) (SBAR (S (NP (JJ JOINT) (NN COMMAND)) (VP (VP (VBZ IS) (VP (VBG ASKING) (NP (JJ SALVADORAN) (NNS CITIZENS)) (S (VP (TO TO) (VP (VB PLEASE) (VP (VB BE) (ADJP (JJ CALM)))))))) (CC AND) (VP (VBP REMAIN) (PP (IN AT) (NP (NN HOME)))))))))) (. .))) </parse>
        <dependencies type="basic-dependencies">
          <dep type="root">
            <governor idx="0">ROOT</governor>
            <dependent idx="2">SALVADOR</dependent>
          </dep>
          <dep type="compound">
            <governor idx="2">SALVADOR</governor>
            <dependent idx="1">SAN</dependent>
          </dep>
          <dep type="appos">
            <governor idx="2">SALVADOR</governor>
            <dependent idx="4">12</dependent>
          </dep>
          <dep type="nmod:tmod">
            <governor idx="4">12</governor>
            <dependent idx="5">NOV</dependent>
          </dep>
          <dep type="nummod">
            <governor idx="5">NOV</governor>
            <dependent idx="6">89</dependent>
          </dep>
          <dep type="amod">
            <governor idx="9">SERVICE</governor>
            <dependent idx="8">DOMESTIC</dependent>
          </dep>
          <dep type="appos">
            <governor idx="2">SALVADOR</governor>
            <dependent idx="9">SERVICE</dependent>
          </dep>
          <dep type="dep">
            <governor idx="2">SALVADOR</governor>
            <dependent idx="13">TEXT</dependent>
          </dep>
          <dep type="det">
            <governor idx="17">FORCES</governor>
            <dependent idx="15">THE</dependent>
          </dep>
          <dep type="amod">
            <governor idx="17">FORCES</governor>
            <dependent idx="16">ARMED</dependent>
          </dep>
          <dep type="nmod">
            <governor idx="13">TEXT</governor>
            <dependent idx="17">FORCES</dependent>
          </dep>
          <dep type="amod">
            <governor idx="19">COMMAND</governor>
            <dependent idx="18">JOINT</dependent>
          </dep>
          <dep type="nsubj">
            <governor idx="21">ASKING</governor>
            <dependent idx="19">COMMAND</dependent>
          </dep>
          <dep type="aux">
            <governor idx="21">ASKING</governor>
            <dependent idx="20">IS</dependent>
          </dep>
          <dep type="acl:relcl">
            <governor idx="17">FORCES</governor>
            <dependent idx="21">ASKING</dependent>
          </dep>
          <dep type="amod">
            <governor idx="23">CITIZENS</governor>
            <dependent idx="22">SALVADORAN</dependent>
          </dep>
          <dep type="dobj">
            <governor idx="21">ASKING</governor>
            <dependent idx="23">CITIZENS</dependent>
          </dep>
          <dep type="mark">
            <governor idx="25">PLEASE</governor>
            <dependent idx="24">TO</dependent>
          </dep>
          <dep type="xcomp">
            <governor idx="21">ASKING</governor>
            <dependent idx="25">PLEASE</dependent>
          </dep>
          <dep type="cop">
            <governor idx="27">CALM</governor>
            <dependent idx="26">BE</dependent>
          </dep>
          <dep type="xcomp">
            <governor idx="25">PLEASE</governor>
            <dependent idx="27">CALM</dependent>
          </dep>
          <dep type="cc">
            <governor idx="21">ASKING</governor>
            <dependent idx="28">AND</dependent>
          </dep>
          <dep type="conj">
            <governor idx="21">ASKING</governor>
            <dependent idx="29">REMAIN</dependent>
          </dep>
          <dep type="case">
            <governor idx="31">HOME</governor>
            <dependent idx="30">AT</dependent>
          </dep>
          <dep type="nmod">
            <governor idx="29">REMAIN</governor>
            <dependent idx="31">HOME</dependent>
          </dep>
        </dependencies>
        <dependencies type="collapsed-dependencies">
          <dep type="root">
            <governor idx="0">ROOT</governor>
            <dependent idx="2">SALVADOR</dependent>
          </dep>
          <dep type="compound">
            <governor idx="2">SALVADOR</governor>
            <dependent idx="1">SAN</dependent>
          </dep>
          <dep type="appos">
            <governor idx="2">SALVADOR</governor>
            <dependent idx="4">12</dependent>
          </dep>
          <dep type="nmod:tmod">
            <governor idx="4">12</governor>
            <dependent idx="5">NOV</dependent>
          </dep>
          <dep type="nummod">
            <governor idx="5">NOV</governor>
            <dependent idx="6">89</dependent>
          </dep>
          <dep type="amod">
            <governor idx="9">SERVICE</governor>
            <dependent idx="8">DOMESTIC</dependent>
          </dep>
          <dep type="appos">
            <governor idx="2">SALVADOR</governor>
            <dependent idx="9">SERVICE</dependent>
          </dep>
          <dep type="dep">
            <governor idx="2">SALVADOR</governor>
            <dependent idx="13">TEXT</dependent>
          </dep>
          <dep type="det">
            <governor idx="17">FORCES</governor>
            <dependent idx="15">THE</dependent>
          </dep>
          <dep type="amod">
            <governor idx="17">FORCES</governor>
            <dependent idx="16">ARMED</dependent>
          </dep>
          <dep type="nmod">
            <governor idx="13">TEXT</governor>
            <dependent idx="17">FORCES</dependent>
          </dep>
          <dep type="amod">
            <governor idx="19">COMMAND</governor>
            <dependent idx="18">JOINT</dependent>
          </dep>
          <dep type="nsubj">
            <governor idx="21">ASKING</governor>
            <dependent idx="19">COMMAND</dependent>
          </dep>
          <dep type="aux">
            <governor idx="21">ASKING</governor>
            <dependent idx="20">IS</dependent>
          </dep>
          <dep type="acl:relcl">
            <governor idx="17">FORCES</governor>
            <dependent idx="21">ASKING</dependent>
          </dep>
          <dep type="amod">
            <governor idx="23">CITIZENS</governor>
            <dependent idx="22">SALVADORAN</dependent>
          </dep>
          <dep type="dobj">
            <governor idx="21">ASKING</governor>
            <dependent idx="23">CITIZENS</dependent>
          </dep>
          <dep type="mark">
            <governor idx="25">PLEASE</governor>
            <dependent idx="24">TO</dependent>
          </dep>
          <dep type="xcomp">
            <governor idx="21">ASKING</governor>
            <dependent idx="25">PLEASE</dependent>
          </dep>
          <dep type="cop">
            <governor idx="27">CALM</governor>
            <dependent idx="26">BE</dependent>
          </dep>
          <dep type="xcomp">
            <governor idx="25">PLEASE</governor>
            <dependent idx="27">CALM</dependent>
          </dep>
          <dep type="cc">
            <governor idx="21">ASKING</governor>
            <dependent idx="28">AND</dependent>
          </dep>
          <dep type="conj:and">
            <governor idx="21">ASKING</governor>
            <dependent idx="29">REMAIN</dependent>
          </dep>
          <dep type="case">
            <governor idx="31">HOME</governor>
            <dependent idx="30">AT</dependent>
          </dep>
          <dep type="nmod:at">
            <governor idx="29">REMAIN</governor>
            <dependent idx="31">HOME</dependent>
          </dep>
        </dependencies>
        <dependencies type="collapsed-ccprocessed-dependencies">
          <dep type="root">
            <governor idx="0">ROOT</governor>
            <dependent idx="2">SALVADOR</dependent>
          </dep>
          <dep type="compound">
            <governor idx="2">SALVADOR</governor>
            <dependent idx="1">SAN</dependent>
          </dep>
          <dep type="appos">
            <governor idx="2">SALVADOR</governor>
            <dependent idx="4">12</dependent>
          </dep>
          <dep type="nmod:tmod">
            <governor idx="4">12</governor>
            <dependent idx="5">NOV</dependent>
          </dep>
          <dep type="nummod">
            <governor idx="5">NOV</governor>
            <dependent idx="6">89</dependent>
          </dep>
          <dep type="amod">
            <governor idx="9">SERVICE</governor>
            <dependent idx="8">DOMESTIC</dependent>
          </dep>
          <dep type="appos">
            <governor idx="2">SALVADOR</governor>
            <dependent idx="9">SERVICE</dependent>
          </dep>
          <dep type="dep">
            <governor idx="2">SALVADOR</governor>
            <dependent idx="13">TEXT</dependent>
          </dep>
          <dep type="det">
            <governor idx="17">FORCES</governor>
            <dependent idx="15">THE</dependent>
          </dep>
          <dep type="amod">
            <governor idx="17">FORCES</governor>
            <dependent idx="16">ARMED</dependent>
          </dep>
          <dep type="nmod">
            <governor idx="13">TEXT</governor>
            <dependent idx="17">FORCES</dependent>
          </dep>
          <dep type="amod">
            <governor idx="19">COMMAND</governor>
            <dependent idx="18">JOINT</dependent>
          </dep>
          <dep type="nsubj">
            <governor idx="21">ASKING</governor>
            <dependent idx="19">COMMAND</dependent>
          </dep>
          <dep type="nsubj" extra="true">
            <governor idx="29">REMAIN</governor>
            <dependent idx="19">COMMAND</dependent>
          </dep>
          <dep type="aux">
            <governor idx="21">ASKING</governor>
            <dependent idx="20">IS</dependent>
          </dep>
          <dep type="acl:relcl">
            <governor idx="17">FORCES</governor>
            <dependent idx="21">ASKING</dependent>
          </dep>
          <dep type="amod">
            <governor idx="23">CITIZENS</governor>
            <dependent idx="22">SALVADORAN</dependent>
          </dep>
          <dep type="dobj">
            <governor idx="21">ASKING</governor>
            <dependent idx="23">CITIZENS</dependent>
          </dep>
          <dep type="mark">
            <governor idx="25">PLEASE</governor>
            <dependent idx="24">TO</dependent>
          </dep>
          <dep type="xcomp">
            <governor idx="21">ASKING</governor>
            <dependent idx="25">PLEASE</dependent>
          </dep>
          <dep type="cop">
            <governor idx="27">CALM</governor>
            <dependent idx="26">BE</dependent>
          </dep>
          <dep type="xcomp">
            <governor idx="25">PLEASE</governor>
            <dependent idx="27">CALM</dependent>
          </dep>
          <dep type="cc">
            <governor idx="21">ASKING</governor>
            <dependent idx="28">AND</dependent>
          </dep>
          <dep type="acl:relcl" extra="true">
            <governor idx="17">FORCES</governor>
            <dependent idx="29">REMAIN</dependent>
          </dep>
          <dep type="conj:and">
            <governor idx="21">ASKING</governor>
            <dependent idx="29">REMAIN</dependent>
          </dep>
          <dep type="case">
            <governor idx="31">HOME</governor>
            <dependent idx="30">AT</dependent>
          </dep>
          <dep type="nmod:at">
            <governor idx="29">REMAIN</governor>
            <dependent idx="31">HOME</dependent>
          </dep>
        </dependencies>
      </sentence>
      <sentence id="2">
        <tokens>
          <token id="1">
            <word>IF</word>
            <lemma>if</lemma>
            <CharacterOffsetBegin>156</CharacterOffsetBegin>
            <CharacterOffsetEnd>158</CharacterOffsetEnd>
            <POS>IN</POS>
            <NER>O</NER>
            <Speaker>PER0</Speaker>
          </token>
          <token id="2">
            <word>THEY</word>
            <lemma>they</lemma>
            <CharacterOffsetBegin>159</CharacterOffsetBegin>
            <CharacterOffsetEnd>163</CharacterOffsetEnd>
            <POS>PRP</POS>
            <NER>O</NER>
            <Speaker>PER0</Speaker>
          </token>
          <token id="3">
            <word>SEE</word>
            <lemma>see</lemma>
            <CharacterOffsetBegin>164</CharacterOffsetBegin>
            <CharacterOffsetEnd>167</CharacterOffsetEnd>
            <POS>VBP</POS>
            <NER>O</NER>
            <Speaker>PER0</Speaker>
          </token>
          <token id="4">
            <word>ANY</word>
            <lemma>any</lemma>
            <CharacterOffsetBegin>168</CharacterOffsetBegin>
            <CharacterOffsetEnd>171</CharacterOffsetEnd>
            <POS>DT</POS>
            <NER>O</NER>
            <Speaker>PER0</Speaker>
          </token>
          <token id="5">
            <word>SUSPICIOUS-LOOKING</word>
            <lemma>suspicious-looking</lemma>
            <CharacterOffsetBegin>172</CharacterOffsetBegin>
            <CharacterOffsetEnd>190</CharacterOffsetEnd>
            <POS>JJ</POS>
            <NER>O</NER>
            <Speaker>PER0</Speaker>
          </token>
          <token id="6">
            <word>PEOPLE</word>
            <lemma>people</lemma>
            <CharacterOffsetBegin>191</CharacterOffsetBegin>
            <CharacterOffsetEnd>197</CharacterOffsetEnd>
            <POS>NNS</POS>
            <NER>O</NER>
            <Speaker>PER0</Speaker>
          </token>
          <token id="7">
            <word>OR</word>
            <lemma>or</lemma>
            <CharacterOffsetBegin>198</CharacterOffsetBegin>
            <CharacterOffsetEnd>200</CharacterOffsetEnd>
            <POS>CC</POS>
            <NER>O</NER>
            <Speaker>PER0</Speaker>
          </token>
          <token id="8">
            <word>SUSPICIOUS</word>
            <lemma>suspicious</lemma>
            <CharacterOffsetBegin>201</CharacterOffsetBegin>
            <CharacterOffsetEnd>211</CharacterOffsetEnd>
            <POS>JJ</POS>
            <NER>O</NER>
            <Speaker>PER0</Speaker>
          </token>
          <token id="9">
            <word>ACTIVITY</word>
            <lemma>activity</lemma>
            <CharacterOffsetBegin>212</CharacterOffsetBegin>
            <CharacterOffsetEnd>220</CharacterOffsetEnd>
            <POS>NN</POS>
            <NER>O</NER>
            <Speaker>PER0</Speaker>
          </token>
          <token id="10">
            <word>,</word>
            <lemma>,</lemma>
            <CharacterOffsetBegin>220</CharacterOffsetBegin>
            <CharacterOffsetEnd>221</CharacterOffsetEnd>
            <POS>,</POS>
            <NER>O</NER>
            <Speaker>PER0</Speaker>
          </token>
          <token id="11">
            <word>THEY</word>
            <lemma>they</lemma>
            <CharacterOffsetBegin>222</CharacterOffsetBegin>
            <CharacterOffsetEnd>226</CharacterOffsetEnd>
            <POS>PRP</POS>
            <NER>O</NER>
            <Speaker>PER0</Speaker>
          </token>
          <token id="12">
            <word>ARE</word>
            <lemma>be</lemma>
            <CharacterOffsetBegin>227</CharacterOffsetBegin>
            <CharacterOffsetEnd>230</CharacterOffsetEnd>
            <POS>VBP</POS>
            <NER>O</NER>
            <Speaker>PER0</Speaker>
          </token>
          <token id="13">
            <word>ASKED</word>
            <lemma>ask</lemma>
            <CharacterOffsetBegin>231</CharacterOffsetBegin>
            <CharacterOffsetEnd>236</CharacterOffsetEnd>
            <POS>VBN</POS>
            <NER>O</NER>
            <Speaker>PER0</Speaker>
          </token>
          <token id="14">
            <word>TO</word>
            <lemma>to</lemma>
            <CharacterOffsetBegin>237</CharacterOffsetBegin>
            <CharacterOffsetEnd>239</CharacterOffsetEnd>
            <POS>TO</POS>
            <NER>O</NER>
            <Speaker>PER0</Speaker>
          </token>
          <token id="15">
            <word>PLEASE</word>
            <lemma>please</lemma>
            <CharacterOffsetBegin>240</CharacterOffsetBegin>
            <CharacterOffsetEnd>246</CharacterOffsetEnd>
            <POS>VB</POS>
            <NER>O</NER>
            <Speaker>PER0</Speaker>
          </token>
          <token id="16">
            <word>ADVISE</word>
            <lemma>advise</lemma>
            <CharacterOffsetBegin>247</CharacterOffsetBegin>
            <CharacterOffsetEnd>253</CharacterOffsetEnd>
            <POS>VB</POS>
            <NER>O</NER>
            <Speaker>PER0</Speaker>
          </token>
          <token id="17">
            <word>THE</word>
            <lemma>the</lemma>
            <CharacterOffsetBegin>254</CharacterOffsetBegin>
            <CharacterOffsetEnd>257</CharacterOffsetEnd>
            <POS>DT</POS>
            <NER>O</NER>
            <Speaker>PER0</Speaker>
          </token>
          <token id="18">
            <word>NEAREST</word>
            <lemma>nearest</lemma>
            <CharacterOffsetBegin>258</CharacterOffsetBegin>
            <CharacterOffsetEnd>265</CharacterOffsetEnd>
            <POS>JJS</POS>
            <NER>O</NER>
            <Speaker>PER0</Speaker>
          </token>
          <token id="19">
            <word>MILITARY</word>
            <lemma>military</lemma>
            <CharacterOffsetBegin>266</CharacterOffsetBegin>
            <CharacterOffsetEnd>274</CharacterOffsetEnd>
            <POS>JJ</POS>
            <NER>O</NER>
            <Speaker>PER0</Speaker>
          </token>
          <token id="20">
            <word>GARRISON</word>
            <lemma>GARRISON</lemma>
            <CharacterOffsetBegin>275</CharacterOffsetBegin>
            <CharacterOffsetEnd>283</CharacterOffsetEnd>
            <POS>NNP</POS>
            <NER>O</NER>
            <Speaker>PER0</Speaker>
          </token>
          <token id="21">
            <word>OR</word>
            <lemma>or</lemma>
            <CharacterOffsetBegin>284</CharacterOffsetBegin>
            <CharacterOffsetEnd>286</CharacterOffsetEnd>
            <POS>CC</POS>
            <NER>O</NER>
            <Speaker>PER0</Speaker>
          </token>
          <token id="22">
            <word>DIAL</word>
            <lemma>dial</lemma>
            <CharacterOffsetBegin>287</CharacterOffsetBegin>
            <CharacterOffsetEnd>291</CharacterOffsetEnd>
            <POS>VB</POS>
            <NER>O</NER>
            <Speaker>PER0</Speaker>
          </token>
          <token id="23">
            <word>123</word>
            <lemma>123</lemma>
            <CharacterOffsetBegin>292</CharacterOffsetBegin>
            <CharacterOffsetEnd>295</CharacterOffsetEnd>
            <POS>CD</POS>
            <NER>NUMBER</NER>
            <NormalizedNER>123.0</NormalizedNER>
            <Speaker>PER0</Speaker>
          </token>
          <token id="24">
            <word>.</word>
            <lemma>.</lemma>
            <CharacterOffsetBegin>295</CharacterOffsetBegin>
            <CharacterOffsetEnd>296</CharacterOffsetEnd>
            <POS>.</POS>
            <NER>O</NER>
            <Speaker>PER0</Speaker>
          </token>
        </tokens>
        <parse>(ROOT (S (SBAR (IN IF) (S (NP (PRP THEY)) (VP (VBP SEE) (NP (NP (DT ANY) (JJ SUSPICIOUS-LOOKING) (NNS PEOPLE)) (CC OR) (NP (JJ SUSPICIOUS) (NN ACTIVITY)))))) (, ,) (NP (PRP THEY)) (VP (VBP ARE) (VP (VBN ASKED) (S (VP (TO TO) (VP (VB PLEASE) (VP (VP (VB ADVISE) (NP (NP (DT THE) (JJS NEAREST) (JJ MILITARY)) (NP (NNP GARRISON)))) (CC OR) (VP (VB DIAL) (NP (CD 123))))))))) (. .))) </parse>
        <dependencies type="basic-dependencies">
          <dep type="root">
            <governor idx="0">ROOT</governor>
            <dependent idx="13">ASKED</dependent>
          </dep>
          <dep type="mark">
            <governor idx="3">SEE</governor>
            <dependent idx="1">IF</dependent>
          </dep>
          <dep type="nsubj">
            <governor idx="3">SEE</governor>
            <dependent idx="2">THEY</dependent>
          </dep>
          <dep type="advcl">
            <governor idx="13">ASKED</governor>
            <dependent idx="3">SEE</dependent>
          </dep>
          <dep type="det">
            <governor idx="6">PEOPLE</governor>
            <dependent idx="4">ANY</dependent>
          </dep>
          <dep type="amod">
            <governor idx="6">PEOPLE</governor>
            <dependent idx="5">SUSPICIOUS-LOOKING</dependent>
          </dep>
          <dep type="dobj">
            <governor idx="3">SEE</governor>
            <dependent idx="6">PEOPLE</dependent>
          </dep>
          <dep type="cc">
            <governor idx="6">PEOPLE</governor>
            <dependent idx="7">OR</dependent>
          </dep>
          <dep type="amod">
            <governor idx="9">ACTIVITY</governor>
            <dependent idx="8">SUSPICIOUS</dependent>
          </dep>
          <dep type="conj">
            <governor idx="6">PEOPLE</governor>
            <dependent idx="9">ACTIVITY</dependent>
          </dep>
          <dep type="nsubjpass">
            <governor idx="13">ASKED</governor>
            <dependent idx="11">THEY</dependent>
          </dep>
          <dep type="auxpass">
            <governor idx="13">ASKED</governor>
            <dependent idx="12">ARE</dependent>
          </dep>
          <dep type="mark">
            <governor idx="15">PLEASE</governor>
            <dependent idx="14">TO</dependent>
          </dep>
          <dep type="xcomp">
            <governor idx="13">ASKED</governor>
            <dependent idx="15">PLEASE</dependent>
          </dep>
          <dep type="dep">
            <governor idx="15">PLEASE</governor>
            <dependent idx="16">ADVISE</dependent>
          </dep>
          <dep type="det">
            <governor idx="19">MILITARY</governor>
            <dependent idx="17">THE</dependent>
          </dep>
          <dep type="amod">
            <governor idx="19">MILITARY</governor>
            <dependent idx="18">NEAREST</dependent>
          </dep>
          <dep type="dobj">
            <governor idx="16">ADVISE</governor>
            <dependent idx="19">MILITARY</dependent>
          </dep>
          <dep type="appos">
            <governor idx="19">MILITARY</governor>
            <dependent idx="20">GARRISON</dependent>
          </dep>
          <dep type="cc">
            <governor idx="16">ADVISE</governor>
            <dependent idx="21">OR</dependent>
          </dep>
          <dep type="conj">
            <governor idx="16">ADVISE</governor>
            <dependent idx="22">DIAL</dependent>
          </dep>
          <dep type="dobj">
            <governor idx="22">DIAL</governor>
            <dependent idx="23">123</dependent>
          </dep>
        </dependencies>
        <dependencies type="collapsed-dependencies">
          <dep type="root">
            <governor idx="0">ROOT</governor>
            <dependent idx="13">ASKED</dependent>
          </dep>
          <dep type="mark">
            <governor idx="3">SEE</governor>
            <dependent idx="1">IF</dependent>
          </dep>
          <dep type="nsubj">
            <governor idx="3">SEE</governor>
            <dependent idx="2">THEY</dependent>
          </dep>
          <dep type="advcl">
            <governor idx="13">ASKED</governor>
            <dependent idx="3">SEE</dependent>
          </dep>
          <dep type="det">
            <governor idx="6">PEOPLE</governor>
            <dependent idx="4">ANY</dependent>
          </dep>
          <dep type="amod">
            <governor idx="6">PEOPLE</governor>
            <dependent idx="5">SUSPICIOUS-LOOKING</dependent>
          </dep>
          <dep type="dobj">
            <governor idx="3">SEE</governor>
            <dependent idx="6">PEOPLE</dependent>
          </dep>
          <dep type="cc">
            <governor idx="6">PEOPLE</governor>
            <dependent idx="7">OR</dependent>
          </dep>
          <dep type="amod">
            <governor idx="9">ACTIVITY</governor>
            <dependent idx="8">SUSPICIOUS</dependent>
          </dep>
          <dep type="conj:or">
            <governor idx="6">PEOPLE</governor>
            <dependent idx="9">ACTIVITY</dependent>
          </dep>
          <dep type="nsubjpass">
            <governor idx="13">ASKED</governor>
            <dependent idx="11">THEY</dependent>
          </dep>
          <dep type="auxpass">
            <governor idx="13">ASKED</governor>
            <dependent idx="12">ARE</dependent>
          </dep>
          <dep type="mark">
            <governor idx="15">PLEASE</governor>
            <dependent idx="14">TO</dependent>
          </dep>
          <dep type="xcomp">
            <governor idx="13">ASKED</governor>
            <dependent idx="15">PLEASE</dependent>
          </dep>
          <dep type="dep">
            <governor idx="15">PLEASE</governor>
            <dependent idx="16">ADVISE</dependent>
          </dep>
          <dep type="det">
            <governor idx="19">MILITARY</governor>
            <dependent idx="17">THE</dependent>
          </dep>
          <dep type="amod">
            <governor idx="19">MILITARY</governor>
            <dependent idx="18">NEAREST</dependent>
          </dep>
          <dep type="dobj">
            <governor idx="16">ADVISE</governor>
            <dependent idx="19">MILITARY</dependent>
          </dep>
          <dep type="appos">
            <governor idx="19">MILITARY</governor>
            <dependent idx="20">GARRISON</dependent>
          </dep>
          <dep type="cc">
            <governor idx="16">ADVISE</governor>
            <dependent idx="21">OR</dependent>
          </dep>
          <dep type="conj:or">
            <governor idx="16">ADVISE</governor>
            <dependent idx="22">DIAL</dependent>
          </dep>
          <dep type="dobj">
            <governor idx="22">DIAL</governor>
            <dependent idx="23">123</dependent>
          </dep>
        </dependencies>
        <dependencies type="collapsed-ccprocessed-dependencies">
          <dep type="root">
            <governor idx="0">ROOT</governor>
            <dependent idx="13">ASKED</dependent>
          </dep>
          <dep type="mark">
            <governor idx="3">SEE</governor>
            <dependent idx="1">IF</dependent>
          </dep>
          <dep type="nsubj">
            <governor idx="3">SEE</governor>
            <dependent idx="2">THEY</dependent>
          </dep>
          <dep type="advcl">
            <governor idx="13">ASKED</governor>
            <dependent idx="3">SEE</dependent>
          </dep>
          <dep type="det">
            <governor idx="6">PEOPLE</governor>
            <dependent idx="4">ANY</dependent>
          </dep>
          <dep type="amod">
            <governor idx="6">PEOPLE</governor>
            <dependent idx="5">SUSPICIOUS-LOOKING</dependent>
          </dep>
          <dep type="dobj">
            <governor idx="3">SEE</governor>
            <dependent idx="6">PEOPLE</dependent>
          </dep>
          <dep type="cc">
            <governor idx="6">PEOPLE</governor>
            <dependent idx="7">OR</dependent>
          </dep>
          <dep type="amod">
            <governor idx="9">ACTIVITY</governor>
            <dependent idx="8">SUSPICIOUS</dependent>
          </dep>
          <dep type="dobj" extra="true">
            <governor idx="3">SEE</governor>
            <dependent idx="9">ACTIVITY</dependent>
          </dep>
          <dep type="conj:or">
            <governor idx="6">PEOPLE</governor>
            <dependent idx="9">ACTIVITY</dependent>
          </dep>
          <dep type="nsubjpass">
            <governor idx="13">ASKED</governor>
            <dependent idx="11">THEY</dependent>
          </dep>
          <dep type="auxpass">
            <governor idx="13">ASKED</governor>
            <dependent idx="12">ARE</dependent>
          </dep>
          <dep type="mark">
            <governor idx="15">PLEASE</governor>
            <dependent idx="14">TO</dependent>
          </dep>
          <dep type="xcomp">
            <governor idx="13">ASKED</governor>
            <dependent idx="15">PLEASE</dependent>
          </dep>
          <dep type="dep">
            <governor idx="15">PLEASE</governor>
            <dependent idx="16">ADVISE</dependent>
          </dep>
          <dep type="det">
            <governor idx="19">MILITARY</governor>
            <dependent idx="17">THE</dependent>
          </dep>
          <dep type="amod">
            <governor idx="19">MILITARY</governor>
            <dependent idx="18">NEAREST</dependent>
          </dep>
          <dep type="dobj">
            <governor idx="16">ADVISE</governor>
            <dependent idx="19">MILITARY</dependent>
          </dep>
          <dep type="appos">
            <governor idx="19">MILITARY</governor>
            <dependent idx="20">GARRISON</dependent>
          </dep>
          <dep type="cc">
            <governor idx="16">ADVISE</governor>
            <dependent idx="21">OR</dependent>
          </dep>
          <dep type="dep" extra="true">
            <governor idx="15">PLEASE</governor>
            <dependent idx="22">DIAL</dependent>
          </dep>
          <dep type="conj:or">
            <governor idx="16">ADVISE</governor>
            <dependent idx="22">DIAL</dependent>
          </dep>
          <dep type="dobj">
            <governor idx="22">DIAL</governor>
            <dependent idx="23">123</dependent>
          </dep>
        </dependencies>
      </sentence>
      <sentence id="3">
        <tokens>
          <token id="1">
            <word>THEY</word>
            <lemma>they</lemma>
            <CharacterOffsetBegin>298</CharacterOffsetBegin>
            <CharacterOffsetEnd>302</CharacterOffsetEnd>
            <POS>PRP</POS>
            <NER>O</NER>
            <Speaker>PER0</Speaker>
          </token>
          <token id="2">
            <word>ARE</word>
            <lemma>be</lemma>
            <CharacterOffsetBegin>303</CharacterOffsetBegin>
            <CharacterOffsetEnd>306</CharacterOffsetEnd>
            <POS>VBP</POS>
            <NER>O</NER>
            <Speaker>PER0</Speaker>
          </token>
          <token id="3">
            <word>ALSO</word>
            <lemma>also</lemma>
            <CharacterOffsetBegin>307</CharacterOffsetBegin>
            <CharacterOffsetEnd>311</CharacterOffsetEnd>
            <POS>RB</POS>
            <NER>O</NER>
            <Speaker>PER0</Speaker>
          </token>
          <token id="4">
            <word>URGED</word>
            <lemma>urge</lemma>
            <CharacterOffsetBegin>312</CharacterOffsetBegin>
            <CharacterOffsetEnd>317</CharacterOffsetEnd>
            <POS>VBN</POS>
            <NER>O</NER>
            <Speaker>PER0</Speaker>
          </token>
          <token id="5">
            <word>TO</word>
            <lemma>to</lemma>
            <CharacterOffsetBegin>318</CharacterOffsetBegin>
            <CharacterOffsetEnd>320</CharacterOffsetEnd>
            <POS>TO</POS>
            <NER>O</NER>
            <Speaker>PER0</Speaker>
          </token>
          <token id="6">
            <word>REFRAIN</word>
            <lemma>refrain</lemma>
            <CharacterOffsetBegin>321</CharacterOffsetBegin>
            <CharacterOffsetEnd>328</CharacterOffsetEnd>
            <POS>VB</POS>
            <NER>O</NER>
            <Speaker>PER0</Speaker>
          </token>
          <token id="7">
            <word>FROM</word>
            <lemma>from</lemma>
            <CharacterOffsetBegin>329</CharacterOffsetBegin>
            <CharacterOffsetEnd>333</CharacterOffsetEnd>
            <POS>IN</POS>
            <NER>O</NER>
            <Speaker>PER0</Speaker>
          </token>
          <token id="8">
            <word>TRAVELING</word>
            <lemma>travel</lemma>
            <CharacterOffsetBegin>334</CharacterOffsetBegin>
            <CharacterOffsetEnd>343</CharacterOffsetEnd>
            <POS>VBG</POS>
            <NER>O</NER>
            <Speaker>PER0</Speaker>
          </token>
          <token id="9">
            <word>IN</word>
            <lemma>in</lemma>
            <CharacterOffsetBegin>344</CharacterOffsetBegin>
            <CharacterOffsetEnd>346</CharacterOffsetEnd>
            <POS>IN</POS>
            <NER>O</NER>
            <Speaker>PER0</Speaker>
          </token>
          <token id="10">
            <word>THE</word>
            <lemma>the</lemma>
            <CharacterOffsetBegin>347</CharacterOffsetBegin>
            <CharacterOffsetEnd>350</CharacterOffsetEnd>
            <POS>DT</POS>
            <NER>O</NER>
            <Speaker>PER0</Speaker>
          </token>
          <token id="11">
            <word>STREETS</word>
            <lemma>street</lemma>
            <CharacterOffsetBegin>351</CharacterOffsetBegin>
            <CharacterOffsetEnd>358</CharacterOffsetEnd>
            <POS>NNS</POS>
            <NER>O</NER>
            <Speaker>PER0</Speaker>
          </token>
          <token id="12">
            <word>,</word>
            <lemma>,</lemma>
            <CharacterOffsetBegin>358</CharacterOffsetBegin>
            <CharacterOffsetEnd>359</CharacterOffsetEnd>
            <POS>,</POS>
            <NER>O</NER>
            <Speaker>PER0</Speaker>
          </token>
          <token id="13">
            <word>BECAUSE</word>
            <lemma>because</lemma>
            <CharacterOffsetBegin>360</CharacterOffsetBegin>
            <CharacterOffsetEnd>367</CharacterOffsetEnd>
            <POS>IN</POS>
            <NER>O</NER>
            <Speaker>PER0</Speaker>
          </token>
          <token id="14">
            <word>THE</word>
            <lemma>the</lemma>
            <CharacterOffsetBegin>368</CharacterOffsetBegin>
            <CharacterOffsetEnd>371</CharacterOffsetEnd>
            <POS>DT</POS>
            <NER>O</NER>
            <Speaker>PER0</Speaker>
          </token>
          <token id="15">
            <word>TERRORIST</word>
            <lemma>terrorist</lemma>
            <CharacterOffsetBegin>372</CharacterOffsetBegin>
            <CharacterOffsetEnd>381</CharacterOffsetEnd>
            <POS>JJ</POS>
            <NER>O</NER>
            <Speaker>PER0</Speaker>
          </token>
          <token id="16">
            <word>CRIMINALS</word>
            <lemma>criminal</lemma>
            <CharacterOffsetBegin>382</CharacterOffsetBegin>
            <CharacterOffsetEnd>391</CharacterOffsetEnd>
            <POS>NNS</POS>
            <NER>O</NER>
            <Speaker>PER0</Speaker>
          </token>
          <token id="17">
            <word>ARE</word>
            <lemma>be</lemma>
            <CharacterOffsetBegin>392</CharacterOffsetBegin>
            <CharacterOffsetEnd>395</CharacterOffsetEnd>
            <POS>VBP</POS>
            <NER>O</NER>
            <Speaker>PER0</Speaker>
          </token>
          <token id="18">
            <word>USING</word>
            <lemma>use</lemma>
            <CharacterOffsetBegin>396</CharacterOffsetBegin>
            <CharacterOffsetEnd>401</CharacterOffsetEnd>
            <POS>VBG</POS>
            <NER>O</NER>
            <Speaker>PER0</Speaker>
          </token>
          <token id="19">
            <word>PICK-UP</word>
            <lemma>pick-up</lemma>
            <CharacterOffsetBegin>402</CharacterOffsetBegin>
            <CharacterOffsetEnd>409</CharacterOffsetEnd>
            <POS>JJ</POS>
            <NER>O</NER>
            <Speaker>PER0</Speaker>
          </token>
          <token id="20">
            <word>TRUCKS</word>
            <lemma>truck</lemma>
            <CharacterOffsetBegin>410</CharacterOffsetBegin>
            <CharacterOffsetEnd>416</CharacterOffsetEnd>
            <POS>NNS</POS>
            <NER>O</NER>
            <Speaker>PER0</Speaker>
          </token>
          <token id="21">
            <word>TO</word>
            <lemma>to</lemma>
            <CharacterOffsetBegin>417</CharacterOffsetBegin>
            <CharacterOffsetEnd>419</CharacterOffsetEnd>
            <POS>TO</POS>
            <NER>O</NER>
            <Speaker>PER0</Speaker>
          </token>
          <token id="22">
            <word>HARASS</word>
            <lemma>harass</lemma>
            <CharacterOffsetBegin>420</CharacterOffsetBegin>
            <CharacterOffsetEnd>426</CharacterOffsetEnd>
            <POS>VB</POS>
            <NER>O</NER>
            <Speaker>PER0</Speaker>
          </token>
          <token id="23">
            <word>PERSONNEL</word>
            <lemma>personnel</lemma>
            <CharacterOffsetBegin>427</CharacterOffsetBegin>
            <CharacterOffsetEnd>436</CharacterOffsetEnd>
            <POS>NNS</POS>
            <NER>O</NER>
            <Speaker>PER0</Speaker>
          </token>
          <token id="24">
            <word>AT</word>
            <lemma>at</lemma>
            <CharacterOffsetBegin>437</CharacterOffsetBegin>
            <CharacterOffsetEnd>439</CharacterOffsetEnd>
            <POS>IN</POS>
            <NER>O</NER>
            <Speaker>PER0</Speaker>
          </token>
          <token id="25">
            <word>SOME</word>
            <lemma>some</lemma>
            <CharacterOffsetBegin>440</CharacterOffsetBegin>
            <CharacterOffsetEnd>444</CharacterOffsetEnd>
            <POS>DT</POS>
            <NER>O</NER>
            <Speaker>PER0</Speaker>
          </token>
          <token id="26">
            <word>ROADBLOCKS</word>
            <lemma>roadblock</lemma>
            <CharacterOffsetBegin>445</CharacterOffsetBegin>
            <CharacterOffsetEnd>455</CharacterOffsetEnd>
            <POS>NNS</POS>
            <NER>O</NER>
            <Speaker>PER0</Speaker>
          </token>
          <token id="27">
            <word>.</word>
            <lemma>.</lemma>
            <CharacterOffsetBegin>455</CharacterOffsetBegin>
            <CharacterOffsetEnd>456</CharacterOffsetEnd>
            <POS>.</POS>
            <NER>O</NER>
            <Speaker>PER0</Speaker>
          </token>
        </tokens>
        <parse>(ROOT (S (NP (PRP THEY)) (VP (VBP ARE) (ADVP (RB ALSO)) (VP (VBN URGED) (S (VP (TO TO) (VP (VB REFRAIN) (PP (IN FROM) (S (VP (VBG TRAVELING) (PP (IN IN) (NP (DT THE) (NNS STREETS))))))))) (, ,) (SBAR (IN BECAUSE) (S (NP (DT THE) (JJ TERRORIST) (NNS CRIMINALS)) (VP (VBP ARE) (VP (VBG USING) (NP (JJ PICK-UP) (NNS TRUCKS)) (S (VP (TO TO) (VP (VB HARASS) (NP (NNS PERSONNEL)) (PP (IN AT) (NP (DT SOME) (NNS ROADBLOCKS)))))))))))) (. .))) </parse>
        <dependencies type="basic-dependencies">
          <dep type="root">
            <governor idx="0">ROOT</governor>
            <dependent idx="4">URGED</dependent>
          </dep>
          <dep type="nsubjpass">
            <governor idx="4">URGED</governor>
            <dependent idx="1">THEY</dependent>
          </dep>
          <dep type="auxpass">
            <governor idx="4">URGED</governor>
            <dependent idx="2">ARE</dependent>
          </dep>
          <dep type="advmod">
            <governor idx="4">URGED</governor>
            <dependent idx="3">ALSO</dependent>
          </dep>
          <dep type="mark">
            <governor idx="6">REFRAIN</governor>
            <dependent idx="5">TO</dependent>
          </dep>
          <dep type="xcomp">
            <governor idx="4">URGED</governor>
            <dependent idx="6">REFRAIN</dependent>
          </dep>
          <dep type="mark">
            <governor idx="8">TRAVELING</governor>
            <dependent idx="7">FROM</dependent>
          </dep>
          <dep type="advcl">
            <governor idx="6">REFRAIN</governor>
            <dependent idx="8">TRAVELING</dependent>
          </dep>
          <dep type="case">
            <governor idx="11">STREETS</governor>
            <dependent idx="9">IN</dependent>
          </dep>
          <dep type="det">
            <governor idx="11">STREETS</governor>
            <dependent idx="10">THE</dependent>
          </dep>
          <dep type="nmod">
            <governor idx="8">TRAVELING</governor>
            <dependent idx="11">STREETS</dependent>
          </dep>
          <dep type="mark">
            <governor idx="18">USING</governor>
            <dependent idx="13">BECAUSE</dependent>
          </dep>
          <dep type="det">
            <governor idx="16">CRIMINALS</governor>
            <dependent idx="14">THE</dependent>
          </dep>
          <dep type="amod">
            <governor idx="16">CRIMINALS</governor>
            <dependent idx="15">TERRORIST</dependent>
          </dep>
          <dep type="nsubj">
            <governor idx="18">USING</governor>
            <dependent idx="16">CRIMINALS</dependent>
          </dep>
          <dep type="aux">
            <governor idx="18">USING</governor>
            <dependent idx="17">ARE</dependent>
          </dep>
          <dep type="advcl">
            <governor idx="4">URGED</governor>
            <dependent idx="18">USING</dependent>
          </dep>
          <dep type="amod">
            <governor idx="20">TRUCKS</governor>
            <dependent idx="19">PICK-UP</dependent>
          </dep>
          <dep type="dobj">
            <governor idx="18">USING</governor>
            <dependent idx="20">TRUCKS</dependent>
          </dep>
          <dep type="mark">
            <governor idx="22">HARASS</governor>
            <dependent idx="21">TO</dependent>
          </dep>
          <dep type="advcl">
            <governor idx="18">USING</governor>
            <dependent idx="22">HARASS</dependent>
          </dep>
          <dep type="dobj">
            <governor idx="22">HARASS</governor>
            <dependent idx="23">PERSONNEL</dependent>
          </dep>
          <dep type="case">
            <governor idx="26">ROADBLOCKS</governor>
            <dependent idx="24">AT</dependent>
          </dep>
          <dep type="det">
            <governor idx="26">ROADBLOCKS</governor>
            <dependent idx="25">SOME</dependent>
          </dep>
          <dep type="nmod">
            <governor idx="22">HARASS</governor>
            <dependent idx="26">ROADBLOCKS</dependent>
          </dep>
        </dependencies>
        <dependencies type="collapsed-dependencies">
          <dep type="root">
            <governor idx="0">ROOT</governor>
            <dependent idx="4">URGED</dependent>
          </dep>
          <dep type="nsubjpass">
            <governor idx="4">URGED</governor>
            <dependent idx="1">THEY</dependent>
          </dep>
          <dep type="auxpass">
            <governor idx="4">URGED</governor>
            <dependent idx="2">ARE</dependent>
          </dep>
          <dep type="advmod">
            <governor idx="4">URGED</governor>
            <dependent idx="3">ALSO</dependent>
          </dep>
          <dep type="mark">
            <governor idx="6">REFRAIN</governor>
            <dependent idx="5">TO</dependent>
          </dep>
          <dep type="xcomp">
            <governor idx="4">URGED</governor>
            <dependent idx="6">REFRAIN</dependent>
          </dep>
          <dep type="mark">
            <governor idx="8">TRAVELING</governor>
            <dependent idx="7">FROM</dependent>
          </dep>
          <dep type="advcl">
            <governor idx="6">REFRAIN</governor>
            <dependent idx="8">TRAVELING</dependent>
          </dep>
          <dep type="case">
            <governor idx="11">STREETS</governor>
            <dependent idx="9">IN</dependent>
          </dep>
          <dep type="det">
            <governor idx="11">STREETS</governor>
            <dependent idx="10">THE</dependent>
          </dep>
          <dep type="nmod:in">
            <governor idx="8">TRAVELING</governor>
            <dependent idx="11">STREETS</dependent>
          </dep>
          <dep type="mark">
            <governor idx="18">USING</governor>
            <dependent idx="13">BECAUSE</dependent>
          </dep>
          <dep type="det">
            <governor idx="16">CRIMINALS</governor>
            <dependent idx="14">THE</dependent>
          </dep>
          <dep type="amod">
            <governor idx="16">CRIMINALS</governor>
            <dependent idx="15">TERRORIST</dependent>
          </dep>
          <dep type="nsubj">
            <governor idx="18">USING</governor>
            <dependent idx="16">CRIMINALS</dependent>
          </dep>
          <dep type="aux">
            <governor idx="18">USING</governor>
            <dependent idx="17">ARE</dependent>
          </dep>
          <dep type="advcl">
            <governor idx="4">URGED</governor>
            <dependent idx="18">USING</dependent>
          </dep>
          <dep type="amod">
            <governor idx="20">TRUCKS</governor>
            <dependent idx="19">PICK-UP</dependent>
          </dep>
          <dep type="dobj">
            <governor idx="18">USING</governor>
            <dependent idx="20">TRUCKS</dependent>
          </dep>
          <dep type="mark">
            <governor idx="22">HARASS</governor>
            <dependent idx="21">TO</dependent>
          </dep>
          <dep type="advcl">
            <governor idx="18">USING</governor>
            <dependent idx="22">HARASS</dependent>
          </dep>
          <dep type="dobj">
            <governor idx="22">HARASS</governor>
            <dependent idx="23">PERSONNEL</dependent>
          </dep>
          <dep type="case">
            <governor idx="26">ROADBLOCKS</governor>
            <dependent idx="24">AT</dependent>
          </dep>
          <dep type="det">
            <governor idx="26">ROADBLOCKS</governor>
            <dependent idx="25">SOME</dependent>
          </dep>
          <dep type="nmod:at">
            <governor idx="22">HARASS</governor>
            <dependent idx="26">ROADBLOCKS</dependent>
          </dep>
        </dependencies>
        <dependencies type="collapsed-ccprocessed-dependencies">
          <dep type="root">
            <governor idx="0">ROOT</governor>
            <dependent idx="4">URGED</dependent>
          </dep>
          <dep type="nsubjpass">
            <governor idx="4">URGED</governor>
            <dependent idx="1">THEY</dependent>
          </dep>
          <dep type="auxpass">
            <governor idx="4">URGED</governor>
            <dependent idx="2">ARE</dependent>
          </dep>
          <dep type="advmod">
            <governor idx="4">URGED</governor>
            <dependent idx="3">ALSO</dependent>
          </dep>
          <dep type="mark">
            <governor idx="6">REFRAIN</governor>
            <dependent idx="5">TO</dependent>
          </dep>
          <dep type="xcomp">
            <governor idx="4">URGED</governor>
            <dependent idx="6">REFRAIN</dependent>
          </dep>
          <dep type="mark">
            <governor idx="8">TRAVELING</governor>
            <dependent idx="7">FROM</dependent>
          </dep>
          <dep type="advcl">
            <governor idx="6">REFRAIN</governor>
            <dependent idx="8">TRAVELING</dependent>
          </dep>
          <dep type="case">
            <governor idx="11">STREETS</governor>
            <dependent idx="9">IN</dependent>
          </dep>
          <dep type="det">
            <governor idx="11">STREETS</governor>
            <dependent idx="10">THE</dependent>
          </dep>
          <dep type="nmod:in">
            <governor idx="8">TRAVELING</governor>
            <dependent idx="11">STREETS</dependent>
          </dep>
          <dep type="mark">
            <governor idx="18">USING</governor>
            <dependent idx="13">BECAUSE</dependent>
          </dep>
          <dep type="det">
            <governor idx="16">CRIMINALS</governor>
            <dependent idx="14">THE</dependent>
          </dep>
          <dep type="amod">
            <governor idx="16">CRIMINALS</governor>
            <dependent idx="15">TERRORIST</dependent>
          </dep>
          <dep type="nsubj">
            <governor idx="18">USING</governor>
            <dependent idx="16">CRIMINALS</dependent>
          </dep>
          <dep type="aux">
            <governor idx="18">USING</governor>
            <dependent idx="17">ARE</dependent>
          </dep>
          <dep type="advcl">
            <governor idx="4">URGED</governor>
            <dependent idx="18">USING</dependent>
          </dep>
          <dep type="amod">
            <governor idx="20">TRUCKS</governor>
            <dependent idx="19">PICK-UP</dependent>
          </dep>
          <dep type="dobj">
            <governor idx="18">USING</governor>
            <dependent idx="20">TRUCKS</dependent>
          </dep>
          <dep type="mark">
            <governor idx="22">HARASS</governor>
            <dependent idx="21">TO</dependent>
          </dep>
          <dep type="advcl">
            <governor idx="18">USING</governor>
            <dependent idx="22">HARASS</dependent>
          </dep>
          <dep type="dobj">
            <governor idx="22">HARASS</governor>
            <dependent idx="23">PERSONNEL</dependent>
          </dep>
          <dep type="case">
            <governor idx="26">ROADBLOCKS</governor>
            <dependent idx="24">AT</dependent>
          </dep>
          <dep type="det">
            <governor idx="26">ROADBLOCKS</governor>
            <dependent idx="25">SOME</dependent>
          </dep>
          <dep type="nmod:at">
            <governor idx="22">HARASS</governor>
            <dependent idx="26">ROADBLOCKS</dependent>
          </dep>
        </dependencies>
      </sentence>
      <sentence id="4">
        <tokens>
          <token id="1">
            <word>THIS</word>
            <lemma>this</lemma>
            <CharacterOffsetBegin>458</CharacterOffsetBegin>
            <CharacterOffsetEnd>462</CharacterOffsetEnd>
            <POS>DT</POS>
            <NER>O</NER>
            <Speaker>PER0</Speaker>
          </token>
          <token id="2">
            <word>COULD</word>
            <lemma>could</lemma>
            <CharacterOffsetBegin>463</CharacterOffsetBegin>
            <CharacterOffsetEnd>468</CharacterOffsetEnd>
            <POS>MD</POS>
            <NER>O</NER>
            <Speaker>PER0</Speaker>
          </token>
          <token id="3">
            <word>CAUSE</word>
            <lemma>cause</lemma>
            <CharacterOffsetBegin>469</CharacterOffsetBegin>
            <CharacterOffsetEnd>474</CharacterOffsetEnd>
            <POS>VB</POS>
            <NER>O</NER>
            <Speaker>PER0</Speaker>
          </token>
          <token id="4">
            <word>PROBLEMS</word>
            <lemma>problem</lemma>
            <CharacterOffsetBegin>475</CharacterOffsetBegin>
            <CharacterOffsetEnd>483</CharacterOffsetEnd>
            <POS>NNS</POS>
            <NER>O</NER>
            <Speaker>PER0</Speaker>
          </token>
          <token id="5">
            <word>FOR</word>
            <lemma>for</lemma>
            <CharacterOffsetBegin>484</CharacterOffsetBegin>
            <CharacterOffsetEnd>487</CharacterOffsetEnd>
            <POS>IN</POS>
            <NER>O</NER>
            <Speaker>PER0</Speaker>
          </token>
          <token id="6">
            <word>PEOPLE</word>
            <lemma>people</lemma>
            <CharacterOffsetBegin>488</CharacterOffsetBegin>
            <CharacterOffsetEnd>494</CharacterOffsetEnd>
            <POS>NNS</POS>
            <NER>O</NER>
            <Speaker>PER0</Speaker>
          </token>
          <token id="7">
            <word>ATTEMPTING</word>
            <lemma>attempt</lemma>
            <CharacterOffsetBegin>495</CharacterOffsetBegin>
            <CharacterOffsetEnd>505</CharacterOffsetEnd>
            <POS>VBG</POS>
            <NER>O</NER>
            <Speaker>PER0</Speaker>
          </token>
          <token id="8">
            <word>TO</word>
            <lemma>to</lemma>
            <CharacterOffsetBegin>506</CharacterOffsetBegin>
            <CharacterOffsetEnd>508</CharacterOffsetEnd>
            <POS>TO</POS>
            <NER>O</NER>
            <Speaker>PER0</Speaker>
          </token>
          <token id="9">
            <word>GO</word>
            <lemma>go</lemma>
            <CharacterOffsetBegin>509</CharacterOffsetBegin>
            <CharacterOffsetEnd>511</CharacterOffsetEnd>
            <POS>VB</POS>
            <NER>O</NER>
            <Speaker>PER0</Speaker>
          </token>
          <token id="10">
            <word>HOME</word>
            <lemma>home</lemma>
            <CharacterOffsetBegin>512</CharacterOffsetBegin>
            <CharacterOffsetEnd>516</CharacterOffsetEnd>
            <POS>NN</POS>
            <NER>O</NER>
            <Speaker>PER0</Speaker>
          </token>
          <token id="11">
            <word>OR</word>
            <lemma>or</lemma>
            <CharacterOffsetBegin>517</CharacterOffsetBegin>
            <CharacterOffsetEnd>519</CharacterOffsetEnd>
            <POS>CC</POS>
            <NER>O</NER>
            <Speaker>PER0</Speaker>
          </token>
          <token id="12">
            <word>ANYWHERE</word>
            <lemma>anywhere</lemma>
            <CharacterOffsetBegin>520</CharacterOffsetBegin>
            <CharacterOffsetEnd>528</CharacterOffsetEnd>
            <POS>RB</POS>
            <NER>O</NER>
            <Speaker>PER0</Speaker>
          </token>
          <token id="13">
            <word>ELSE</word>
            <lemma>else</lemma>
            <CharacterOffsetBegin>529</CharacterOffsetBegin>
            <CharacterOffsetEnd>533</CharacterOffsetEnd>
            <POS>RB</POS>
            <NER>O</NER>
            <Speaker>PER0</Speaker>
          </token>
          <token id="14">
            <word>.</word>
            <lemma>.</lemma>
            <CharacterOffsetBegin>533</CharacterOffsetBegin>
            <CharacterOffsetEnd>534</CharacterOffsetEnd>
            <POS>.</POS>
            <NER>O</NER>
            <Speaker>PER0</Speaker>
          </token>
        </tokens>
        <parse>(ROOT (S (NP (DT THIS)) (VP (MD COULD) (VP (VB CAUSE) (NP (NNS PROBLEMS)) (PP (IN FOR) (NP (NP (NNS PEOPLE)) (VP (VBG ATTEMPTING) (S (VP (TO TO) (VP (VB GO) (NP (NP (NN HOME)) (CC OR) (NP (RB ANYWHERE) (RB ELSE))))))))))) (. .))) </parse>
        <dependencies type="basic-dependencies">
          <dep type="root">
            <governor idx="0">ROOT</governor>
            <dependent idx="3">CAUSE</dependent>
          </dep>
          <dep type="nsubj">
            <governor idx="3">CAUSE</governor>
            <dependent idx="1">THIS</dependent>
          </dep>
          <dep type="aux">
            <governor idx="3">CAUSE</governor>
            <dependent idx="2">COULD</dependent>
          </dep>
          <dep type="dobj">
            <governor idx="3">CAUSE</governor>
            <dependent idx="4">PROBLEMS</dependent>
          </dep>
          <dep type="case">
            <governor idx="6">PEOPLE</governor>
            <dependent idx="5">FOR</dependent>
          </dep>
          <dep type="nmod">
            <governor idx="3">CAUSE</governor>
            <dependent idx="6">PEOPLE</dependent>
          </dep>
          <dep type="acl">
            <governor idx="6">PEOPLE</governor>
            <dependent idx="7">ATTEMPTING</dependent>
          </dep>
          <dep type="mark">
            <governor idx="9">GO</governor>
            <dependent idx="8">TO</dependent>
          </dep>
          <dep type="xcomp">
            <governor idx="7">ATTEMPTING</governor>
            <dependent idx="9">GO</dependent>
          </dep>
          <dep type="dobj">
            <governor idx="9">GO</governor>
            <dependent idx="10">HOME</dependent>
          </dep>
          <dep type="cc">
            <governor idx="10">HOME</governor>
            <dependent idx="11">OR</dependent>
          </dep>
          <dep type="advmod">
            <governor idx="13">ELSE</governor>
            <dependent idx="12">ANYWHERE</dependent>
          </dep>
          <dep type="conj">
            <governor idx="10">HOME</governor>
            <dependent idx="13">ELSE</dependent>
          </dep>
        </dependencies>
        <dependencies type="collapsed-dependencies">
          <dep type="root">
            <governor idx="0">ROOT</governor>
            <dependent idx="3">CAUSE</dependent>
          </dep>
          <dep type="nsubj">
            <governor idx="3">CAUSE</governor>
            <dependent idx="1">THIS</dependent>
          </dep>
          <dep type="aux">
            <governor idx="3">CAUSE</governor>
            <dependent idx="2">COULD</dependent>
          </dep>
          <dep type="dobj">
            <governor idx="3">CAUSE</governor>
            <dependent idx="4">PROBLEMS</dependent>
          </dep>
          <dep type="case">
            <governor idx="6">PEOPLE</governor>
            <dependent idx="5">FOR</dependent>
          </dep>
          <dep type="nmod:for">
            <governor idx="3">CAUSE</governor>
            <dependent idx="6">PEOPLE</dependent>
          </dep>
          <dep type="acl">
            <governor idx="6">PEOPLE</governor>
            <dependent idx="7">ATTEMPTING</dependent>
          </dep>
          <dep type="mark">
            <governor idx="9">GO</governor>
            <dependent idx="8">TO</dependent>
          </dep>
          <dep type="xcomp">
            <governor idx="7">ATTEMPTING</governor>
            <dependent idx="9">GO</dependent>
          </dep>
          <dep type="dobj">
            <governor idx="9">GO</governor>
            <dependent idx="10">HOME</dependent>
          </dep>
          <dep type="cc">
            <governor idx="10">HOME</governor>
            <dependent idx="11">OR</dependent>
          </dep>
          <dep type="advmod">
            <governor idx="13">ELSE</governor>
            <dependent idx="12">ANYWHERE</dependent>
          </dep>
          <dep type="conj:or">
            <governor idx="10">HOME</governor>
            <dependent idx="13">ELSE</dependent>
          </dep>
        </dependencies>
        <dependencies type="collapsed-ccprocessed-dependencies">
          <dep type="root">
            <governor idx="0">ROOT</governor>
            <dependent idx="3">CAUSE</dependent>
          </dep>
          <dep type="nsubj">
            <governor idx="3">CAUSE</governor>
            <dependent idx="1">THIS</dependent>
          </dep>
          <dep type="aux">
            <governor idx="3">CAUSE</governor>
            <dependent idx="2">COULD</dependent>
          </dep>
          <dep type="dobj">
            <governor idx="3">CAUSE</governor>
            <dependent idx="4">PROBLEMS</dependent>
          </dep>
          <dep type="case">
            <governor idx="6">PEOPLE</governor>
            <dependent idx="5">FOR</dependent>
          </dep>
          <dep type="nmod:for">
            <governor idx="3">CAUSE</governor>
            <dependent idx="6">PEOPLE</dependent>
          </dep>
          <dep type="acl">
            <governor idx="6">PEOPLE</governor>
            <dependent idx="7">ATTEMPTING</dependent>
          </dep>
          <dep type="mark">
            <governor idx="9">GO</governor>
            <dependent idx="8">TO</dependent>
          </dep>
          <dep type="xcomp">
            <governor idx="7">ATTEMPTING</governor>
            <dependent idx="9">GO</dependent>
          </dep>
          <dep type="dobj">
            <governor idx="9">GO</governor>
            <dependent idx="10">HOME</dependent>
          </dep>
          <dep type="cc">
            <governor idx="10">HOME</governor>
            <dependent idx="11">OR</dependent>
          </dep>
          <dep type="advmod">
            <governor idx="13">ELSE</governor>
            <dependent idx="12">ANYWHERE</dependent>
          </dep>
          <dep type="dobj" extra="true">
            <governor idx="9">GO</governor>
            <dependent idx="13">ELSE</dependent>
          </dep>
          <dep type="conj:or">
            <governor idx="10">HOME</governor>
            <dependent idx="13">ELSE</dependent>
          </dep>
        </dependencies>
      </sentence>
      <sentence id="5">
        <tokens>
          <token id="1">
            <word>THEREFORE</word>
            <lemma>therefore</lemma>
            <CharacterOffsetBegin>539</CharacterOffsetBegin>
            <CharacterOffsetEnd>548</CharacterOffsetEnd>
            <POS>RB</POS>
            <NER>O</NER>
            <Speaker>PER0</Speaker>
          </token>
          <token id="2">
            <word>,</word>
            <lemma>,</lemma>
            <CharacterOffsetBegin>548</CharacterOffsetBegin>
            <CharacterOffsetEnd>549</CharacterOffsetEnd>
            <POS>,</POS>
            <NER>O</NER>
            <Speaker>PER0</Speaker>
          </token>
          <token id="3">
            <word>PLEASE</word>
            <lemma>please</lemma>
            <CharacterOffsetBegin>550</CharacterOffsetBegin>
            <CharacterOffsetEnd>556</CharacterOffsetEnd>
            <POS>VB</POS>
            <NER>O</NER>
            <Speaker>PER0</Speaker>
          </token>
          <token id="4">
            <word>AVOID</word>
            <lemma>avoid</lemma>
            <CharacterOffsetBegin>557</CharacterOffsetBegin>
            <CharacterOffsetEnd>562</CharacterOffsetEnd>
            <POS>VB</POS>
            <NER>O</NER>
            <Speaker>PER0</Speaker>
          </token>
          <token id="5">
            <word>TRAVELLING</word>
            <lemma>travel</lemma>
            <CharacterOffsetBegin>563</CharacterOffsetBegin>
            <CharacterOffsetEnd>573</CharacterOffsetEnd>
            <POS>VBG</POS>
            <NER>O</NER>
            <Speaker>PER0</Speaker>
          </token>
          <token id="6">
            <word>IN</word>
            <lemma>in</lemma>
            <CharacterOffsetBegin>574</CharacterOffsetBegin>
            <CharacterOffsetEnd>576</CharacterOffsetEnd>
            <POS>IN</POS>
            <NER>O</NER>
            <Speaker>PER0</Speaker>
          </token>
          <token id="7">
            <word>THE</word>
            <lemma>the</lemma>
            <CharacterOffsetBegin>577</CharacterOffsetBegin>
            <CharacterOffsetEnd>580</CharacterOffsetEnd>
            <POS>DT</POS>
            <NER>O</NER>
            <Speaker>PER0</Speaker>
          </token>
          <token id="8">
            <word>STREETS</word>
            <lemma>street</lemma>
            <CharacterOffsetBegin>581</CharacterOffsetBegin>
            <CharacterOffsetEnd>588</CharacterOffsetEnd>
            <POS>NNS</POS>
            <NER>O</NER>
            <Speaker>PER0</Speaker>
          </token>
          <token id="9">
            <word>.</word>
            <lemma>.</lemma>
            <CharacterOffsetBegin>588</CharacterOffsetBegin>
            <CharacterOffsetEnd>589</CharacterOffsetEnd>
            <POS>.</POS>
            <NER>O</NER>
            <Speaker>PER0</Speaker>
          </token>
        </tokens>
        <parse>(ROOT (S (ADVP (RB THEREFORE)) (, ,) (VP (VB PLEASE) (VP (VB AVOID) (S (VP (VBG TRAVELLING) (PP (IN IN) (NP (DT THE) (NNS STREETS))))))) (. .))) </parse>
        <dependencies type="basic-dependencies">
          <dep type="root">
            <governor idx="0">ROOT</governor>
            <dependent idx="3">PLEASE</dependent>
          </dep>
          <dep type="advmod">
            <governor idx="3">PLEASE</governor>
            <dependent idx="1">THEREFORE</dependent>
          </dep>
          <dep type="xcomp">
            <governor idx="3">PLEASE</governor>
            <dependent idx="4">AVOID</dependent>
          </dep>
          <dep type="xcomp">
            <governor idx="4">AVOID</governor>
            <dependent idx="5">TRAVELLING</dependent>
          </dep>
          <dep type="case">
            <governor idx="8">STREETS</governor>
            <dependent idx="6">IN</dependent>
          </dep>
          <dep type="det">
            <governor idx="8">STREETS</governor>
            <dependent idx="7">THE</dependent>
          </dep>
          <dep type="nmod">
            <governor idx="5">TRAVELLING</governor>
            <dependent idx="8">STREETS</dependent>
          </dep>
        </dependencies>
        <dependencies type="collapsed-dependencies">
          <dep type="root">
            <governor idx="0">ROOT</governor>
            <dependent idx="3">PLEASE</dependent>
          </dep>
          <dep type="advmod">
            <governor idx="3">PLEASE</governor>
            <dependent idx="1">THEREFORE</dependent>
          </dep>
          <dep type="xcomp">
            <governor idx="3">PLEASE</governor>
            <dependent idx="4">AVOID</dependent>
          </dep>
          <dep type="xcomp">
            <governor idx="4">AVOID</governor>
            <dependent idx="5">TRAVELLING</dependent>
          </dep>
          <dep type="case">
            <governor idx="8">STREETS</governor>
            <dependent idx="6">IN</dependent>
          </dep>
          <dep type="det">
            <governor idx="8">STREETS</governor>
            <dependent idx="7">THE</dependent>
          </dep>
          <dep type="nmod:in">
            <governor idx="5">TRAVELLING</governor>
            <dependent idx="8">STREETS</dependent>
          </dep>
        </dependencies>
        <dependencies type="collapsed-ccprocessed-dependencies">
          <dep type="root">
            <governor idx="0">ROOT</governor>
            <dependent idx="3">PLEASE</dependent>
          </dep>
          <dep type="advmod">
            <governor idx="3">PLEASE</governor>
            <dependent idx="1">THEREFORE</dependent>
          </dep>
          <dep type="xcomp">
            <governor idx="3">PLEASE</governor>
            <dependent idx="4">AVOID</dependent>
          </dep>
          <dep type="xcomp">
            <governor idx="4">AVOID</governor>
            <dependent idx="5">TRAVELLING</dependent>
          </dep>
          <dep type="case">
            <governor idx="8">STREETS</governor>
            <dependent idx="6">IN</dependent>
          </dep>
          <dep type="det">
            <governor idx="8">STREETS</governor>
            <dependent idx="7">THE</dependent>
          </dep>
          <dep type="nmod:in">
            <governor idx="5">TRAVELLING</governor>
            <dependent idx="8">STREETS</dependent>
          </dep>
        </dependencies>
      </sentence>
      <sentence id="6">
        <tokens>
          <token id="1">
            <word>REMAIN</word>
            <lemma>remain</lemma>
            <CharacterOffsetBegin>591</CharacterOffsetBegin>
            <CharacterOffsetEnd>597</CharacterOffsetEnd>
            <POS>VB</POS>
            <NER>O</NER>
            <Speaker>PER0</Speaker>
          </token>
          <token id="2">
            <word>WHEREVER</word>
            <lemma>wherever</lemma>
            <CharacterOffsetBegin>598</CharacterOffsetBegin>
            <CharacterOffsetEnd>606</CharacterOffsetEnd>
            <POS>WRB</POS>
            <NER>O</NER>
            <Speaker>PER0</Speaker>
          </token>
          <token id="3">
            <word>YOU</word>
            <lemma>you</lemma>
            <CharacterOffsetBegin>607</CharacterOffsetBegin>
            <CharacterOffsetEnd>610</CharacterOffsetEnd>
            <POS>PRP</POS>
            <NER>O</NER>
            <Speaker>PER0</Speaker>
          </token>
          <token id="4">
            <word>ARE</word>
            <lemma>be</lemma>
            <CharacterOffsetBegin>611</CharacterOffsetBegin>
            <CharacterOffsetEnd>614</CharacterOffsetEnd>
            <POS>VBP</POS>
            <NER>O</NER>
            <Speaker>PER0</Speaker>
          </token>
          <token id="5">
            <word>,</word>
            <lemma>,</lemma>
            <CharacterOffsetBegin>614</CharacterOffsetBegin>
            <CharacterOffsetEnd>615</CharacterOffsetEnd>
            <POS>,</POS>
            <NER>O</NER>
            <Speaker>PER0</Speaker>
          </token>
          <token id="6">
            <word>WHETHER</word>
            <lemma>whether</lemma>
            <CharacterOffsetBegin>616</CharacterOffsetBegin>
            <CharacterOffsetEnd>623</CharacterOffsetEnd>
            <POS>IN</POS>
            <NER>O</NER>
            <Speaker>PER0</Speaker>
          </token>
          <token id="7">
            <word>IN</word>
            <lemma>in</lemma>
            <CharacterOffsetBegin>624</CharacterOffsetBegin>
            <CharacterOffsetEnd>626</CharacterOffsetEnd>
            <POS>IN</POS>
            <NER>O</NER>
            <Speaker>PER0</Speaker>
          </token>
          <token id="8">
            <word>AN</word>
            <lemma>a</lemma>
            <CharacterOffsetBegin>627</CharacterOffsetBegin>
            <CharacterOffsetEnd>629</CharacterOffsetEnd>
            <POS>DT</POS>
            <NER>O</NER>
            <Speaker>PER0</Speaker>
          </token>
          <token id="9">
            <word>OFFICE</word>
            <lemma>office</lemma>
            <CharacterOffsetBegin>630</CharacterOffsetBegin>
            <CharacterOffsetEnd>636</CharacterOffsetEnd>
            <POS>NN</POS>
            <NER>O</NER>
            <Speaker>PER0</Speaker>
          </token>
          <token id="10">
            <word>,</word>
            <lemma>,</lemma>
            <CharacterOffsetBegin>636</CharacterOffsetBegin>
            <CharacterOffsetEnd>637</CharacterOffsetEnd>
            <POS>,</POS>
            <NER>O</NER>
            <Speaker>PER0</Speaker>
          </token>
          <token id="11">
            <word>A</word>
            <lemma>a</lemma>
            <CharacterOffsetBegin>638</CharacterOffsetBegin>
            <CharacterOffsetEnd>639</CharacterOffsetEnd>
            <POS>DT</POS>
            <NER>O</NER>
            <Speaker>PER0</Speaker>
          </token>
          <token id="12">
            <word>RESTAURANT</word>
            <lemma>restaurant</lemma>
            <CharacterOffsetBegin>640</CharacterOffsetBegin>
            <CharacterOffsetEnd>650</CharacterOffsetEnd>
            <POS>NN</POS>
            <NER>O</NER>
            <Speaker>PER0</Speaker>
          </token>
          <token id="13">
            <word>,</word>
            <lemma>,</lemma>
            <CharacterOffsetBegin>650</CharacterOffsetBegin>
            <CharacterOffsetEnd>651</CharacterOffsetEnd>
            <POS>,</POS>
            <NER>O</NER>
            <Speaker>PER0</Speaker>
          </token>
          <token id="14">
            <word>A</word>
            <lemma>a</lemma>
            <CharacterOffsetBegin>652</CharacterOffsetBegin>
            <CharacterOffsetEnd>653</CharacterOffsetEnd>
            <POS>DT</POS>
            <NER>O</NER>
            <Speaker>PER0</Speaker>
          </token>
          <token id="15">
            <word>WORKSHOP</word>
            <lemma>workshop</lemma>
            <CharacterOffsetBegin>654</CharacterOffsetBegin>
            <CharacterOffsetEnd>662</CharacterOffsetEnd>
            <POS>NN</POS>
            <NER>O</NER>
            <Speaker>PER0</Speaker>
          </token>
          <token id="16">
            <word>,</word>
            <lemma>,</lemma>
            <CharacterOffsetBegin>662</CharacterOffsetBegin>
            <CharacterOffsetEnd>663</CharacterOffsetEnd>
            <POS>,</POS>
            <NER>O</NER>
            <Speaker>PER0</Speaker>
          </token>
          <token id="17">
            <word>OR</word>
            <lemma>or</lemma>
            <CharacterOffsetBegin>664</CharacterOffsetBegin>
            <CharacterOffsetEnd>666</CharacterOffsetEnd>
            <POS>CC</POS>
            <NER>O</NER>
            <Speaker>PER0</Speaker>
          </token>
          <token id="18">
            <word>AT</word>
            <lemma>at</lemma>
            <CharacterOffsetBegin>667</CharacterOffsetBegin>
            <CharacterOffsetEnd>669</CharacterOffsetEnd>
            <POS>IN</POS>
            <NER>O</NER>
            <Speaker>PER0</Speaker>
          </token>
          <token id="19">
            <word>HOME</word>
            <lemma>home</lemma>
            <CharacterOffsetBegin>670</CharacterOffsetBegin>
            <CharacterOffsetEnd>674</CharacterOffsetEnd>
            <POS>NN</POS>
            <NER>O</NER>
            <Speaker>PER0</Speaker>
          </token>
          <token id="20">
            <word>.</word>
            <lemma>.</lemma>
            <CharacterOffsetBegin>674</CharacterOffsetBegin>
            <CharacterOffsetEnd>675</CharacterOffsetEnd>
            <POS>.</POS>
            <NER>O</NER>
            <Speaker>PER0</Speaker>
          </token>
        </tokens>
        <parse>(ROOT (S (VP (VB REMAIN) (SBAR (WHADVP (WRB WHEREVER)) (S (NP (PRP YOU)) (VP (VBP ARE) (, ,) (PP (IN WHETHER)) (PP (IN IN) (NP (NP (DT AN) (NN OFFICE)) (, ,) (NP (DT A) (NN RESTAURANT)) (, ,) (NP (DT A) (NN WORKSHOP)) (, ,) (CC OR) (ADVP (IN AT)) (NP (NN HOME)))))))) (. .))) </parse>
        <dependencies type="basic-dependencies">
          <dep type="root">
            <governor idx="0">ROOT</governor>
            <dependent idx="1">REMAIN</dependent>
          </dep>
          <dep type="advmod">
            <governor idx="6">WHETHER</governor>
            <dependent idx="2">WHEREVER</dependent>
          </dep>
          <dep type="nsubj">
            <governor idx="6">WHETHER</governor>
            <dependent idx="3">YOU</dependent>
          </dep>
          <dep type="cop">
            <governor idx="6">WHETHER</governor>
            <dependent idx="4">ARE</dependent>
          </dep>
          <dep type="advcl">
            <governor idx="1">REMAIN</governor>
            <dependent idx="6">WHETHER</dependent>
          </dep>
          <dep type="case">
            <governor idx="9">OFFICE</governor>
            <dependent idx="7">IN</dependent>
          </dep>
          <dep type="det">
            <governor idx="9">OFFICE</governor>
            <dependent idx="8">AN</dependent>
          </dep>
          <dep type="nmod">
            <governor idx="6">WHETHER</governor>
            <dependent idx="9">OFFICE</dependent>
          </dep>
          <dep type="det">
            <governor idx="12">RESTAURANT</governor>
            <dependent idx="11">A</dependent>
          </dep>
          <dep type="conj">
            <governor idx="9">OFFICE</governor>
            <dependent idx="12">RESTAURANT</dependent>
          </dep>
          <dep type="det">
            <governor idx="15">WORKSHOP</governor>
            <dependent idx="14">A</dependent>
          </dep>
          <dep type="conj">
            <governor idx="9">OFFICE</governor>
            <dependent idx="15">WORKSHOP</dependent>
          </dep>
          <dep type="cc">
            <governor idx="9">OFFICE</governor>
            <dependent idx="17">OR</dependent>
          </dep>
          <dep type="advmod">
            <governor idx="9">OFFICE</governor>
            <dependent idx="18">AT</dependent>
          </dep>
          <dep type="conj">
            <governor idx="9">OFFICE</governor>
            <dependent idx="19">HOME</dependent>
          </dep>
        </dependencies>
        <dependencies type="collapsed-dependencies">
          <dep type="root">
            <governor idx="0">ROOT</governor>
            <dependent idx="1">REMAIN</dependent>
          </dep>
          <dep type="advmod">
            <governor idx="6">WHETHER</governor>
            <dependent idx="2">WHEREVER</dependent>
          </dep>
          <dep type="nsubj">
            <governor idx="6">WHETHER</governor>
            <dependent idx="3">YOU</dependent>
          </dep>
          <dep type="cop">
            <governor idx="6">WHETHER</governor>
            <dependent idx="4">ARE</dependent>
          </dep>
          <dep type="advcl">
            <governor idx="1">REMAIN</governor>
            <dependent idx="6">WHETHER</dependent>
          </dep>
          <dep type="case">
            <governor idx="9">OFFICE</governor>
            <dependent idx="7">IN</dependent>
          </dep>
          <dep type="det">
            <governor idx="9">OFFICE</governor>
            <dependent idx="8">AN</dependent>
          </dep>
          <dep type="nmod:in">
            <governor idx="6">WHETHER</governor>
            <dependent idx="9">OFFICE</dependent>
          </dep>
          <dep type="det">
            <governor idx="12">RESTAURANT</governor>
            <dependent idx="11">A</dependent>
          </dep>
          <dep type="conj:or">
            <governor idx="9">OFFICE</governor>
            <dependent idx="12">RESTAURANT</dependent>
          </dep>
          <dep type="det">
            <governor idx="15">WORKSHOP</governor>
            <dependent idx="14">A</dependent>
          </dep>
          <dep type="conj:or">
            <governor idx="9">OFFICE</governor>
            <dependent idx="15">WORKSHOP</dependent>
          </dep>
          <dep type="cc">
            <governor idx="9">OFFICE</governor>
            <dependent idx="17">OR</dependent>
          </dep>
          <dep type="advmod">
            <governor idx="9">OFFICE</governor>
            <dependent idx="18">AT</dependent>
          </dep>
          <dep type="conj:or">
            <governor idx="9">OFFICE</governor>
            <dependent idx="19">HOME</dependent>
          </dep>
        </dependencies>
        <dependencies type="collapsed-ccprocessed-dependencies">
          <dep type="root">
            <governor idx="0">ROOT</governor>
            <dependent idx="1">REMAIN</dependent>
          </dep>
          <dep type="advmod">
            <governor idx="6">WHETHER</governor>
            <dependent idx="2">WHEREVER</dependent>
          </dep>
          <dep type="nsubj">
            <governor idx="6">WHETHER</governor>
            <dependent idx="3">YOU</dependent>
          </dep>
          <dep type="cop">
            <governor idx="6">WHETHER</governor>
            <dependent idx="4">ARE</dependent>
          </dep>
          <dep type="advcl">
            <governor idx="1">REMAIN</governor>
            <dependent idx="6">WHETHER</dependent>
          </dep>
          <dep type="case">
            <governor idx="9">OFFICE</governor>
            <dependent idx="7">IN</dependent>
          </dep>
          <dep type="det">
            <governor idx="9">OFFICE</governor>
            <dependent idx="8">AN</dependent>
          </dep>
          <dep type="nmod:in">
            <governor idx="6">WHETHER</governor>
            <dependent idx="9">OFFICE</dependent>
          </dep>
          <dep type="det">
            <governor idx="12">RESTAURANT</governor>
            <dependent idx="11">A</dependent>
          </dep>
          <dep type="nmod:in" extra="true">
            <governor idx="6">WHETHER</governor>
            <dependent idx="12">RESTAURANT</dependent>
          </dep>
          <dep type="conj:or">
            <governor idx="9">OFFICE</governor>
            <dependent idx="12">RESTAURANT</dependent>
          </dep>
          <dep type="det">
            <governor idx="15">WORKSHOP</governor>
            <dependent idx="14">A</dependent>
          </dep>
          <dep type="nmod:in" extra="true">
            <governor idx="6">WHETHER</governor>
            <dependent idx="15">WORKSHOP</dependent>
          </dep>
          <dep type="conj:or">
            <governor idx="9">OFFICE</governor>
            <dependent idx="15">WORKSHOP</dependent>
          </dep>
          <dep type="cc">
            <governor idx="9">OFFICE</governor>
            <dependent idx="17">OR</dependent>
          </dep>
          <dep type="advmod">
            <governor idx="9">OFFICE</governor>
            <dependent idx="18">AT</dependent>
          </dep>
          <dep type="nmod:in" extra="true">
            <governor idx="6">WHETHER</governor>
            <dependent idx="19">HOME</dependent>
          </dep>
          <dep type="conj:or">
            <governor idx="9">OFFICE</governor>
            <dependent idx="19">HOME</dependent>
          </dep>
        </dependencies>
      </sentence>
      <sentence id="7">
        <tokens>
          <token id="1">
            <word>PLEASE</word>
            <lemma>please</lemma>
            <CharacterOffsetBegin>676</CharacterOffsetBegin>
            <CharacterOffsetEnd>682</CharacterOffsetEnd>
            <POS>VB</POS>
            <NER>O</NER>
            <Speaker>PER0</Speaker>
          </token>
          <token id="2">
            <word>REMAIN</word>
            <lemma>remain</lemma>
            <CharacterOffsetBegin>683</CharacterOffsetBegin>
            <CharacterOffsetEnd>689</CharacterOffsetEnd>
            <POS>VB</POS>
            <NER>O</NER>
            <Speaker>PER0</Speaker>
          </token>
          <token id="3">
            <word>WHEREVER</word>
            <lemma>wherever</lemma>
            <CharacterOffsetBegin>690</CharacterOffsetBegin>
            <CharacterOffsetEnd>698</CharacterOffsetEnd>
            <POS>WRB</POS>
            <NER>O</NER>
            <Speaker>PER0</Speaker>
          </token>
          <token id="4">
            <word>YOU</word>
            <lemma>you</lemma>
            <CharacterOffsetBegin>699</CharacterOffsetBegin>
            <CharacterOffsetEnd>702</CharacterOffsetEnd>
            <POS>PRP</POS>
            <NER>O</NER>
            <Speaker>PER0</Speaker>
          </token>
          <token id="5">
            <word>ARE</word>
            <lemma>be</lemma>
            <CharacterOffsetBegin>703</CharacterOffsetBegin>
            <CharacterOffsetEnd>706</CharacterOffsetEnd>
            <POS>VBP</POS>
            <NER>O</NER>
            <Speaker>PER0</Speaker>
          </token>
          <token id="6">
            <word>.</word>
            <lemma>.</lemma>
            <CharacterOffsetBegin>706</CharacterOffsetBegin>
            <CharacterOffsetEnd>707</CharacterOffsetEnd>
            <POS>.</POS>
            <NER>O</NER>
            <Speaker>PER0</Speaker>
          </token>
        </tokens>
        <parse>(ROOT (S (INTJ (VB PLEASE)) (VP (VB REMAIN) (SBAR (WHADVP (WRB WHEREVER)) (S (NP (PRP YOU)) (VP (VBP ARE))))) (. .))) </parse>
        <dependencies type="basic-dependencies">
          <dep type="root">
            <governor idx="0">ROOT</governor>
            <dependent idx="2">REMAIN</dependent>
          </dep>
          <dep type="discourse">
            <governor idx="2">REMAIN</governor>
            <dependent idx="1">PLEASE</dependent>
          </dep>
          <dep type="advmod">
            <governor idx="5">ARE</governor>
            <dependent idx="3">WHEREVER</dependent>
          </dep>
          <dep type="nsubj">
            <governor idx="5">ARE</governor>
            <dependent idx="4">YOU</dependent>
          </dep>
          <dep type="advcl">
            <governor idx="2">REMAIN</governor>
            <dependent idx="5">ARE</dependent>
          </dep>
        </dependencies>
        <dependencies type="collapsed-dependencies">
          <dep type="root">
            <governor idx="0">ROOT</governor>
            <dependent idx="2">REMAIN</dependent>
          </dep>
          <dep type="discourse">
            <governor idx="2">REMAIN</governor>
            <dependent idx="1">PLEASE</dependent>
          </dep>
          <dep type="advmod">
            <governor idx="5">ARE</governor>
            <dependent idx="3">WHEREVER</dependent>
          </dep>
          <dep type="nsubj">
            <governor idx="5">ARE</governor>
            <dependent idx="4">YOU</dependent>
          </dep>
          <dep type="advcl">
            <governor idx="2">REMAIN</governor>
            <dependent idx="5">ARE</dependent>
          </dep>
        </dependencies>
        <dependencies type="collapsed-ccprocessed-dependencies">
          <dep type="root">
            <governor idx="0">ROOT</governor>
            <dependent idx="2">REMAIN</dependent>
          </dep>
          <dep type="discourse">
            <governor idx="2">REMAIN</governor>
            <dependent idx="1">PLEASE</dependent>
          </dep>
          <dep type="advmod">
            <governor idx="5">ARE</governor>
            <dependent idx="3">WHEREVER</dependent>
          </dep>
          <dep type="nsubj">
            <governor idx="5">ARE</governor>
            <dependent idx="4">YOU</dependent>
          </dep>
          <dep type="advcl">
            <governor idx="2">REMAIN</governor>
            <dependent idx="5">ARE</dependent>
          </dep>
        </dependencies>
      </sentence>
    </sentences>
    <coreference>
      <coreference>
        <mention representative="true">
          <sentence>1</sentence>
          <start>22</start>
          <end>24</end>
          <head>23</head>
          <text>SALVADORAN CITIZENS</text>
        </mention>
        <mention>
          <sentence>2</sentence>
          <start>2</start>
          <end>3</end>
          <head>2</head>
          <text>THEY</text>
        </mention>
        <mention>
          <sentence>2</sentence>
          <start>11</start>
          <end>12</end>
          <head>11</head>
          <text>THEY</text>
        </mention>
        <mention>
          <sentence>3</sentence>
          <start>1</start>
          <end>2</end>
          <head>1</head>
          <text>THEY</text>
        </mention>
      </coreference>
      <coreference>
        <mention representative="true">
          <sentence>3</sentence>
          <start>10</start>
          <end>12</end>
          <head>11</head>
          <text>THE STREETS</text>
        </mention>
        <mention>
          <sentence>5</sentence>
          <start>7</start>
          <end>9</end>
          <head>8</head>
          <text>THE STREETS</text>
        </mention>
      </coreference>
    </coreference>
  </document>
</root>
