<?xml version="1.0" encoding="ASCII"?>
<?xml-stylesheet href="CoreNLP-to-HTML.xsl" type="text/xsl"?>
<root>
  <document>
    <sentences>
      <sentence id="1">
        <tokens>
          <token id="1">
            <word>SAN</word>
            <lemma>SAN</lemma>
            <CharacterOffsetBegin>3</CharacterOffsetBegin>
            <CharacterOffsetEnd>6</CharacterOffsetEnd>
            <POS>NNP</POS>
            <NER>LOCATION</NER>
            <Speaker>PER0</Speaker>
          </token>
          <token id="2">
            <word>SALVADOR</word>
            <lemma>SALVADOR</lemma>
            <CharacterOffsetBegin>7</CharacterOffsetBegin>
            <CharacterOffsetEnd>15</CharacterOffsetEnd>
            <POS>NNP</POS>
            <NER>LOCATION</NER>
            <Speaker>PER0</Speaker>
          </token>
          <token id="3">
            <word>,</word>
            <lemma>,</lemma>
            <CharacterOffsetBegin>15</CharacterOffsetBegin>
            <CharacterOffsetEnd>16</CharacterOffsetEnd>
            <POS>,</POS>
            <NER>O</NER>
            <Speaker>PER0</Speaker>
          </token>
          <token id="4">
            <word>24</word>
            <lemma>24</lemma>
            <CharacterOffsetBegin>17</CharacterOffsetBegin>
            <CharacterOffsetEnd>19</CharacterOffsetEnd>
            <POS>CD</POS>
            <NER>DATE</NER>
            <NormalizedNER>XXXX-01-24</NormalizedNER>
            <Speaker>PER0</Speaker>
            <Timex tid="t1" type="DATE">XXXX-01-24</Timex>
          </token>
          <token id="5">
            <word>JAN</word>
            <lemma>JAN</lemma>
            <CharacterOffsetBegin>20</CharacterOffsetBegin>
            <CharacterOffsetEnd>23</CharacterOffsetEnd>
            <POS>NNP</POS>
            <NER>DATE</NER>
            <NormalizedNER>XXXX-01-24</NormalizedNER>
            <Speaker>PER0</Speaker>
            <Timex tid="t1" type="DATE">XXXX-01-24</Timex>
          </token>
          <token id="6">
            <word>90</word>
            <lemma>90</lemma>
            <CharacterOffsetBegin>24</CharacterOffsetBegin>
            <CharacterOffsetEnd>26</CharacterOffsetEnd>
            <POS>CD</POS>
            <NER>NUMBER</NER>
            <NormalizedNER>90.0</NormalizedNER>
            <Speaker>PER0</Speaker>
          </token>
          <token id="7">
            <word>-LRB-</word>
            <lemma>-lrb-</lemma>
            <CharacterOffsetBegin>27</CharacterOffsetBegin>
            <CharacterOffsetEnd>28</CharacterOffsetEnd>
            <POS>-LRB-</POS>
            <NER>O</NER>
            <Speaker>PER0</Speaker>
          </token>
          <token id="8">
            <word>DPA</word>
            <lemma>dpa</lemma>
            <CharacterOffsetBegin>28</CharacterOffsetBegin>
            <CharacterOffsetEnd>31</CharacterOffsetEnd>
            <POS>NN</POS>
            <NER>O</NER>
            <Speaker>PER0</Speaker>
          </token>
          <token id="9">
            <word>-RRB-</word>
            <lemma>-rrb-</lemma>
            <CharacterOffsetBegin>31</CharacterOffsetBegin>
            <CharacterOffsetEnd>32</CharacterOffsetEnd>
            <POS>-RRB-</POS>
            <NER>O</NER>
            <Speaker>PER0</Speaker>
          </token>
          <token id="10">
            <word>--</word>
            <lemma>--</lemma>
            <CharacterOffsetBegin>33</CharacterOffsetBegin>
            <CharacterOffsetEnd>35</CharacterOffsetEnd>
            <POS>:</POS>
            <NER>O</NER>
            <Speaker>PER0</Speaker>
          </token>
          <token id="11">
            <word>-LSB-</word>
            <lemma>-lsb-</lemma>
            <CharacterOffsetBegin>36</CharacterOffsetBegin>
            <CharacterOffsetEnd>37</CharacterOffsetEnd>
            <POS>-LRB-</POS>
            <NER>O</NER>
            <Speaker>PER0</Speaker>
          </token>
          <token id="12">
            <word>TEXT</word>
            <lemma>text</lemma>
            <CharacterOffsetBegin>37</CharacterOffsetBegin>
            <CharacterOffsetEnd>41</CharacterOffsetEnd>
            <POS>NN</POS>
            <NER>O</NER>
            <Speaker>PER0</Speaker>
          </token>
          <token id="13">
            <word>-RSB-</word>
            <lemma>-rsb-</lemma>
            <CharacterOffsetBegin>41</CharacterOffsetBegin>
            <CharacterOffsetEnd>42</CharacterOffsetEnd>
            <POS>-RRB-</POS>
            <NER>O</NER>
            <Speaker>PER0</Speaker>
          </token>
          <token id="14">
            <word>MILITARY</word>
            <lemma>military</lemma>
            <CharacterOffsetBegin>43</CharacterOffsetBegin>
            <CharacterOffsetEnd>51</CharacterOffsetEnd>
            <POS>JJ</POS>
            <NER>O</NER>
            <Speaker>PER0</Speaker>
          </token>
          <token id="15">
            <word>AUTHORITIES</word>
            <lemma>authority</lemma>
            <CharacterOffsetBegin>52</CharacterOffsetBegin>
            <CharacterOffsetEnd>63</CharacterOffsetEnd>
            <POS>NNS</POS>
            <NER>O</NER>
            <Speaker>PER0</Speaker>
          </token>
          <token id="16">
            <word>HAVE</word>
            <lemma>have</lemma>
            <CharacterOffsetBegin>64</CharacterOffsetBegin>
            <CharacterOffsetEnd>68</CharacterOffsetEnd>
            <POS>VBP</POS>
            <NER>O</NER>
            <Speaker>PER0</Speaker>
          </token>
          <token id="17">
            <word>REPORTED</word>
            <lemma>report</lemma>
            <CharacterOffsetBegin>69</CharacterOffsetBegin>
            <CharacterOffsetEnd>77</CharacterOffsetEnd>
            <POS>VBN</POS>
            <NER>O</NER>
            <Speaker>PER0</Speaker>
          </token>
          <token id="18">
            <word>THAT</word>
            <lemma>that</lemma>
            <CharacterOffsetBegin>78</CharacterOffsetBegin>
            <CharacterOffsetEnd>82</CharacterOffsetEnd>
            <POS>IN</POS>
            <NER>O</NER>
            <Speaker>PER0</Speaker>
          </token>
          <token id="19">
            <word>THERE</word>
            <lemma>there</lemma>
            <CharacterOffsetBegin>83</CharacterOffsetBegin>
            <CharacterOffsetEnd>88</CharacterOffsetEnd>
            <POS>EX</POS>
            <NER>O</NER>
            <Speaker>PER0</Speaker>
          </token>
          <token id="20">
            <word>WAS</word>
            <lemma>be</lemma>
            <CharacterOffsetBegin>89</CharacterOffsetBegin>
            <CharacterOffsetEnd>92</CharacterOffsetEnd>
            <POS>VBD</POS>
            <NER>O</NER>
            <Speaker>PER0</Speaker>
          </token>
          <token id="21">
            <word>AN</word>
            <lemma>a</lemma>
            <CharacterOffsetBegin>93</CharacterOffsetBegin>
            <CharacterOffsetEnd>95</CharacterOffsetEnd>
            <POS>DT</POS>
            <NER>O</NER>
            <Speaker>PER0</Speaker>
          </token>
          <token id="22">
            <word>ATTACK</word>
            <lemma>attack</lemma>
            <CharacterOffsetBegin>96</CharacterOffsetBegin>
            <CharacterOffsetEnd>102</CharacterOffsetEnd>
            <POS>NN</POS>
            <NER>O</NER>
            <Speaker>PER0</Speaker>
          </token>
          <token id="23">
            <word>THIS</word>
            <lemma>this</lemma>
            <CharacterOffsetBegin>103</CharacterOffsetBegin>
            <CharacterOffsetEnd>107</CharacterOffsetEnd>
            <POS>DT</POS>
            <NER>TIME</NER>
            <NormalizedNER>THIS MO</NormalizedNER>
            <Speaker>PER0</Speaker>
            <Timex tid="t2" type="DATE"/>
          </token>
          <token id="24">
            <word>MORNING</word>
            <lemma>morning</lemma>
            <CharacterOffsetBegin>108</CharacterOffsetBegin>
            <CharacterOffsetEnd>115</CharacterOffsetEnd>
            <POS>NN</POS>
            <NER>TIME</NER>
            <NormalizedNER>THIS MO</NormalizedNER>
            <Speaker>PER0</Speaker>
            <Timex tid="t2" type="DATE"/>
          </token>
          <token id="25">
            <word>AGAINST</word>
            <lemma>against</lemma>
            <CharacterOffsetBegin>116</CharacterOffsetBegin>
            <CharacterOffsetEnd>123</CharacterOffsetEnd>
            <POS>IN</POS>
            <NER>O</NER>
            <Speaker>PER0</Speaker>
          </token>
          <token id="26">
            <word>THE</word>
            <lemma>the</lemma>
            <CharacterOffsetBegin>124</CharacterOffsetBegin>
            <CharacterOffsetEnd>127</CharacterOffsetEnd>
            <POS>DT</POS>
            <NER>O</NER>
            <Speaker>PER0</Speaker>
          </token>
          <token id="27">
            <word>HOME</word>
            <lemma>home</lemma>
            <CharacterOffsetBegin>128</CharacterOffsetBegin>
            <CharacterOffsetEnd>132</CharacterOffsetEnd>
            <POS>NN</POS>
            <NER>O</NER>
            <Speaker>PER0</Speaker>
          </token>
          <token id="28">
            <word>OF</word>
            <lemma>of</lemma>
            <CharacterOffsetBegin>133</CharacterOffsetBegin>
            <CharacterOffsetEnd>135</CharacterOffsetEnd>
            <POS>IN</POS>
            <NER>O</NER>
            <Speaker>PER0</Speaker>
          </token>
          <token id="29">
            <word>RETIRED</word>
            <lemma>retire</lemma>
            <CharacterOffsetBegin>136</CharacterOffsetBegin>
            <CharacterOffsetEnd>143</CharacterOffsetEnd>
            <POS>VBN</POS>
            <NER>O</NER>
            <Speaker>PER0</Speaker>
          </token>
          <token id="30">
            <word>COLONEL</word>
            <lemma>COLONEL</lemma>
            <CharacterOffsetBegin>144</CharacterOffsetBegin>
            <CharacterOffsetEnd>151</CharacterOffsetEnd>
            <POS>NNP</POS>
            <NER>O</NER>
            <Speaker>PER0</Speaker>
          </token>
          <token id="31">
            <word>CARLOS</word>
            <lemma>CARLOS</lemma>
            <CharacterOffsetBegin>152</CharacterOffsetBegin>
            <CharacterOffsetEnd>158</CharacterOffsetEnd>
            <POS>NNP</POS>
            <NER>PERSON</NER>
            <Speaker>PER0</Speaker>
          </token>
          <token id="32">
            <word>HUMBERTO</word>
            <lemma>HUMBERTO</lemma>
            <CharacterOffsetBegin>159</CharacterOffsetBegin>
            <CharacterOffsetEnd>167</CharacterOffsetEnd>
            <POS>NNP</POS>
            <NER>PERSON</NER>
            <Speaker>PER0</Speaker>
          </token>
          <token id="33">
            <word>FIGUEROA</word>
            <lemma>FIGUEROA</lemma>
            <CharacterOffsetBegin>168</CharacterOffsetBegin>
            <CharacterOffsetEnd>176</CharacterOffsetEnd>
            <POS>NNP</POS>
            <NER>PERSON</NER>
            <Speaker>PER0</Speaker>
          </token>
          <token id="34">
            <word>,</word>
            <lemma>,</lemma>
            <CharacterOffsetBegin>176</CharacterOffsetBegin>
            <CharacterOffsetEnd>177</CharacterOffsetEnd>
            <POS>,</POS>
            <NER>O</NER>
            <Speaker>PER0</Speaker>
          </token>
          <token id="35">
            <word>DEPUTY</word>
            <lemma>deputy</lemma>
            <CharacterOffsetBegin>178</CharacterOffsetBegin>
            <CharacterOffsetEnd>184</CharacterOffsetEnd>
            <POS>NN</POS>
            <NER>O</NER>
            <Speaker>PER0</Speaker>
          </token>
          <token id="36">
            <word>INTERIOR</word>
            <lemma>INTERIOR</lemma>
            <CharacterOffsetBegin>185</CharacterOffsetBegin>
            <CharacterOffsetEnd>193</CharacterOffsetEnd>
            <POS>NNP</POS>
            <NER>O</NER>
            <Speaker>PER0</Speaker>
          </token>
          <token id="37">
            <word>MINISTER</word>
            <lemma>MINISTER</lemma>
            <CharacterOffsetBegin>194</CharacterOffsetBegin>
            <CharacterOffsetEnd>202</CharacterOffsetEnd>
            <POS>NNP</POS>
            <NER>O</NER>
            <Speaker>PER0</Speaker>
          </token>
          <token id="38">
            <word>,</word>
            <lemma>,</lemma>
            <CharacterOffsetBegin>202</CharacterOffsetBegin>
            <CharacterOffsetEnd>203</CharacterOffsetEnd>
            <POS>,</POS>
            <NER>O</NER>
            <Speaker>PER0</Speaker>
          </token>
          <token id="39">
            <word>BUT</word>
            <lemma>but</lemma>
            <CharacterOffsetBegin>204</CharacterOffsetBegin>
            <CharacterOffsetEnd>207</CharacterOffsetEnd>
            <POS>CC</POS>
            <NER>O</NER>
            <Speaker>PER0</Speaker>
          </token>
          <token id="40">
            <word>THAT</word>
            <lemma>that</lemma>
            <CharacterOffsetBegin>208</CharacterOffsetBegin>
            <CharacterOffsetEnd>212</CharacterOffsetEnd>
            <POS>IN</POS>
            <NER>O</NER>
            <Speaker>PER0</Speaker>
          </token>
          <token id="41">
            <word>THERE</word>
            <lemma>there</lemma>
            <CharacterOffsetBegin>213</CharacterOffsetBegin>
            <CharacterOffsetEnd>218</CharacterOffsetEnd>
            <POS>EX</POS>
            <NER>O</NER>
            <Speaker>PER0</Speaker>
          </token>
          <token id="42">
            <word>WERE</word>
            <lemma>be</lemma>
            <CharacterOffsetBegin>219</CharacterOffsetBegin>
            <CharacterOffsetEnd>223</CharacterOffsetEnd>
            <POS>VBD</POS>
            <NER>O</NER>
            <Speaker>PER0</Speaker>
          </token>
          <token id="43">
            <word>NO</word>
            <lemma>no</lemma>
            <CharacterOffsetBegin>224</CharacterOffsetBegin>
            <CharacterOffsetEnd>226</CharacterOffsetEnd>
            <POS>DT</POS>
            <NER>O</NER>
            <Speaker>PER0</Speaker>
          </token>
          <token id="44">
            <word>CASUALTIES</word>
            <lemma>casualty</lemma>
            <CharacterOffsetBegin>227</CharacterOffsetBegin>
            <CharacterOffsetEnd>237</CharacterOffsetEnd>
            <POS>NNS</POS>
            <NER>O</NER>
            <Speaker>PER0</Speaker>
          </token>
          <token id="45">
            <word>.</word>
            <lemma>.</lemma>
            <CharacterOffsetBegin>237</CharacterOffsetBegin>
            <CharacterOffsetEnd>238</CharacterOffsetEnd>
            <POS>.</POS>
            <NER>O</NER>
            <Speaker>PER0</Speaker>
          </token>
        </tokens>
        <parse>(ROOT (S (NP (NP (NNP SAN) (NNP SALVADOR)) (, ,) (NP (NP (NP (CD 24) (NNP JAN) (CD 90)) (PRN (-LRB- -LRB-) (NP (NN DPA)) (-RRB- -RRB-))) (: --) (NP (NP (-LRB- -LSB-) (NN TEXT)) (PP (-RRB- -RSB-) (NP (JJ MILITARY) (NNS AUTHORITIES)))))) (VP (VBP HAVE) (VP (VBN REPORTED) (SBAR (SBAR (IN THAT) (S (NP (EX THERE)) (VP (VBD WAS) (NP (DT AN) (NN ATTACK)) (NP-TMP (DT THIS) (NN MORNING)) (PP (IN AGAINST) (NP (NP (NP (DT THE) (NN HOME)) (PP (IN OF) (NP (ADJP (VBN RETIRED)) (NNP COLONEL) (NNP CARLOS) (NNP HUMBERTO) (NNP FIGUEROA)))) (, ,) (NP (NN DEPUTY) (NNP INTERIOR) (NNP MINISTER))))))) (, ,) (CC BUT) (SBAR (IN THAT) (S (NP (EX THERE)) (VP (VBD WERE) (NP (DT NO) (NNS CASUALTIES)))))))) (. .))) </parse>
        <dependencies type="basic-dependencies">
          <dep type="root">
            <governor idx="0">ROOT</governor>
            <dependent idx="17">REPORTED</dependent>
          </dep>
          <dep type="compound">
            <governor idx="2">SALVADOR</governor>
            <dependent idx="1">SAN</dependent>
          </dep>
          <dep type="nsubj">
            <governor idx="17">REPORTED</governor>
            <dependent idx="2">SALVADOR</dependent>
          </dep>
          <dep type="nummod">
            <governor idx="5">JAN</governor>
            <dependent idx="4">24</dependent>
          </dep>
          <dep type="appos">
            <governor idx="2">SALVADOR</governor>
            <dependent idx="5">JAN</dependent>
          </dep>
          <dep type="nummod">
            <governor idx="5">JAN</governor>
            <dependent idx="6">90</dependent>
          </dep>
          <dep type="appos">
            <governor idx="5">JAN</governor>
            <dependent idx="8">DPA</dependent>
          </dep>
          <dep type="dep">
            <governor idx="5">JAN</governor>
            <dependent idx="12">TEXT</dependent>
          </dep>
          <dep type="amod">
            <governor idx="15">AUTHORITIES</governor>
            <dependent idx="14">MILITARY</dependent>
          </dep>
          <dep type="nmod">
            <governor idx="12">TEXT</governor>
            <dependent idx="15">AUTHORITIES</dependent>
          </dep>
          <dep type="aux">
            <governor idx="17">REPORTED</governor>
            <dependent idx="16">HAVE</dependent>
          </dep>
          <dep type="mark">
            <governor idx="20">WAS</governor>
            <dependent idx="18">THAT</dependent>
          </dep>
          <dep type="expl">
            <governor idx="20">WAS</governor>
            <dependent idx="19">THERE</dependent>
          </dep>
          <dep type="ccomp">
            <governor idx="17">REPORTED</governor>
            <dependent idx="20">WAS</dependent>
          </dep>
          <dep type="det">
            <governor idx="22">ATTACK</governor>
            <dependent idx="21">AN</dependent>
          </dep>
          <dep type="nsubj">
            <governor idx="20">WAS</governor>
            <dependent idx="22">ATTACK</dependent>
          </dep>
          <dep type="det">
            <governor idx="24">MORNING</governor>
            <dependent idx="23">THIS</dependent>
          </dep>
          <dep type="nmod:tmod">
            <governor idx="20">WAS</governor>
            <dependent idx="24">MORNING</dependent>
          </dep>
          <dep type="case">
            <governor idx="27">HOME</governor>
            <dependent idx="25">AGAINST</dependent>
          </dep>
          <dep type="det">
            <governor idx="27">HOME</governor>
            <dependent idx="26">THE</dependent>
          </dep>
          <dep type="nmod">
            <governor idx="20">WAS</governor>
            <dependent idx="27">HOME</dependent>
          </dep>
          <dep type="case">
            <governor idx="33">FIGUEROA</governor>
            <dependent idx="28">OF</dependent>
          </dep>
          <dep type="amod">
            <governor idx="33">FIGUEROA</governor>
            <dependent idx="29">RETIRED</dependent>
          </dep>
          <dep type="compound">
            <governor idx="33">FIGUEROA</governor>
            <dependent idx="30">COLONEL</dependent>
          </dep>
          <dep type="compound">
            <governor idx="33">FIGUEROA</governor>
            <dependent idx="31">CARLOS</dependent>
          </dep>
          <dep type="compound">
            <governor idx="33">FIGUEROA</governor>
            <dependent idx="32">HUMBERTO</dependent>
          </dep>
          <dep type="nmod">
            <governor idx="27">HOME</governor>
            <dependent idx="33">FIGUEROA</dependent>
          </dep>
          <dep type="compound">
            <governor idx="37">MINISTER</governor>
            <dependent idx="35">DEPUTY</dependent>
          </dep>
          <dep type="compound">
            <governor idx="37">MINISTER</governor>
            <dependent idx="36">INTERIOR</dependent>
          </dep>
          <dep type="appos">
            <governor idx="27">HOME</governor>
            <dependent idx="37">MINISTER</dependent>
          </dep>
          <dep type="cc">
            <governor idx="20">WAS</governor>
            <dependent idx="39">BUT</dependent>
          </dep>
          <dep type="mark">
            <governor idx="42">WERE</governor>
            <dependent idx="40">THAT</dependent>
          </dep>
          <dep type="expl">
            <governor idx="42">WERE</governor>
            <dependent idx="41">THERE</dependent>
          </dep>
          <dep type="conj">
            <governor idx="20">WAS</governor>
            <dependent idx="42">WERE</dependent>
          </dep>
          <dep type="neg">
            <governor idx="44">CASUALTIES</governor>
            <dependent idx="43">NO</dependent>
          </dep>
          <dep type="nsubj">
            <governor idx="42">WERE</governor>
            <dependent idx="44">CASUALTIES</dependent>
          </dep>
        </dependencies>
        <dependencies type="collapsed-dependencies">
          <dep type="root">
            <governor idx="0">ROOT</governor>
            <dependent idx="17">REPORTED</dependent>
          </dep>
          <dep type="compound">
            <governor idx="2">SALVADOR</governor>
            <dependent idx="1">SAN</dependent>
          </dep>
          <dep type="nsubj">
            <governor idx="17">REPORTED</governor>
            <dependent idx="2">SALVADOR</dependent>
          </dep>
          <dep type="nummod">
            <governor idx="5">JAN</governor>
            <dependent idx="4">24</dependent>
          </dep>
          <dep type="appos">
            <governor idx="2">SALVADOR</governor>
            <dependent idx="5">JAN</dependent>
          </dep>
          <dep type="nummod">
            <governor idx="5">JAN</governor>
            <dependent idx="6">90</dependent>
          </dep>
          <dep type="appos">
            <governor idx="5">JAN</governor>
            <dependent idx="8">DPA</dependent>
          </dep>
          <dep type="dep">
            <governor idx="5">JAN</governor>
            <dependent idx="12">TEXT</dependent>
          </dep>
          <dep type="amod">
            <governor idx="15">AUTHORITIES</governor>
            <dependent idx="14">MILITARY</dependent>
          </dep>
          <dep type="nmod">
            <governor idx="12">TEXT</governor>
            <dependent idx="15">AUTHORITIES</dependent>
          </dep>
          <dep type="aux">
            <governor idx="17">REPORTED</governor>
            <dependent idx="16">HAVE</dependent>
          </dep>
          <dep type="mark">
            <governor idx="20">WAS</governor>
            <dependent idx="18">THAT</dependent>
          </dep>
          <dep type="expl">
            <governor idx="20">WAS</governor>
            <dependent idx="19">THERE</dependent>
          </dep>
          <dep type="ccomp">
            <governor idx="17">REPORTED</governor>
            <dependent idx="20">WAS</dependent>
          </dep>
          <dep type="det">
            <governor idx="22">ATTACK</governor>
            <dependent idx="21">AN</dependent>
          </dep>
          <dep type="nsubj">
            <governor idx="20">WAS</governor>
            <dependent idx="22">ATTACK</dependent>
          </dep>
          <dep type="det">
            <governor idx="24">MORNING</governor>
            <dependent idx="23">THIS</dependent>
          </dep>
          <dep type="nmod:tmod">
            <governor idx="20">WAS</governor>
            <dependent idx="24">MORNING</dependent>
          </dep>
          <dep type="case">
            <governor idx="27">HOME</governor>
            <dependent idx="25">AGAINST</dependent>
          </dep>
          <dep type="det">
            <governor idx="27">HOME</governor>
            <dependent idx="26">THE</dependent>
          </dep>
          <dep type="nmod:against">
            <governor idx="20">WAS</governor>
            <dependent idx="27">HOME</dependent>
          </dep>
          <dep type="case">
            <governor idx="33">FIGUEROA</governor>
            <dependent idx="28">OF</dependent>
          </dep>
          <dep type="amod">
            <governor idx="33">FIGUEROA</governor>
            <dependent idx="29">RETIRED</dependent>
          </dep>
          <dep type="compound">
            <governor idx="33">FIGUEROA</governor>
            <dependent idx="30">COLONEL</dependent>
          </dep>
          <dep type="compound">
            <governor idx="33">FIGUEROA</governor>
            <dependent idx="31">CARLOS</dependent>
          </dep>
          <dep type="compound">
            <governor idx="33">FIGUEROA</governor>
            <dependent idx="32">HUMBERTO</dependent>
          </dep>
          <dep type="nmod:of">
            <governor idx="27">HOME</governor>
            <dependent idx="33">FIGUEROA</dependent>
          </dep>
          <dep type="compound">
            <governor idx="37">MINISTER</governor>
            <dependent idx="35">DEPUTY</dependent>
          </dep>
          <dep type="compound">
            <governor idx="37">MINISTER</governor>
            <dependent idx="36">INTERIOR</dependent>
          </dep>
          <dep type="appos">
            <governor idx="27">HOME</governor>
            <dependent idx="37">MINISTER</dependent>
          </dep>
          <dep type="cc">
            <governor idx="20">WAS</governor>
            <dependent idx="39">BUT</dependent>
          </dep>
          <dep type="mark">
            <governor idx="42">WERE</governor>
            <dependent idx="40">THAT</dependent>
          </dep>
          <dep type="expl">
            <governor idx="42">WERE</governor>
            <dependent idx="41">THERE</dependent>
          </dep>
          <dep type="conj:but">
            <governor idx="20">WAS</governor>
            <dependent idx="42">WERE</dependent>
          </dep>
          <dep type="neg">
            <governor idx="44">CASUALTIES</governor>
            <dependent idx="43">NO</dependent>
          </dep>
          <dep type="nsubj">
            <governor idx="42">WERE</governor>
            <dependent idx="44">CASUALTIES</dependent>
          </dep>
        </dependencies>
        <dependencies type="collapsed-ccprocessed-dependencies">
          <dep type="root">
            <governor idx="0">ROOT</governor>
            <dependent idx="17">REPORTED</dependent>
          </dep>
          <dep type="compound">
            <governor idx="2">SALVADOR</governor>
            <dependent idx="1">SAN</dependent>
          </dep>
          <dep type="nsubj">
            <governor idx="17">REPORTED</governor>
            <dependent idx="2">SALVADOR</dependent>
          </dep>
          <dep type="nummod">
            <governor idx="5">JAN</governor>
            <dependent idx="4">24</dependent>
          </dep>
          <dep type="appos">
            <governor idx="2">SALVADOR</governor>
            <dependent idx="5">JAN</dependent>
          </dep>
          <dep type="nummod">
            <governor idx="5">JAN</governor>
            <dependent idx="6">90</dependent>
          </dep>
          <dep type="appos">
            <governor idx="5">JAN</governor>
            <dependent idx="8">DPA</dependent>
          </dep>
          <dep type="dep">
            <governor idx="5">JAN</governor>
            <dependent idx="12">TEXT</dependent>
          </dep>
          <dep type="amod">
            <governor idx="15">AUTHORITIES</governor>
            <dependent idx="14">MILITARY</dependent>
          </dep>
          <dep type="nmod">
            <governor idx="12">TEXT</governor>
            <dependent idx="15">AUTHORITIES</dependent>
          </dep>
          <dep type="aux">
            <governor idx="17">REPORTED</governor>
            <dependent idx="16">HAVE</dependent>
          </dep>
          <dep type="mark">
            <governor idx="20">WAS</governor>
            <dependent idx="18">THAT</dependent>
          </dep>
          <dep type="expl">
            <governor idx="20">WAS</governor>
            <dependent idx="19">THERE</dependent>
          </dep>
          <dep type="ccomp">
            <governor idx="17">REPORTED</governor>
            <dependent idx="20">WAS</dependent>
          </dep>
          <dep type="det">
            <governor idx="22">ATTACK</governor>
            <dependent idx="21">AN</dependent>
          </dep>
          <dep type="nsubj">
            <governor idx="20">WAS</governor>
            <dependent idx="22">ATTACK</dependent>
          </dep>
          <dep type="det">
            <governor idx="24">MORNING</governor>
            <dependent idx="23">THIS</dependent>
          </dep>
          <dep type="nmod:tmod">
            <governor idx="20">WAS</governor>
            <dependent idx="24">MORNING</dependent>
          </dep>
          <dep type="case">
            <governor idx="27">HOME</governor>
            <dependent idx="25">AGAINST</dependent>
          </dep>
          <dep type="det">
            <governor idx="27">HOME</governor>
            <dependent idx="26">THE</dependent>
          </dep>
          <dep type="nmod:against">
            <governor idx="20">WAS</governor>
            <dependent idx="27">HOME</dependent>
          </dep>
          <dep type="case">
            <governor idx="33">FIGUEROA</governor>
            <dependent idx="28">OF</dependent>
          </dep>
          <dep type="amod">
            <governor idx="33">FIGUEROA</governor>
            <dependent idx="29">RETIRED</dependent>
          </dep>
          <dep type="compound">
            <governor idx="33">FIGUEROA</governor>
            <dependent idx="30">COLONEL</dependent>
          </dep>
          <dep type="compound">
            <governor idx="33">FIGUEROA</governor>
            <dependent idx="31">CARLOS</dependent>
          </dep>
          <dep type="compound">
            <governor idx="33">FIGUEROA</governor>
            <dependent idx="32">HUMBERTO</dependent>
          </dep>
          <dep type="nmod:of">
            <governor idx="27">HOME</governor>
            <dependent idx="33">FIGUEROA</dependent>
          </dep>
          <dep type="compound">
            <governor idx="37">MINISTER</governor>
            <dependent idx="35">DEPUTY</dependent>
          </dep>
          <dep type="compound">
            <governor idx="37">MINISTER</governor>
            <dependent idx="36">INTERIOR</dependent>
          </dep>
          <dep type="appos">
            <governor idx="27">HOME</governor>
            <dependent idx="37">MINISTER</dependent>
          </dep>
          <dep type="cc">
            <governor idx="20">WAS</governor>
            <dependent idx="39">BUT</dependent>
          </dep>
          <dep type="mark">
            <governor idx="42">WERE</governor>
            <dependent idx="40">THAT</dependent>
          </dep>
          <dep type="expl">
            <governor idx="42">WERE</governor>
            <dependent idx="41">THERE</dependent>
          </dep>
          <dep type="ccomp" extra="true">
            <governor idx="17">REPORTED</governor>
            <dependent idx="42">WERE</dependent>
          </dep>
          <dep type="conj:but">
            <governor idx="20">WAS</governor>
            <dependent idx="42">WERE</dependent>
          </dep>
          <dep type="neg">
            <governor idx="44">CASUALTIES</governor>
            <dependent idx="43">NO</dependent>
          </dep>
          <dep type="nsubj">
            <governor idx="42">WERE</governor>
            <dependent idx="44">CASUALTIES</dependent>
          </dep>
        </dependencies>
      </sentence>
      <sentence id="2">
        <tokens>
          <token id="1">
            <word>THE</word>
            <lemma>the</lemma>
            <CharacterOffsetBegin>243</CharacterOffsetBegin>
            <CharacterOffsetEnd>246</CharacterOffsetEnd>
            <POS>DT</POS>
            <NER>O</NER>
            <Speaker>PER0</Speaker>
          </token>
          <token id="2">
            <word>REPORT</word>
            <lemma>report</lemma>
            <CharacterOffsetBegin>247</CharacterOffsetBegin>
            <CharacterOffsetEnd>253</CharacterOffsetEnd>
            <POS>NN</POS>
            <NER>O</NER>
            <Speaker>PER0</Speaker>
          </token>
          <token id="3">
            <word>NOTES</word>
            <lemma>note</lemma>
            <CharacterOffsetBegin>254</CharacterOffsetBegin>
            <CharacterOffsetEnd>259</CharacterOffsetEnd>
            <POS>VBZ</POS>
            <NER>O</NER>
            <Speaker>PER0</Speaker>
          </token>
          <token id="4">
            <word>THAT</word>
            <lemma>that</lemma>
            <CharacterOffsetBegin>260</CharacterOffsetBegin>
            <CharacterOffsetEnd>264</CharacterOffsetEnd>
            <POS>IN</POS>
            <NER>O</NER>
            <Speaker>PER0</Speaker>
          </token>
          <token id="5">
            <word>THE</word>
            <lemma>the</lemma>
            <CharacterOffsetBegin>265</CharacterOffsetBegin>
            <CharacterOffsetEnd>268</CharacterOffsetEnd>
            <POS>DT</POS>
            <NER>O</NER>
            <Speaker>PER0</Speaker>
          </token>
          <token id="6">
            <word>HOME</word>
            <lemma>home</lemma>
            <CharacterOffsetBegin>269</CharacterOffsetBegin>
            <CharacterOffsetEnd>273</CharacterOffsetEnd>
            <POS>NN</POS>
            <NER>O</NER>
            <Speaker>PER0</Speaker>
          </token>
          <token id="7">
            <word>OF</word>
            <lemma>of</lemma>
            <CharacterOffsetBegin>274</CharacterOffsetBegin>
            <CharacterOffsetEnd>276</CharacterOffsetEnd>
            <POS>IN</POS>
            <NER>O</NER>
            <Speaker>PER0</Speaker>
          </token>
          <token id="8">
            <word>THE</word>
            <lemma>the</lemma>
            <CharacterOffsetBegin>277</CharacterOffsetBegin>
            <CharacterOffsetEnd>280</CharacterOffsetEnd>
            <POS>DT</POS>
            <NER>O</NER>
            <Speaker>PER0</Speaker>
          </token>
          <token id="9">
            <word>DEPUTY</word>
            <lemma>deputy</lemma>
            <CharacterOffsetBegin>281</CharacterOffsetBegin>
            <CharacterOffsetEnd>287</CharacterOffsetEnd>
            <POS>NN</POS>
            <NER>O</NER>
            <Speaker>PER0</Speaker>
          </token>
          <token id="10">
            <word>MINISTER</word>
            <lemma>minister</lemma>
            <CharacterOffsetBegin>288</CharacterOffsetBegin>
            <CharacterOffsetEnd>296</CharacterOffsetEnd>
            <POS>NN</POS>
            <NER>O</NER>
            <Speaker>PER0</Speaker>
          </token>
          <token id="11">
            <word>,</word>
            <lemma>,</lemma>
            <CharacterOffsetBegin>296</CharacterOffsetBegin>
            <CharacterOffsetEnd>297</CharacterOffsetEnd>
            <POS>,</POS>
            <NER>O</NER>
            <Speaker>PER0</Speaker>
          </token>
          <token id="12">
            <word>LOCATED</word>
            <lemma>located</lemma>
            <CharacterOffsetBegin>298</CharacterOffsetBegin>
            <CharacterOffsetEnd>305</CharacterOffsetEnd>
            <POS>JJ</POS>
            <NER>O</NER>
            <Speaker>PER0</Speaker>
          </token>
          <token id="13">
            <word>IN</word>
            <lemma>in</lemma>
            <CharacterOffsetBegin>306</CharacterOffsetBegin>
            <CharacterOffsetEnd>308</CharacterOffsetEnd>
            <POS>IN</POS>
            <NER>O</NER>
            <Speaker>PER0</Speaker>
          </token>
          <token id="14">
            <word>AN</word>
            <lemma>a</lemma>
            <CharacterOffsetBegin>309</CharacterOffsetBegin>
            <CharacterOffsetEnd>311</CharacterOffsetEnd>
            <POS>DT</POS>
            <NER>O</NER>
            <Speaker>PER0</Speaker>
          </token>
          <token id="15">
            <word>EASTERN</word>
            <lemma>eastern</lemma>
            <CharacterOffsetBegin>312</CharacterOffsetBegin>
            <CharacterOffsetEnd>319</CharacterOffsetEnd>
            <POS>JJ</POS>
            <NER>O</NER>
            <Speaker>PER0</Speaker>
          </token>
          <token id="16">
            <word>NEIGHBORHOOD</word>
            <lemma>neighborhood</lemma>
            <CharacterOffsetBegin>320</CharacterOffsetBegin>
            <CharacterOffsetEnd>332</CharacterOffsetEnd>
            <POS>NN</POS>
            <NER>O</NER>
            <Speaker>PER0</Speaker>
          </token>
          <token id="17">
            <word>OF</word>
            <lemma>of</lemma>
            <CharacterOffsetBegin>333</CharacterOffsetBegin>
            <CharacterOffsetEnd>335</CharacterOffsetEnd>
            <POS>IN</POS>
            <NER>O</NER>
            <Speaker>PER0</Speaker>
          </token>
          <token id="18">
            <word>SAN</word>
            <lemma>SAN</lemma>
            <CharacterOffsetBegin>336</CharacterOffsetBegin>
            <CharacterOffsetEnd>339</CharacterOffsetEnd>
            <POS>NNP</POS>
            <NER>LOCATION</NER>
            <Speaker>PER0</Speaker>
          </token>
          <token id="19">
            <word>SALVADOR</word>
            <lemma>SALVADOR</lemma>
            <CharacterOffsetBegin>340</CharacterOffsetBegin>
            <CharacterOffsetEnd>348</CharacterOffsetEnd>
            <POS>NNP</POS>
            <NER>LOCATION</NER>
            <Speaker>PER0</Speaker>
          </token>
          <token id="20">
            <word>,</word>
            <lemma>,</lemma>
            <CharacterOffsetBegin>348</CharacterOffsetBegin>
            <CharacterOffsetEnd>349</CharacterOffsetEnd>
            <POS>,</POS>
            <NER>O</NER>
            <Speaker>PER0</Speaker>
          </token>
          <token id="21">
            <word>WAS</word>
            <lemma>be</lemma>
            <CharacterOffsetBegin>350</CharacterOffsetBegin>
            <CharacterOffsetEnd>353</CharacterOffsetEnd>
            <POS>VBD</POS>
            <NER>O</NER>
            <Speaker>PER0</Speaker>
          </token>
          <token id="22">
            <word>MACHINEGUNNED</word>
            <lemma>machinegunn</lemma>
            <CharacterOffsetBegin>354</CharacterOffsetBegin>
            <CharacterOffsetEnd>367</CharacterOffsetEnd>
            <POS>VBN</POS>
            <NER>O</NER>
            <Speaker>PER0</Speaker>
          </token>
          <token id="23">
            <word>FROM</word>
            <lemma>from</lemma>
            <CharacterOffsetBegin>368</CharacterOffsetBegin>
            <CharacterOffsetEnd>372</CharacterOffsetEnd>
            <POS>IN</POS>
            <NER>O</NER>
            <Speaker>PER0</Speaker>
          </token>
          <token id="24">
            <word>A</word>
            <lemma>a</lemma>
            <CharacterOffsetBegin>373</CharacterOffsetBegin>
            <CharacterOffsetEnd>374</CharacterOffsetEnd>
            <POS>DT</POS>
            <NER>O</NER>
            <Speaker>PER0</Speaker>
          </token>
          <token id="25">
            <word>PASSING</word>
            <lemma>pass</lemma>
            <CharacterOffsetBegin>375</CharacterOffsetBegin>
            <CharacterOffsetEnd>382</CharacterOffsetEnd>
            <POS>VBG</POS>
            <NER>O</NER>
            <Speaker>PER0</Speaker>
          </token>
          <token id="26">
            <word>VEHICLE</word>
            <lemma>vehicle</lemma>
            <CharacterOffsetBegin>383</CharacterOffsetBegin>
            <CharacterOffsetEnd>390</CharacterOffsetEnd>
            <POS>NN</POS>
            <NER>O</NER>
            <Speaker>PER0</Speaker>
          </token>
          <token id="27">
            <word>.</word>
            <lemma>.</lemma>
            <CharacterOffsetBegin>390</CharacterOffsetBegin>
            <CharacterOffsetEnd>391</CharacterOffsetEnd>
            <POS>.</POS>
            <NER>O</NER>
            <Speaker>PER0</Speaker>
          </token>
        </tokens>
        <parse>(ROOT (S (NP (DT THE) (NN REPORT)) (VP (VBZ NOTES) (SBAR (IN THAT) (S (NP (NP (DT THE) (NN HOME)) (PP (IN OF) (NP (DT THE) (NN DEPUTY) (NN MINISTER))) (, ,) (ADJP (JJ LOCATED) (PP (IN IN) (NP (NP (DT AN) (JJ EASTERN) (NN NEIGHBORHOOD)) (PP (IN OF) (NP (NNP SAN) (NNP SALVADOR)))))) (, ,)) (VP (VBD WAS) (VP (VBN MACHINEGUNNED) (PP (IN FROM) (NP (DT A) (VBG PASSING) (NN VEHICLE)))))))) (. .))) </parse>
        <dependencies type="basic-dependencies">
          <dep type="root">
            <governor idx="0">ROOT</governor>
            <dependent idx="3">NOTES</dependent>
          </dep>
          <dep type="det">
            <governor idx="2">REPORT</governor>
            <dependent idx="1">THE</dependent>
          </dep>
          <dep type="nsubj">
            <governor idx="3">NOTES</governor>
            <dependent idx="2">REPORT</dependent>
          </dep>
          <dep type="mark">
            <governor idx="22">MACHINEGUNNED</governor>
            <dependent idx="4">THAT</dependent>
          </dep>
          <dep type="det">
            <governor idx="6">HOME</governor>
            <dependent idx="5">THE</dependent>
          </dep>
          <dep type="nsubjpass">
            <governor idx="22">MACHINEGUNNED</governor>
            <dependent idx="6">HOME</dependent>
          </dep>
          <dep type="case">
            <governor idx="10">MINISTER</governor>
            <dependent idx="7">OF</dependent>
          </dep>
          <dep type="det">
            <governor idx="10">MINISTER</governor>
            <dependent idx="8">THE</dependent>
          </dep>
          <dep type="compound">
            <governor idx="10">MINISTER</governor>
            <dependent idx="9">DEPUTY</dependent>
          </dep>
          <dep type="nmod">
            <governor idx="6">HOME</governor>
            <dependent idx="10">MINISTER</dependent>
          </dep>
          <dep type="amod">
            <governor idx="6">HOME</governor>
            <dependent idx="12">LOCATED</dependent>
          </dep>
          <dep type="case">
            <governor idx="16">NEIGHBORHOOD</governor>
            <dependent idx="13">IN</dependent>
          </dep>
          <dep type="det">
            <governor idx="16">NEIGHBORHOOD</governor>
            <dependent idx="14">AN</dependent>
          </dep>
          <dep type="amod">
            <governor idx="16">NEIGHBORHOOD</governor>
            <dependent idx="15">EASTERN</dependent>
          </dep>
          <dep type="nmod">
            <governor idx="12">LOCATED</governor>
            <dependent idx="16">NEIGHBORHOOD</dependent>
          </dep>
          <dep type="case">
            <governor idx="19">SALVADOR</governor>
            <dependent idx="17">OF</dependent>
          </dep>
          <dep type="compound">
            <governor idx="19">SALVADOR</governor>
            <dependent idx="18">SAN</dependent>
          </dep>
          <dep type="nmod">
            <governor idx="16">NEIGHBORHOOD</governor>
            <dependent idx="19">SALVADOR</dependent>
          </dep>
          <dep type="auxpass">
            <governor idx="22">MACHINEGUNNED</governor>
            <dependent idx="21">WAS</dependent>
          </dep>
          <dep type="ccomp">
            <governor idx="3">NOTES</governor>
            <dependent idx="22">MACHINEGUNNED</dependent>
          </dep>
          <dep type="case">
            <governor idx="26">VEHICLE</governor>
            <dependent idx="23">FROM</dependent>
          </dep>
          <dep type="det">
            <governor idx="26">VEHICLE</governor>
            <dependent idx="24">A</dependent>
          </dep>
          <dep type="amod">
            <governor idx="26">VEHICLE</governor>
            <dependent idx="25">PASSING</dependent>
          </dep>
          <dep type="nmod">
            <governor idx="22">MACHINEGUNNED</governor>
            <dependent idx="26">VEHICLE</dependent>
          </dep>
        </dependencies>
        <dependencies type="collapsed-dependencies">
          <dep type="root">
            <governor idx="0">ROOT</governor>
            <dependent idx="3">NOTES</dependent>
          </dep>
          <dep type="det">
            <governor idx="2">REPORT</governor>
            <dependent idx="1">THE</dependent>
          </dep>
          <dep type="nsubj">
            <governor idx="3">NOTES</governor>
            <dependent idx="2">REPORT</dependent>
          </dep>
          <dep type="mark">
            <governor idx="22">MACHINEGUNNED</governor>
            <dependent idx="4">THAT</dependent>
          </dep>
          <dep type="det">
            <governor idx="6">HOME</governor>
            <dependent idx="5">THE</dependent>
          </dep>
          <dep type="nsubjpass">
            <governor idx="22">MACHINEGUNNED</governor>
            <dependent idx="6">HOME</dependent>
          </dep>
          <dep type="case">
            <governor idx="10">MINISTER</governor>
            <dependent idx="7">OF</dependent>
          </dep>
          <dep type="det">
            <governor idx="10">MINISTER</governor>
            <dependent idx="8">THE</dependent>
          </dep>
          <dep type="compound">
            <governor idx="10">MINISTER</governor>
            <dependent idx="9">DEPUTY</dependent>
          </dep>
          <dep type="nmod:of">
            <governor idx="6">HOME</governor>
            <dependent idx="10">MINISTER</dependent>
          </dep>
          <dep type="amod">
            <governor idx="6">HOME</governor>
            <dependent idx="12">LOCATED</dependent>
          </dep>
          <dep type="case">
            <governor idx="16">NEIGHBORHOOD</governor>
            <dependent idx="13">IN</dependent>
          </dep>
          <dep type="det">
            <governor idx="16">NEIGHBORHOOD</governor>
            <dependent idx="14">AN</dependent>
          </dep>
          <dep type="amod">
            <governor idx="16">NEIGHBORHOOD</governor>
            <dependent idx="15">EASTERN</dependent>
          </dep>
          <dep type="nmod:in">
            <governor idx="12">LOCATED</governor>
            <dependent idx="16">NEIGHBORHOOD</dependent>
          </dep>
          <dep type="case">
            <governor idx="19">SALVADOR</governor>
            <dependent idx="17">OF</dependent>
          </dep>
          <dep type="compound">
            <governor idx="19">SALVADOR</governor>
            <dependent idx="18">SAN</dependent>
          </dep>
          <dep type="nmod:of">
            <governor idx="16">NEIGHBORHOOD</governor>
            <dependent idx="19">SALVADOR</dependent>
          </dep>
          <dep type="auxpass">
            <governor idx="22">MACHINEGUNNED</governor>
            <dependent idx="21">WAS</dependent>
          </dep>
          <dep type="ccomp">
            <governor idx="3">NOTES</governor>
            <dependent idx="22">MACHINEGUNNED</dependent>
          </dep>
          <dep type="case">
            <governor idx="26">VEHICLE</governor>
            <dependent idx="23">FROM</dependent>
          </dep>
          <dep type="det">
            <governor idx="26">VEHICLE</governor>
            <dependent idx="24">A</dependent>
          </dep>
          <dep type="amod">
            <governor idx="26">VEHICLE</governor>
            <dependent idx="25">PASSING</dependent>
          </dep>
          <dep type="nmod:from">
            <governor idx="22">MACHINEGUNNED</governor>
            <dependent idx="26">VEHICLE</dependent>
          </dep>
        </dependencies>
        <dependencies type="collapsed-ccprocessed-dependencies">
          <dep type="root">
            <governor idx="0">ROOT</governor>
            <dependent idx="3">NOTES</dependent>
          </dep>
          <dep type="det">
            <governor idx="2">REPORT</governor>
            <dependent idx="1">THE</dependent>
          </dep>
          <dep type="nsubj">
            <governor idx="3">NOTES</governor>
            <dependent idx="2">REPORT</dependent>
          </dep>
          <dep type="mark">
            <governor idx="22">MACHINEGUNNED</governor>
            <dependent idx="4">THAT</dependent>
          </dep>
          <dep type="det">
            <governor idx="6">HOME</governor>
            <dependent idx="5">THE</dependent>
          </dep>
          <dep type="nsubjpass">
            <governor idx="22">MACHINEGUNNED</governor>
            <dependent idx="6">HOME</dependent>
          </dep>
          <dep type="case">
            <governor idx="10">MINISTER</governor>
            <dependent idx="7">OF</dependent>
          </dep>
          <dep type="det">
            <governor idx="10">MINISTER</governor>
            <dependent idx="8">THE</dependent>
          </dep>
          <dep type="compound">
            <governor idx="10">MINISTER</governor>
            <dependent idx="9">DEPUTY</dependent>
          </dep>
          <dep type="nmod:of">
            <governor idx="6">HOME</governor>
            <dependent idx="10">MINISTER</dependent>
          </dep>
          <dep type="amod">
            <governor idx="6">HOME</governor>
            <dependent idx="12">LOCATED</dependent>
          </dep>
          <dep type="case">
            <governor idx="16">NEIGHBORHOOD</governor>
            <dependent idx="13">IN</dependent>
          </dep>
          <dep type="det">
            <governor idx="16">NEIGHBORHOOD</governor>
            <dependent idx="14">AN</dependent>
          </dep>
          <dep type="amod">
            <governor idx="16">NEIGHBORHOOD</governor>
            <dependent idx="15">EASTERN</dependent>
          </dep>
          <dep type="nmod:in">
            <governor idx="12">LOCATED</governor>
            <dependent idx="16">NEIGHBORHOOD</dependent>
          </dep>
          <dep type="case">
            <governor idx="19">SALVADOR</governor>
            <dependent idx="17">OF</dependent>
          </dep>
          <dep type="compound">
            <governor idx="19">SALVADOR</governor>
            <dependent idx="18">SAN</dependent>
          </dep>
          <dep type="nmod:of">
            <governor idx="16">NEIGHBORHOOD</governor>
            <dependent idx="19">SALVADOR</dependent>
          </dep>
          <dep type="auxpass">
            <governor idx="22">MACHINEGUNNED</governor>
            <dependent idx="21">WAS</dependent>
          </dep>
          <dep type="ccomp">
            <governor idx="3">NOTES</governor>
            <dependent idx="22">MACHINEGUNNED</dependent>
          </dep>
          <dep type="case">
            <governor idx="26">VEHICLE</governor>
            <dependent idx="23">FROM</dependent>
          </dep>
          <dep type="det">
            <governor idx="26">VEHICLE</governor>
            <dependent idx="24">A</dependent>
          </dep>
          <dep type="amod">
            <governor idx="26">VEHICLE</governor>
            <dependent idx="25">PASSING</dependent>
          </dep>
          <dep type="nmod:from">
            <governor idx="22">MACHINEGUNNED</governor>
            <dependent idx="26">VEHICLE</dependent>
          </dep>
        </dependencies>
      </sentence>
      <sentence id="3">
        <tokens>
          <token id="1">
            <word>ALSO</word>
            <lemma>also</lemma>
            <CharacterOffsetBegin>396</CharacterOffsetBegin>
            <CharacterOffsetEnd>400</CharacterOffsetEnd>
            <POS>RB</POS>
            <NER>O</NER>
            <Speaker>PER0</Speaker>
          </token>
          <token id="2">
            <word>,</word>
            <lemma>,</lemma>
            <CharacterOffsetBegin>400</CharacterOffsetBegin>
            <CharacterOffsetEnd>401</CharacterOffsetEnd>
            <POS>,</POS>
            <NER>O</NER>
            <Speaker>PER0</Speaker>
          </token>
          <token id="3">
            <word>HEAVY</word>
            <lemma>heavy</lemma>
            <CharacterOffsetBegin>402</CharacterOffsetBegin>
            <CharacterOffsetEnd>407</CharacterOffsetEnd>
            <POS>JJ</POS>
            <NER>O</NER>
            <Speaker>PER0</Speaker>
          </token>
          <token id="4">
            <word>BOMBING</word>
            <lemma>bombing</lemma>
            <CharacterOffsetBegin>408</CharacterOffsetBegin>
            <CharacterOffsetEnd>415</CharacterOffsetEnd>
            <POS>NN</POS>
            <NER>O</NER>
            <Speaker>PER0</Speaker>
          </token>
          <token id="5">
            <word>WAS</word>
            <lemma>be</lemma>
            <CharacterOffsetBegin>416</CharacterOffsetBegin>
            <CharacterOffsetEnd>419</CharacterOffsetEnd>
            <POS>VBD</POS>
            <NER>O</NER>
            <Speaker>PER0</Speaker>
          </token>
          <token id="6">
            <word>HEARD</word>
            <lemma>hear</lemma>
            <CharacterOffsetBegin>420</CharacterOffsetBegin>
            <CharacterOffsetEnd>425</CharacterOffsetEnd>
            <POS>VBN</POS>
            <NER>O</NER>
            <Speaker>PER0</Speaker>
          </token>
          <token id="7">
            <word>LAST</word>
            <lemma>last</lemma>
            <CharacterOffsetBegin>426</CharacterOffsetBegin>
            <CharacterOffsetEnd>430</CharacterOffsetEnd>
            <POS>JJ</POS>
            <NER>TIME</NER>
            <NormalizedNER>TNI OFFSET P-1D</NormalizedNER>
            <Speaker>PER0</Speaker>
            <Timex tid="t3" type="DATE"/>
          </token>
          <token id="8">
            <word>NIGHT</word>
            <lemma>night</lemma>
            <CharacterOffsetBegin>431</CharacterOffsetBegin>
            <CharacterOffsetEnd>436</CharacterOffsetEnd>
            <POS>NN</POS>
            <NER>TIME</NER>
            <NormalizedNER>TNI OFFSET P-1D</NormalizedNER>
            <Speaker>PER0</Speaker>
            <Timex tid="t3" type="DATE"/>
          </token>
          <token id="9">
            <word>,</word>
            <lemma>,</lemma>
            <CharacterOffsetBegin>436</CharacterOffsetBegin>
            <CharacterOffsetEnd>437</CharacterOffsetEnd>
            <POS>,</POS>
            <NER>O</NER>
            <Speaker>PER0</Speaker>
          </token>
          <token id="10">
            <word>APPARENTLY</word>
            <lemma>apparently</lemma>
            <CharacterOffsetBegin>438</CharacterOffsetBegin>
            <CharacterOffsetEnd>448</CharacterOffsetEnd>
            <POS>RB</POS>
            <NER>O</NER>
            <Speaker>PER0</Speaker>
          </token>
          <token id="11">
            <word>DIRECTED</word>
            <lemma>direct</lemma>
            <CharacterOffsetBegin>449</CharacterOffsetBegin>
            <CharacterOffsetEnd>457</CharacterOffsetEnd>
            <POS>VBN</POS>
            <NER>O</NER>
            <Speaker>PER0</Speaker>
          </token>
          <token id="12">
            <word>AGAINST</word>
            <lemma>against</lemma>
            <CharacterOffsetBegin>458</CharacterOffsetBegin>
            <CharacterOffsetEnd>465</CharacterOffsetEnd>
            <POS>IN</POS>
            <NER>O</NER>
            <Speaker>PER0</Speaker>
          </token>
          <token id="13">
            <word>POSITIONS</word>
            <lemma>position</lemma>
            <CharacterOffsetBegin>466</CharacterOffsetBegin>
            <CharacterOffsetEnd>475</CharacterOffsetEnd>
            <POS>NNS</POS>
            <NER>O</NER>
            <Speaker>PER0</Speaker>
          </token>
          <token id="14">
            <word>OF</word>
            <lemma>of</lemma>
            <CharacterOffsetBegin>476</CharacterOffsetBegin>
            <CharacterOffsetEnd>478</CharacterOffsetEnd>
            <POS>IN</POS>
            <NER>O</NER>
            <Speaker>PER0</Speaker>
          </token>
          <token id="15">
            <word>THE</word>
            <lemma>the</lemma>
            <CharacterOffsetBegin>479</CharacterOffsetBegin>
            <CharacterOffsetEnd>482</CharacterOffsetEnd>
            <POS>DT</POS>
            <NER>O</NER>
            <Speaker>PER0</Speaker>
          </token>
          <token id="16">
            <word>SALVADORAN</word>
            <lemma>salvadoran</lemma>
            <CharacterOffsetBegin>483</CharacterOffsetBegin>
            <CharacterOffsetEnd>493</CharacterOffsetEnd>
            <POS>JJ</POS>
            <NER>MISC</NER>
            <Speaker>PER0</Speaker>
          </token>
          <token id="17">
            <word>GUERRILLAS</word>
            <lemma>guerrilla</lemma>
            <CharacterOffsetBegin>494</CharacterOffsetBegin>
            <CharacterOffsetEnd>504</CharacterOffsetEnd>
            <POS>NNS</POS>
            <NER>O</NER>
            <Speaker>PER0</Speaker>
          </token>
          <token id="18">
            <word>ON</word>
            <lemma>on</lemma>
            <CharacterOffsetBegin>505</CharacterOffsetBegin>
            <CharacterOffsetEnd>507</CharacterOffsetEnd>
            <POS>IN</POS>
            <NER>O</NER>
            <Speaker>PER0</Speaker>
          </token>
          <token id="19">
            <word>THE</word>
            <lemma>the</lemma>
            <CharacterOffsetBegin>508</CharacterOffsetBegin>
            <CharacterOffsetEnd>511</CharacterOffsetEnd>
            <POS>DT</POS>
            <NER>O</NER>
            <Speaker>PER0</Speaker>
          </token>
          <token id="20">
            <word>FOOTHILLS</word>
            <lemma>FOOTHILLS</lemma>
            <CharacterOffsetBegin>512</CharacterOffsetBegin>
            <CharacterOffsetEnd>521</CharacterOffsetEnd>
            <POS>NNP</POS>
            <NER>O</NER>
            <Speaker>PER0</Speaker>
          </token>
          <token id="21">
            <word>OF</word>
            <lemma>of</lemma>
            <CharacterOffsetBegin>522</CharacterOffsetBegin>
            <CharacterOffsetEnd>524</CharacterOffsetEnd>
            <POS>IN</POS>
            <NER>O</NER>
            <Speaker>PER0</Speaker>
          </token>
          <token id="22">
            <word>THE</word>
            <lemma>the</lemma>
            <CharacterOffsetBegin>525</CharacterOffsetBegin>
            <CharacterOffsetEnd>528</CharacterOffsetEnd>
            <POS>DT</POS>
            <NER>O</NER>
            <Speaker>PER0</Speaker>
          </token>
          <token id="23">
            <word>SAN</word>
            <lemma>SAN</lemma>
            <CharacterOffsetBegin>529</CharacterOffsetBegin>
            <CharacterOffsetEnd>532</CharacterOffsetEnd>
            <POS>NNP</POS>
            <NER>LOCATION</NER>
            <Speaker>PER0</Speaker>
          </token>
          <token id="24">
            <word>SALVADOR</word>
            <lemma>SALVADOR</lemma>
            <CharacterOffsetBegin>533</CharacterOffsetBegin>
            <CharacterOffsetEnd>541</CharacterOffsetEnd>
            <POS>NNP</POS>
            <NER>LOCATION</NER>
            <Speaker>PER0</Speaker>
          </token>
          <token id="25">
            <word>VOLCANO</word>
            <lemma>volcano</lemma>
            <CharacterOffsetBegin>542</CharacterOffsetBegin>
            <CharacterOffsetEnd>549</CharacterOffsetEnd>
            <POS>NN</POS>
            <NER>LOCATION</NER>
            <Speaker>PER0</Speaker>
          </token>
          <token id="26">
            <word>.</word>
            <lemma>.</lemma>
            <CharacterOffsetBegin>549</CharacterOffsetBegin>
            <CharacterOffsetEnd>550</CharacterOffsetEnd>
            <POS>.</POS>
            <NER>O</NER>
            <Speaker>PER0</Speaker>
          </token>
        </tokens>
        <parse>(ROOT (S (ADVP (RB ALSO)) (, ,) (NP (JJ HEAVY) (NN BOMBING)) (VP (VBD WAS) (VP (VP (VBN HEARD) (NP-TMP (JJ LAST) (NN NIGHT))) (, ,) (VP (ADVP (RB APPARENTLY)) (VBN DIRECTED) (PP (IN AGAINST) (NP (NP (NNS POSITIONS)) (PP (IN OF) (NP (NP (DT THE) (JJ SALVADORAN) (NNS GUERRILLAS)) (PP (IN ON) (NP (NP (DT THE) (NNP FOOTHILLS)) (PP (IN OF) (NP (DT THE) (NNP SAN) (NNP SALVADOR) (NN VOLCANO)))))))))))) (. .))) </parse>
        <dependencies type="basic-dependencies">
          <dep type="root">
            <governor idx="0">ROOT</governor>
            <dependent idx="6">HEARD</dependent>
          </dep>
          <dep type="advmod">
            <governor idx="6">HEARD</governor>
            <dependent idx="1">ALSO</dependent>
          </dep>
          <dep type="amod">
            <governor idx="4">BOMBING</governor>
            <dependent idx="3">HEAVY</dependent>
          </dep>
          <dep type="nsubj">
            <governor idx="6">HEARD</governor>
            <dependent idx="4">BOMBING</dependent>
          </dep>
          <dep type="aux">
            <governor idx="6">HEARD</governor>
            <dependent idx="5">WAS</dependent>
          </dep>
          <dep type="amod">
            <governor idx="8">NIGHT</governor>
            <dependent idx="7">LAST</dependent>
          </dep>
          <dep type="nmod:tmod">
            <governor idx="6">HEARD</governor>
            <dependent idx="8">NIGHT</dependent>
          </dep>
          <dep type="advmod">
            <governor idx="11">DIRECTED</governor>
            <dependent idx="10">APPARENTLY</dependent>
          </dep>
          <dep type="dep">
            <governor idx="6">HEARD</governor>
            <dependent idx="11">DIRECTED</dependent>
          </dep>
          <dep type="case">
            <governor idx="13">POSITIONS</governor>
            <dependent idx="12">AGAINST</dependent>
          </dep>
          <dep type="nmod">
            <governor idx="11">DIRECTED</governor>
            <dependent idx="13">POSITIONS</dependent>
          </dep>
          <dep type="case">
            <governor idx="17">GUERRILLAS</governor>
            <dependent idx="14">OF</dependent>
          </dep>
          <dep type="det">
            <governor idx="17">GUERRILLAS</governor>
            <dependent idx="15">THE</dependent>
          </dep>
          <dep type="amod">
            <governor idx="17">GUERRILLAS</governor>
            <dependent idx="16">SALVADORAN</dependent>
          </dep>
          <dep type="nmod">
            <governor idx="13">POSITIONS</governor>
            <dependent idx="17">GUERRILLAS</dependent>
          </dep>
          <dep type="case">
            <governor idx="20">FOOTHILLS</governor>
            <dependent idx="18">ON</dependent>
          </dep>
          <dep type="det">
            <governor idx="20">FOOTHILLS</governor>
            <dependent idx="19">THE</dependent>
          </dep>
          <dep type="nmod">
            <governor idx="17">GUERRILLAS</governor>
            <dependent idx="20">FOOTHILLS</dependent>
          </dep>
          <dep type="case">
            <governor idx="25">VOLCANO</governor>
            <dependent idx="21">OF</dependent>
          </dep>
          <dep type="det">
            <governor idx="25">VOLCANO</governor>
            <dependent idx="22">THE</dependent>
          </dep>
          <dep type="compound">
            <governor idx="25">VOLCANO</governor>
            <dependent idx="23">SAN</dependent>
          </dep>
          <dep type="compound">
            <governor idx="25">VOLCANO</governor>
            <dependent idx="24">SALVADOR</dependent>
          </dep>
          <dep type="nmod">
            <governor idx="20">FOOTHILLS</governor>
            <dependent idx="25">VOLCANO</dependent>
          </dep>
        </dependencies>
        <dependencies type="collapsed-dependencies">
          <dep type="root">
            <governor idx="0">ROOT</governor>
            <dependent idx="6">HEARD</dependent>
          </dep>
          <dep type="advmod">
            <governor idx="6">HEARD</governor>
            <dependent idx="1">ALSO</dependent>
          </dep>
          <dep type="amod">
            <governor idx="4">BOMBING</governor>
            <dependent idx="3">HEAVY</dependent>
          </dep>
          <dep type="nsubj">
            <governor idx="6">HEARD</governor>
            <dependent idx="4">BOMBING</dependent>
          </dep>
          <dep type="aux">
            <governor idx="6">HEARD</governor>
            <dependent idx="5">WAS</dependent>
          </dep>
          <dep type="amod">
            <governor idx="8">NIGHT</governor>
            <dependent idx="7">LAST</dependent>
          </dep>
          <dep type="nmod:tmod">
            <governor idx="6">HEARD</governor>
            <dependent idx="8">NIGHT</dependent>
          </dep>
          <dep type="advmod">
            <governor idx="11">DIRECTED</governor>
            <dependent idx="10">APPARENTLY</dependent>
          </dep>
          <dep type="dep">
            <governor idx="6">HEARD</governor>
            <dependent idx="11">DIRECTED</dependent>
          </dep>
          <dep type="case">
            <governor idx="13">POSITIONS</governor>
            <dependent idx="12">AGAINST</dependent>
          </dep>
          <dep type="nmod:against">
            <governor idx="11">DIRECTED</governor>
            <dependent idx="13">POSITIONS</dependent>
          </dep>
          <dep type="case">
            <governor idx="17">GUERRILLAS</governor>
            <dependent idx="14">OF</dependent>
          </dep>
          <dep type="det">
            <governor idx="17">GUERRILLAS</governor>
            <dependent idx="15">THE</dependent>
          </dep>
          <dep type="amod">
            <governor idx="17">GUERRILLAS</governor>
            <dependent idx="16">SALVADORAN</dependent>
          </dep>
          <dep type="nmod:of">
            <governor idx="13">POSITIONS</governor>
            <dependent idx="17">GUERRILLAS</dependent>
          </dep>
          <dep type="case">
            <governor idx="20">FOOTHILLS</governor>
            <dependent idx="18">ON</dependent>
          </dep>
          <dep type="det">
            <governor idx="20">FOOTHILLS</governor>
            <dependent idx="19">THE</dependent>
          </dep>
          <dep type="nmod:on">
            <governor idx="17">GUERRILLAS</governor>
            <dependent idx="20">FOOTHILLS</dependent>
          </dep>
          <dep type="case">
            <governor idx="25">VOLCANO</governor>
            <dependent idx="21">OF</dependent>
          </dep>
          <dep type="det">
            <governor idx="25">VOLCANO</governor>
            <dependent idx="22">THE</dependent>
          </dep>
          <dep type="compound">
            <governor idx="25">VOLCANO</governor>
            <dependent idx="23">SAN</dependent>
          </dep>
          <dep type="compound">
            <governor idx="25">VOLCANO</governor>
            <dependent idx="24">SALVADOR</dependent>
          </dep>
          <dep type="nmod:of">
            <governor idx="20">FOOTHILLS</governor>
            <dependent idx="25">VOLCANO</dependent>
          </dep>
        </dependencies>
        <dependencies type="collapsed-ccprocessed-dependencies">
          <dep type="root">
            <governor idx="0">ROOT</governor>
            <dependent idx="6">HEARD</dependent>
          </dep>
          <dep type="advmod">
            <governor idx="6">HEARD</governor>
            <dependent idx="1">ALSO</dependent>
          </dep>
          <dep type="amod">
            <governor idx="4">BOMBING</governor>
            <dependent idx="3">HEAVY</dependent>
          </dep>
          <dep type="nsubj">
            <governor idx="6">HEARD</governor>
            <dependent idx="4">BOMBING</dependent>
          </dep>
          <dep type="aux">
            <governor idx="6">HEARD</governor>
            <dependent idx="5">WAS</dependent>
          </dep>
          <dep type="amod">
            <governor idx="8">NIGHT</governor>
            <dependent idx="7">LAST</dependent>
          </dep>
          <dep type="nmod:tmod">
            <governor idx="6">HEARD</governor>
            <dependent idx="8">NIGHT</dependent>
          </dep>
          <dep type="advmod">
            <governor idx="11">DIRECTED</governor>
            <dependent idx="10">APPARENTLY</dependent>
          </dep>
          <dep type="dep">
            <governor idx="6">HEARD</governor>
            <dependent idx="11">DIRECTED</dependent>
          </dep>
          <dep type="case">
            <governor idx="13">POSITIONS</governor>
            <dependent idx="12">AGAINST</dependent>
          </dep>
          <dep type="nmod:against">
            <governor idx="11">DIRECTED</governor>
            <dependent idx="13">POSITIONS</dependent>
          </dep>
          <dep type="case">
            <governor idx="17">GUERRILLAS</governor>
            <dependent idx="14">OF</dependent>
          </dep>
          <dep type="det">
            <governor idx="17">GUERRILLAS</governor>
            <dependent idx="15">THE</dependent>
          </dep>
          <dep type="amod">
            <governor idx="17">GUERRILLAS</governor>
            <dependent idx="16">SALVADORAN</dependent>
          </dep>
          <dep type="nmod:of">
            <governor idx="13">POSITIONS</governor>
            <dependent idx="17">GUERRILLAS</dependent>
          </dep>
          <dep type="case">
            <governor idx="20">FOOTHILLS</governor>
            <dependent idx="18">ON</dependent>
          </dep>
          <dep type="det">
            <governor idx="20">FOOTHILLS</governor>
            <dependent idx="19">THE</dependent>
          </dep>
          <dep type="nmod:on">
            <governor idx="17">GUERRILLAS</governor>
            <dependent idx="20">FOOTHILLS</dependent>
          </dep>
          <dep type="case">
            <governor idx="25">VOLCANO</governor>
            <dependent idx="21">OF</dependent>
          </dep>
          <dep type="det">
            <governor idx="25">VOLCANO</governor>
            <dependent idx="22">THE</dependent>
          </dep>
          <dep type="compound">
            <governor idx="25">VOLCANO</governor>
            <dependent idx="23">SAN</dependent>
          </dep>
          <dep type="compound">
            <governor idx="25">VOLCANO</governor>
            <dependent idx="24">SALVADOR</dependent>
          </dep>
          <dep type="nmod:of">
            <governor idx="20">FOOTHILLS</governor>
            <dependent idx="25">VOLCANO</dependent>
          </dep>
        </dependencies>
      </sentence>
    </sentences>
    <coreference>
      <coreference>
        <mention representative="true">
          <sentence>1</sentence>
          <start>1</start>
          <end>3</end>
          <head>2</head>
          <text>SAN SALVADOR</text>
        </mention>
        <mention>
          <sentence>2</sentence>
          <start>18</start>
          <end>20</end>
          <head>19</head>
          <text>SAN SALVADOR</text>
        </mention>
      </coreference>
      <coreference>
        <mention representative="true">
          <sentence>1</sentence>
          <start>35</start>
          <end>38</end>
          <head>37</head>
          <text>DEPUTY INTERIOR MINISTER</text>
        </mention>
        <mention>
          <sentence>2</sentence>
          <start>8</start>
          <end>11</end>
          <head>10</head>
          <text>THE DEPUTY MINISTER</text>
        </mention>
      </coreference>
    </coreference>
  </document>
</root>
