<?xml version="1.0" encoding="ASCII"?>
<?xml-stylesheet href="CoreNLP-to-HTML.xsl" type="text/xsl"?>
<root>
  <document>
    <sentences>
      <sentence id="1">
        <tokens>
          <token id="1">
            <word>BOGOTA</word>
            <lemma>BOGOTA</lemma>
            <CharacterOffsetBegin>3</CharacterOffsetBegin>
            <CharacterOffsetEnd>9</CharacterOffsetEnd>
            <POS>NNP</POS>
            <NER>LOCATION</NER>
            <Speaker>PER0</Speaker>
          </token>
          <token id="2">
            <word>,</word>
            <lemma>,</lemma>
            <CharacterOffsetBegin>9</CharacterOffsetBegin>
            <CharacterOffsetEnd>10</CharacterOffsetEnd>
            <POS>,</POS>
            <NER>O</NER>
            <Speaker>PER0</Speaker>
          </token>
          <token id="3">
            <word>22</word>
            <lemma>22</lemma>
            <CharacterOffsetBegin>11</CharacterOffsetBegin>
            <CharacterOffsetEnd>13</CharacterOffsetEnd>
            <POS>CD</POS>
            <NER>DATE</NER>
            <NormalizedNER>XXXX-03-22</NormalizedNER>
            <Speaker>PER0</Speaker>
            <Timex tid="t1" type="DATE">XXXX-03-22</Timex>
          </token>
          <token id="4">
            <word>MAR</word>
            <lemma>MAR</lemma>
            <CharacterOffsetBegin>14</CharacterOffsetBegin>
            <CharacterOffsetEnd>17</CharacterOffsetEnd>
            <POS>NNP</POS>
            <NER>DATE</NER>
            <NormalizedNER>XXXX-03-22</NormalizedNER>
            <Speaker>PER0</Speaker>
            <Timex tid="t1" type="DATE">XXXX-03-22</Timex>
          </token>
          <token id="5">
            <word>90</word>
            <lemma>90</lemma>
            <CharacterOffsetBegin>18</CharacterOffsetBegin>
            <CharacterOffsetEnd>20</CharacterOffsetEnd>
            <POS>CD</POS>
            <NER>NUMBER</NER>
            <NormalizedNER>90.0</NormalizedNER>
            <Speaker>PER0</Speaker>
          </token>
          <token id="6">
            <word>-LRB-</word>
            <lemma>-lrb-</lemma>
            <CharacterOffsetBegin>21</CharacterOffsetBegin>
            <CharacterOffsetEnd>22</CharacterOffsetEnd>
            <POS>-LRB-</POS>
            <NER>O</NER>
            <Speaker>PER0</Speaker>
          </token>
          <token id="7">
            <word>AFP</word>
            <lemma>afp</lemma>
            <CharacterOffsetBegin>22</CharacterOffsetBegin>
            <CharacterOffsetEnd>25</CharacterOffsetEnd>
            <POS>NN</POS>
            <NER>O</NER>
            <Speaker>PER0</Speaker>
          </token>
          <token id="8">
            <word>-RRB-</word>
            <lemma>-rrb-</lemma>
            <CharacterOffsetBegin>25</CharacterOffsetBegin>
            <CharacterOffsetEnd>26</CharacterOffsetEnd>
            <POS>-RRB-</POS>
            <NER>O</NER>
            <Speaker>PER0</Speaker>
          </token>
          <token id="9">
            <word>--</word>
            <lemma>--</lemma>
            <CharacterOffsetBegin>27</CharacterOffsetBegin>
            <CharacterOffsetEnd>29</CharacterOffsetEnd>
            <POS>:</POS>
            <NER>O</NER>
            <Speaker>PER0</Speaker>
          </token>
          <token id="10">
            <word>-LSB-</word>
            <lemma>-lsb-</lemma>
            <CharacterOffsetBegin>30</CharacterOffsetBegin>
            <CharacterOffsetEnd>31</CharacterOffsetEnd>
            <POS>-LRB-</POS>
            <NER>O</NER>
            <Speaker>PER0</Speaker>
          </token>
          <token id="11">
            <word>TEXT</word>
            <lemma>text</lemma>
            <CharacterOffsetBegin>31</CharacterOffsetBegin>
            <CharacterOffsetEnd>35</CharacterOffsetEnd>
            <POS>NN</POS>
            <NER>O</NER>
            <Speaker>PER0</Speaker>
          </token>
          <token id="12">
            <word>-RSB-</word>
            <lemma>-rsb-</lemma>
            <CharacterOffsetBegin>35</CharacterOffsetBegin>
            <CharacterOffsetEnd>36</CharacterOffsetEnd>
            <POS>-RRB-</POS>
            <NER>O</NER>
            <Speaker>PER0</Speaker>
          </token>
          <token id="13">
            <word>BERNARDO</word>
            <lemma>BERNARDO</lemma>
            <CharacterOffsetBegin>37</CharacterOffsetBegin>
            <CharacterOffsetEnd>45</CharacterOffsetEnd>
            <POS>NNP</POS>
            <NER>PERSON</NER>
            <Speaker>PER0</Speaker>
          </token>
          <token id="14">
            <word>JARAMILLO</word>
            <lemma>JARAMILLO</lemma>
            <CharacterOffsetBegin>46</CharacterOffsetBegin>
            <CharacterOffsetEnd>55</CharacterOffsetEnd>
            <POS>NNP</POS>
            <NER>PERSON</NER>
            <Speaker>PER0</Speaker>
          </token>
          <token id="15">
            <word>OSSA</word>
            <lemma>OSSA</lemma>
            <CharacterOffsetBegin>56</CharacterOffsetBegin>
            <CharacterOffsetEnd>60</CharacterOffsetEnd>
            <POS>NNP</POS>
            <NER>PERSON</NER>
            <Speaker>PER0</Speaker>
          </token>
          <token id="16">
            <word>,</word>
            <lemma>,</lemma>
            <CharacterOffsetBegin>60</CharacterOffsetBegin>
            <CharacterOffsetEnd>61</CharacterOffsetEnd>
            <POS>,</POS>
            <NER>O</NER>
            <Speaker>PER0</Speaker>
          </token>
          <token id="17">
            <word>THE</word>
            <lemma>the</lemma>
            <CharacterOffsetBegin>62</CharacterOffsetBegin>
            <CharacterOffsetEnd>65</CharacterOffsetEnd>
            <POS>DT</POS>
            <NER>O</NER>
            <Speaker>PER0</Speaker>
          </token>
          <token id="18">
            <word>36-YEAR-OLD</word>
            <lemma>36-year-old</lemma>
            <CharacterOffsetBegin>66</CharacterOffsetBegin>
            <CharacterOffsetEnd>77</CharacterOffsetEnd>
            <POS>JJ</POS>
            <NER>DURATION</NER>
            <NormalizedNER>P36Y</NormalizedNER>
            <Speaker>PER0</Speaker>
            <Timex tid="t2" type="DURATION">P36Y</Timex>
          </token>
          <token id="19">
            <word>PATRIOTIC</word>
            <lemma>patriotic</lemma>
            <CharacterOffsetBegin>78</CharacterOffsetBegin>
            <CharacterOffsetEnd>87</CharacterOffsetEnd>
            <POS>JJ</POS>
            <NER>O</NER>
            <Speaker>PER0</Speaker>
          </token>
          <token id="20">
            <word>UNION</word>
            <lemma>union</lemma>
            <CharacterOffsetBegin>88</CharacterOffsetBegin>
            <CharacterOffsetEnd>93</CharacterOffsetEnd>
            <POS>NN</POS>
            <NER>O</NER>
            <Speaker>PER0</Speaker>
          </token>
          <token id="21">
            <word>-LRB-</word>
            <lemma>-lrb-</lemma>
            <CharacterOffsetBegin>94</CharacterOffsetBegin>
            <CharacterOffsetEnd>95</CharacterOffsetEnd>
            <POS>-LRB-</POS>
            <NER>O</NER>
            <Speaker>PER0</Speaker>
          </token>
          <token id="22">
            <word>UP</word>
            <lemma>up</lemma>
            <CharacterOffsetBegin>95</CharacterOffsetBegin>
            <CharacterOffsetEnd>97</CharacterOffsetEnd>
            <POS>RP</POS>
            <NER>O</NER>
            <Speaker>PER0</Speaker>
          </token>
          <token id="23">
            <word>-RRB-</word>
            <lemma>-rrb-</lemma>
            <CharacterOffsetBegin>97</CharacterOffsetBegin>
            <CharacterOffsetEnd>98</CharacterOffsetEnd>
            <POS>-RRB-</POS>
            <NER>O</NER>
            <Speaker>PER0</Speaker>
          </token>
          <token id="24">
            <word>PRESIDENTIAL</word>
            <lemma>presidential</lemma>
            <CharacterOffsetBegin>99</CharacterOffsetBegin>
            <CharacterOffsetEnd>111</CharacterOffsetEnd>
            <POS>JJ</POS>
            <NER>O</NER>
            <Speaker>PER0</Speaker>
          </token>
          <token id="25">
            <word>CANDIDATE</word>
            <lemma>candidate</lemma>
            <CharacterOffsetBegin>112</CharacterOffsetBegin>
            <CharacterOffsetEnd>121</CharacterOffsetEnd>
            <POS>NN</POS>
            <NER>O</NER>
            <Speaker>PER0</Speaker>
          </token>
          <token id="26">
            <word>,</word>
            <lemma>,</lemma>
            <CharacterOffsetBegin>121</CharacterOffsetBegin>
            <CharacterOffsetEnd>122</CharacterOffsetEnd>
            <POS>,</POS>
            <NER>O</NER>
            <Speaker>PER0</Speaker>
          </token>
          <token id="27">
            <word>HAS</word>
            <lemma>have</lemma>
            <CharacterOffsetBegin>123</CharacterOffsetBegin>
            <CharacterOffsetEnd>126</CharacterOffsetEnd>
            <POS>VBZ</POS>
            <NER>O</NER>
            <Speaker>PER0</Speaker>
          </token>
          <token id="28">
            <word>DIED</word>
            <lemma>die</lemma>
            <CharacterOffsetBegin>127</CharacterOffsetBegin>
            <CharacterOffsetEnd>131</CharacterOffsetEnd>
            <POS>VBN</POS>
            <NER>O</NER>
            <Speaker>PER0</Speaker>
          </token>
          <token id="29">
            <word>FROM</word>
            <lemma>from</lemma>
            <CharacterOffsetBegin>132</CharacterOffsetBegin>
            <CharacterOffsetEnd>136</CharacterOffsetEnd>
            <POS>IN</POS>
            <NER>O</NER>
            <Speaker>PER0</Speaker>
          </token>
          <token id="30">
            <word>GUNSHOT</word>
            <lemma>gunshot</lemma>
            <CharacterOffsetBegin>137</CharacterOffsetBegin>
            <CharacterOffsetEnd>144</CharacterOffsetEnd>
            <POS>NN</POS>
            <NER>O</NER>
            <Speaker>PER0</Speaker>
          </token>
          <token id="31">
            <word>WOUNDS</word>
            <lemma>wound</lemma>
            <CharacterOffsetBegin>145</CharacterOffsetBegin>
            <CharacterOffsetEnd>151</CharacterOffsetEnd>
            <POS>NNS</POS>
            <NER>O</NER>
            <Speaker>PER0</Speaker>
          </token>
          <token id="32">
            <word>,</word>
            <lemma>,</lemma>
            <CharacterOffsetBegin>151</CharacterOffsetBegin>
            <CharacterOffsetEnd>152</CharacterOffsetEnd>
            <POS>,</POS>
            <NER>O</NER>
            <Speaker>PER0</Speaker>
          </token>
          <token id="33">
            <word>ANGELINO</word>
            <lemma>ANGELINO</lemma>
            <CharacterOffsetBegin>153</CharacterOffsetBegin>
            <CharacterOffsetEnd>161</CharacterOffsetEnd>
            <POS>NNP</POS>
            <NER>PERSON</NER>
            <Speaker>PER0</Speaker>
          </token>
          <token id="34">
            <word>GARZON</word>
            <lemma>GARZON</lemma>
            <CharacterOffsetBegin>162</CharacterOffsetBegin>
            <CharacterOffsetEnd>168</CharacterOffsetEnd>
            <POS>NNP</POS>
            <NER>PERSON</NER>
            <Speaker>PER0</Speaker>
          </token>
          <token id="35">
            <word>,</word>
            <lemma>,</lemma>
            <CharacterOffsetBegin>168</CharacterOffsetBegin>
            <CharacterOffsetEnd>169</CharacterOffsetEnd>
            <POS>,</POS>
            <NER>O</NER>
            <Speaker>PER0</Speaker>
          </token>
          <token id="36">
            <word>SPOKESMAN</word>
            <lemma>spokesman</lemma>
            <CharacterOffsetBegin>170</CharacterOffsetBegin>
            <CharacterOffsetEnd>179</CharacterOffsetEnd>
            <POS>NN</POS>
            <NER>O</NER>
            <Speaker>PER0</Speaker>
          </token>
          <token id="37">
            <word>FOR</word>
            <lemma>for</lemma>
            <CharacterOffsetBegin>180</CharacterOffsetBegin>
            <CharacterOffsetEnd>183</CharacterOffsetEnd>
            <POS>IN</POS>
            <NER>O</NER>
            <Speaker>PER0</Speaker>
          </token>
          <token id="38">
            <word>THAT</word>
            <lemma>that</lemma>
            <CharacterOffsetBegin>184</CharacterOffsetBegin>
            <CharacterOffsetEnd>188</CharacterOffsetEnd>
            <POS>DT</POS>
            <NER>O</NER>
            <Speaker>PER0</Speaker>
          </token>
          <token id="39">
            <word>POLITICAL</word>
            <lemma>political</lemma>
            <CharacterOffsetBegin>189</CharacterOffsetBegin>
            <CharacterOffsetEnd>198</CharacterOffsetEnd>
            <POS>JJ</POS>
            <NER>O</NER>
            <Speaker>PER0</Speaker>
          </token>
          <token id="40">
            <word>ORGANIZATION</word>
            <lemma>organization</lemma>
            <CharacterOffsetBegin>199</CharacterOffsetBegin>
            <CharacterOffsetEnd>211</CharacterOffsetEnd>
            <POS>NN</POS>
            <NER>O</NER>
            <Speaker>PER0</Speaker>
          </token>
          <token id="41">
            <word>,</word>
            <lemma>,</lemma>
            <CharacterOffsetBegin>211</CharacterOffsetBegin>
            <CharacterOffsetEnd>212</CharacterOffsetEnd>
            <POS>,</POS>
            <NER>O</NER>
            <Speaker>PER0</Speaker>
          </token>
          <token id="42">
            <word>HAS</word>
            <lemma>have</lemma>
            <CharacterOffsetBegin>213</CharacterOffsetBegin>
            <CharacterOffsetEnd>216</CharacterOffsetEnd>
            <POS>VBZ</POS>
            <NER>O</NER>
            <Speaker>PER0</Speaker>
          </token>
          <token id="43">
            <word>REPORTED</word>
            <lemma>report</lemma>
            <CharacterOffsetBegin>217</CharacterOffsetBegin>
            <CharacterOffsetEnd>225</CharacterOffsetEnd>
            <POS>VBN</POS>
            <NER>O</NER>
            <Speaker>PER0</Speaker>
          </token>
          <token id="44">
            <word>.</word>
            <lemma>.</lemma>
            <CharacterOffsetBegin>225</CharacterOffsetBegin>
            <CharacterOffsetEnd>226</CharacterOffsetEnd>
            <POS>.</POS>
            <NER>O</NER>
            <Speaker>PER0</Speaker>
          </token>
        </tokens>
        <parse>(ROOT (S (S (NP (NP (NNP BOGOTA)) (, ,) (NP (NP (NP (CD 22) (NNP MAR) (CD 90)) (PRN (-LRB- -LRB-) (NP (NN AFP)) (-RRB- -RRB-))) (: --) (NP (NP (-LRB- -LSB-) (NN TEXT)) (PP (-RRB- -RSB-) (NP (NP (NNP BERNARDO) (NNP JARAMILLO) (NNP OSSA)) (, ,) (NP (DT THE) (JJ 36-YEAR-OLD) (JJ PATRIOTIC) (NN UNION)) (PRN (-LRB- -LRB-) (ADVP (RP UP)) (-RRB- -RRB-)) (NP (JJ PRESIDENTIAL) (NN CANDIDATE)))))) (, ,)) (VP (VBZ HAS) (VP (VBN DIED) (PP (IN FROM) (NP (NN GUNSHOT) (NNS WOUNDS)))))) (, ,) (NP (NP (NNP ANGELINO) (NNP GARZON)) (, ,) (NP (NP (NN SPOKESMAN)) (PP (IN FOR) (NP (DT THAT) (JJ POLITICAL) (NN ORGANIZATION)))) (, ,)) (VP (VBZ HAS) (VP (VBN REPORTED))) (. .))) </parse>
        <dependencies type="basic-dependencies">
          <dep type="root">
            <governor idx="0">ROOT</governor>
            <dependent idx="43">REPORTED</dependent>
          </dep>
          <dep type="nsubj">
            <governor idx="28">DIED</governor>
            <dependent idx="1">BOGOTA</dependent>
          </dep>
          <dep type="nummod">
            <governor idx="4">MAR</governor>
            <dependent idx="3">22</dependent>
          </dep>
          <dep type="appos">
            <governor idx="1">BOGOTA</governor>
            <dependent idx="4">MAR</dependent>
          </dep>
          <dep type="nummod">
            <governor idx="4">MAR</governor>
            <dependent idx="5">90</dependent>
          </dep>
          <dep type="appos">
            <governor idx="4">MAR</governor>
            <dependent idx="7">AFP</dependent>
          </dep>
          <dep type="dep">
            <governor idx="4">MAR</governor>
            <dependent idx="11">TEXT</dependent>
          </dep>
          <dep type="compound">
            <governor idx="15">OSSA</governor>
            <dependent idx="13">BERNARDO</dependent>
          </dep>
          <dep type="compound">
            <governor idx="15">OSSA</governor>
            <dependent idx="14">JARAMILLO</dependent>
          </dep>
          <dep type="nmod">
            <governor idx="11">TEXT</governor>
            <dependent idx="15">OSSA</dependent>
          </dep>
          <dep type="det">
            <governor idx="20">UNION</governor>
            <dependent idx="17">THE</dependent>
          </dep>
          <dep type="amod">
            <governor idx="20">UNION</governor>
            <dependent idx="18">36-YEAR-OLD</dependent>
          </dep>
          <dep type="amod">
            <governor idx="20">UNION</governor>
            <dependent idx="19">PATRIOTIC</dependent>
          </dep>
          <dep type="appos">
            <governor idx="15">OSSA</governor>
            <dependent idx="20">UNION</dependent>
          </dep>
          <dep type="dep">
            <governor idx="15">OSSA</governor>
            <dependent idx="22">UP</dependent>
          </dep>
          <dep type="amod">
            <governor idx="25">CANDIDATE</governor>
            <dependent idx="24">PRESIDENTIAL</dependent>
          </dep>
          <dep type="dep">
            <governor idx="15">OSSA</governor>
            <dependent idx="25">CANDIDATE</dependent>
          </dep>
          <dep type="aux">
            <governor idx="28">DIED</governor>
            <dependent idx="27">HAS</dependent>
          </dep>
          <dep type="ccomp">
            <governor idx="43">REPORTED</governor>
            <dependent idx="28">DIED</dependent>
          </dep>
          <dep type="case">
            <governor idx="31">WOUNDS</governor>
            <dependent idx="29">FROM</dependent>
          </dep>
          <dep type="compound">
            <governor idx="31">WOUNDS</governor>
            <dependent idx="30">GUNSHOT</dependent>
          </dep>
          <dep type="nmod">
            <governor idx="28">DIED</governor>
            <dependent idx="31">WOUNDS</dependent>
          </dep>
          <dep type="compound">
            <governor idx="34">GARZON</governor>
            <dependent idx="33">ANGELINO</dependent>
          </dep>
          <dep type="nsubj">
            <governor idx="43">REPORTED</governor>
            <dependent idx="34">GARZON</dependent>
          </dep>
          <dep type="appos">
            <governor idx="34">GARZON</governor>
            <dependent idx="36">SPOKESMAN</dependent>
          </dep>
          <dep type="case">
            <governor idx="40">ORGANIZATION</governor>
            <dependent idx="37">FOR</dependent>
          </dep>
          <dep type="det">
            <governor idx="40">ORGANIZATION</governor>
            <dependent idx="38">THAT</dependent>
          </dep>
          <dep type="amod">
            <governor idx="40">ORGANIZATION</governor>
            <dependent idx="39">POLITICAL</dependent>
          </dep>
          <dep type="nmod">
            <governor idx="36">SPOKESMAN</governor>
            <dependent idx="40">ORGANIZATION</dependent>
          </dep>
          <dep type="aux">
            <governor idx="43">REPORTED</governor>
            <dependent idx="42">HAS</dependent>
          </dep>
        </dependencies>
        <dependencies type="collapsed-dependencies">
          <dep type="root">
            <governor idx="0">ROOT</governor>
            <dependent idx="43">REPORTED</dependent>
          </dep>
          <dep type="nsubj">
            <governor idx="28">DIED</governor>
            <dependent idx="1">BOGOTA</dependent>
          </dep>
          <dep type="nummod">
            <governor idx="4">MAR</governor>
            <dependent idx="3">22</dependent>
          </dep>
          <dep type="appos">
            <governor idx="1">BOGOTA</governor>
            <dependent idx="4">MAR</dependent>
          </dep>
          <dep type="nummod">
            <governor idx="4">MAR</governor>
            <dependent idx="5">90</dependent>
          </dep>
          <dep type="appos">
            <governor idx="4">MAR</governor>
            <dependent idx="7">AFP</dependent>
          </dep>
          <dep type="dep">
            <governor idx="4">MAR</governor>
            <dependent idx="11">TEXT</dependent>
          </dep>
          <dep type="compound">
            <governor idx="15">OSSA</governor>
            <dependent idx="13">BERNARDO</dependent>
          </dep>
          <dep type="compound">
            <governor idx="15">OSSA</governor>
            <dependent idx="14">JARAMILLO</dependent>
          </dep>
          <dep type="nmod">
            <governor idx="11">TEXT</governor>
            <dependent idx="15">OSSA</dependent>
          </dep>
          <dep type="det">
            <governor idx="20">UNION</governor>
            <dependent idx="17">THE</dependent>
          </dep>
          <dep type="amod">
            <governor idx="20">UNION</governor>
            <dependent idx="18">36-YEAR-OLD</dependent>
          </dep>
          <dep type="amod">
            <governor idx="20">UNION</governor>
            <dependent idx="19">PATRIOTIC</dependent>
          </dep>
          <dep type="appos">
            <governor idx="15">OSSA</governor>
            <dependent idx="20">UNION</dependent>
          </dep>
          <dep type="dep">
            <governor idx="15">OSSA</governor>
            <dependent idx="22">UP</dependent>
          </dep>
          <dep type="amod">
            <governor idx="25">CANDIDATE</governor>
            <dependent idx="24">PRESIDENTIAL</dependent>
          </dep>
          <dep type="dep">
            <governor idx="15">OSSA</governor>
            <dependent idx="25">CANDIDATE</dependent>
          </dep>
          <dep type="aux">
            <governor idx="28">DIED</governor>
            <dependent idx="27">HAS</dependent>
          </dep>
          <dep type="ccomp">
            <governor idx="43">REPORTED</governor>
            <dependent idx="28">DIED</dependent>
          </dep>
          <dep type="case">
            <governor idx="31">WOUNDS</governor>
            <dependent idx="29">FROM</dependent>
          </dep>
          <dep type="compound">
            <governor idx="31">WOUNDS</governor>
            <dependent idx="30">GUNSHOT</dependent>
          </dep>
          <dep type="nmod:from">
            <governor idx="28">DIED</governor>
            <dependent idx="31">WOUNDS</dependent>
          </dep>
          <dep type="compound">
            <governor idx="34">GARZON</governor>
            <dependent idx="33">ANGELINO</dependent>
          </dep>
          <dep type="nsubj">
            <governor idx="43">REPORTED</governor>
            <dependent idx="34">GARZON</dependent>
          </dep>
          <dep type="appos">
            <governor idx="34">GARZON</governor>
            <dependent idx="36">SPOKESMAN</dependent>
          </dep>
          <dep type="case">
            <governor idx="40">ORGANIZATION</governor>
            <dependent idx="37">FOR</dependent>
          </dep>
          <dep type="det">
            <governor idx="40">ORGANIZATION</governor>
            <dependent idx="38">THAT</dependent>
          </dep>
          <dep type="amod">
            <governor idx="40">ORGANIZATION</governor>
            <dependent idx="39">POLITICAL</dependent>
          </dep>
          <dep type="nmod:for">
            <governor idx="36">SPOKESMAN</governor>
            <dependent idx="40">ORGANIZATION</dependent>
          </dep>
          <dep type="aux">
            <governor idx="43">REPORTED</governor>
            <dependent idx="42">HAS</dependent>
          </dep>
        </dependencies>
        <dependencies type="collapsed-ccprocessed-dependencies">
          <dep type="root">
            <governor idx="0">ROOT</governor>
            <dependent idx="43">REPORTED</dependent>
          </dep>
          <dep type="nsubj">
            <governor idx="28">DIED</governor>
            <dependent idx="1">BOGOTA</dependent>
          </dep>
          <dep type="nummod">
            <governor idx="4">MAR</governor>
            <dependent idx="3">22</dependent>
          </dep>
          <dep type="appos">
            <governor idx="1">BOGOTA</governor>
            <dependent idx="4">MAR</dependent>
          </dep>
          <dep type="nummod">
            <governor idx="4">MAR</governor>
            <dependent idx="5">90</dependent>
          </dep>
          <dep type="appos">
            <governor idx="4">MAR</governor>
            <dependent idx="7">AFP</dependent>
          </dep>
          <dep type="dep">
            <governor idx="4">MAR</governor>
            <dependent idx="11">TEXT</dependent>
          </dep>
          <dep type="compound">
            <governor idx="15">OSSA</governor>
            <dependent idx="13">BERNARDO</dependent>
          </dep>
          <dep type="compound">
            <governor idx="15">OSSA</governor>
            <dependent idx="14">JARAMILLO</dependent>
          </dep>
          <dep type="nmod">
            <governor idx="11">TEXT</governor>
            <dependent idx="15">OSSA</dependent>
          </dep>
          <dep type="det">
            <governor idx="20">UNION</governor>
            <dependent idx="17">THE</dependent>
          </dep>
          <dep type="amod">
            <governor idx="20">UNION</governor>
            <dependent idx="18">36-YEAR-OLD</dependent>
          </dep>
          <dep type="amod">
            <governor idx="20">UNION</governor>
            <dependent idx="19">PATRIOTIC</dependent>
          </dep>
          <dep type="appos">
            <governor idx="15">OSSA</governor>
            <dependent idx="20">UNION</dependent>
          </dep>
          <dep type="dep">
            <governor idx="15">OSSA</governor>
            <dependent idx="22">UP</dependent>
          </dep>
          <dep type="amod">
            <governor idx="25">CANDIDATE</governor>
            <dependent idx="24">PRESIDENTIAL</dependent>
          </dep>
          <dep type="dep">
            <governor idx="15">OSSA</governor>
            <dependent idx="25">CANDIDATE</dependent>
          </dep>
          <dep type="aux">
            <governor idx="28">DIED</governor>
            <dependent idx="27">HAS</dependent>
          </dep>
          <dep type="ccomp">
            <governor idx="43">REPORTED</governor>
            <dependent idx="28">DIED</dependent>
          </dep>
          <dep type="case">
            <governor idx="31">WOUNDS</governor>
            <dependent idx="29">FROM</dependent>
          </dep>
          <dep type="compound">
            <governor idx="31">WOUNDS</governor>
            <dependent idx="30">GUNSHOT</dependent>
          </dep>
          <dep type="nmod:from">
            <governor idx="28">DIED</governor>
            <dependent idx="31">WOUNDS</dependent>
          </dep>
          <dep type="compound">
            <governor idx="34">GARZON</governor>
            <dependent idx="33">ANGELINO</dependent>
          </dep>
          <dep type="nsubj">
            <governor idx="43">REPORTED</governor>
            <dependent idx="34">GARZON</dependent>
          </dep>
          <dep type="appos">
            <governor idx="34">GARZON</governor>
            <dependent idx="36">SPOKESMAN</dependent>
          </dep>
          <dep type="case">
            <governor idx="40">ORGANIZATION</governor>
            <dependent idx="37">FOR</dependent>
          </dep>
          <dep type="det">
            <governor idx="40">ORGANIZATION</governor>
            <dependent idx="38">THAT</dependent>
          </dep>
          <dep type="amod">
            <governor idx="40">ORGANIZATION</governor>
            <dependent idx="39">POLITICAL</dependent>
          </dep>
          <dep type="nmod:for">
            <governor idx="36">SPOKESMAN</governor>
            <dependent idx="40">ORGANIZATION</dependent>
          </dep>
          <dep type="aux">
            <governor idx="43">REPORTED</governor>
            <dependent idx="42">HAS</dependent>
          </dep>
        </dependencies>
      </sentence>
    </sentences>
    <coreference>
      <coreference>
        <mention representative="true">
          <sentence>1</sentence>
          <start>33</start>
          <end>35</end>
          <head>34</head>
          <text>ANGELINO GARZON</text>
        </mention>
        <mention>
          <sentence>1</sentence>
          <start>36</start>
          <end>41</end>
          <head>36</head>
          <text>SPOKESMAN FOR THAT POLITICAL ORGANIZATION</text>
        </mention>
      </coreference>
    </coreference>
  </document>
</root>
