<?xml version="1.0" encoding="ASCII"?>
<?xml-stylesheet href="CoreNLP-to-HTML.xsl" type="text/xsl"?>
<root>
  <document>
    <sentences>
      <sentence id="1">
        <tokens>
          <token id="1">
            <word>LIMA</word>
            <lemma>LIMA</lemma>
            <CharacterOffsetBegin>3</CharacterOffsetBegin>
            <CharacterOffsetEnd>7</CharacterOffsetEnd>
            <POS>NNP</POS>
            <NER>LOCATION</NER>
            <Speaker>PER0</Speaker>
          </token>
          <token id="2">
            <word>,</word>
            <lemma>,</lemma>
            <CharacterOffsetBegin>7</CharacterOffsetBegin>
            <CharacterOffsetEnd>8</CharacterOffsetEnd>
            <POS>,</POS>
            <NER>O</NER>
            <Speaker>PER0</Speaker>
          </token>
          <token id="3">
            <word>23</word>
            <lemma>23</lemma>
            <CharacterOffsetBegin>9</CharacterOffsetBegin>
            <CharacterOffsetEnd>11</CharacterOffsetEnd>
            <POS>CD</POS>
            <NER>DATE</NER>
            <NormalizedNER>XXXX-03-23</NormalizedNER>
            <Speaker>PER0</Speaker>
            <Timex tid="t1" type="DATE">XXXX-03-23</Timex>
          </token>
          <token id="4">
            <word>MAR</word>
            <lemma>MAR</lemma>
            <CharacterOffsetBegin>12</CharacterOffsetBegin>
            <CharacterOffsetEnd>15</CharacterOffsetEnd>
            <POS>NNP</POS>
            <NER>DATE</NER>
            <NormalizedNER>XXXX-03-23</NormalizedNER>
            <Speaker>PER0</Speaker>
            <Timex tid="t1" type="DATE">XXXX-03-23</Timex>
          </token>
          <token id="5">
            <word>90</word>
            <lemma>90</lemma>
            <CharacterOffsetBegin>16</CharacterOffsetBegin>
            <CharacterOffsetEnd>18</CharacterOffsetEnd>
            <POS>CD</POS>
            <NER>NUMBER</NER>
            <NormalizedNER>90.0</NormalizedNER>
            <Speaker>PER0</Speaker>
          </token>
          <token id="6">
            <word>-LRB-</word>
            <lemma>-lrb-</lemma>
            <CharacterOffsetBegin>19</CharacterOffsetBegin>
            <CharacterOffsetEnd>20</CharacterOffsetEnd>
            <POS>-LRB-</POS>
            <NER>O</NER>
            <Speaker>PER0</Speaker>
          </token>
          <token id="7">
            <word>EFE</word>
            <lemma>efe</lemma>
            <CharacterOffsetBegin>20</CharacterOffsetBegin>
            <CharacterOffsetEnd>23</CharacterOffsetEnd>
            <POS>NN</POS>
            <NER>O</NER>
            <Speaker>PER0</Speaker>
          </token>
          <token id="8">
            <word>-RRB-</word>
            <lemma>-rrb-</lemma>
            <CharacterOffsetBegin>23</CharacterOffsetBegin>
            <CharacterOffsetEnd>24</CharacterOffsetEnd>
            <POS>-RRB-</POS>
            <NER>O</NER>
            <Speaker>PER0</Speaker>
          </token>
          <token id="9">
            <word>--</word>
            <lemma>--</lemma>
            <CharacterOffsetBegin>25</CharacterOffsetBegin>
            <CharacterOffsetEnd>27</CharacterOffsetEnd>
            <POS>:</POS>
            <NER>O</NER>
            <Speaker>PER0</Speaker>
          </token>
          <token id="10">
            <word>-LSB-</word>
            <lemma>-lsb-</lemma>
            <CharacterOffsetBegin>28</CharacterOffsetBegin>
            <CharacterOffsetEnd>29</CharacterOffsetEnd>
            <POS>-LRB-</POS>
            <NER>O</NER>
            <Speaker>PER0</Speaker>
          </token>
          <token id="11">
            <word>TEXT</word>
            <lemma>text</lemma>
            <CharacterOffsetBegin>29</CharacterOffsetBegin>
            <CharacterOffsetEnd>33</CharacterOffsetEnd>
            <POS>NN</POS>
            <NER>O</NER>
            <Speaker>PER0</Speaker>
          </token>
          <token id="12">
            <word>-RSB-</word>
            <lemma>-rsb-</lemma>
            <CharacterOffsetBegin>33</CharacterOffsetBegin>
            <CharacterOffsetEnd>34</CharacterOffsetEnd>
            <POS>-RRB-</POS>
            <NER>O</NER>
            <Speaker>PER0</Speaker>
          </token>
          <token id="13">
            <word>IN</word>
            <lemma>in</lemma>
            <CharacterOffsetBegin>35</CharacterOffsetBegin>
            <CharacterOffsetEnd>37</CharacterOffsetEnd>
            <POS>IN</POS>
            <NER>O</NER>
            <Speaker>PER0</Speaker>
          </token>
          <token id="14">
            <word>VIEW</word>
            <lemma>view</lemma>
            <CharacterOffsetBegin>38</CharacterOffsetBegin>
            <CharacterOffsetEnd>42</CharacterOffsetEnd>
            <POS>NN</POS>
            <NER>O</NER>
            <Speaker>PER0</Speaker>
          </token>
          <token id="15">
            <word>OF</word>
            <lemma>of</lemma>
            <CharacterOffsetBegin>43</CharacterOffsetBegin>
            <CharacterOffsetEnd>45</CharacterOffsetEnd>
            <POS>IN</POS>
            <NER>O</NER>
            <Speaker>PER0</Speaker>
          </token>
          <token id="16">
            <word>THE</word>
            <lemma>the</lemma>
            <CharacterOffsetBegin>46</CharacterOffsetBegin>
            <CharacterOffsetEnd>49</CharacterOffsetEnd>
            <POS>DT</POS>
            <NER>O</NER>
            <Speaker>PER0</Speaker>
          </token>
          <token id="17">
            <word>CONTINUING</word>
            <lemma>continue</lemma>
            <CharacterOffsetBegin>50</CharacterOffsetBegin>
            <CharacterOffsetEnd>60</CharacterOffsetEnd>
            <POS>VBG</POS>
            <NER>O</NER>
            <Speaker>PER0</Speaker>
          </token>
          <token id="18">
            <word>WAVE</word>
            <lemma>wave</lemma>
            <CharacterOffsetBegin>61</CharacterOffsetBegin>
            <CharacterOffsetEnd>65</CharacterOffsetEnd>
            <POS>NN</POS>
            <NER>O</NER>
            <Speaker>PER0</Speaker>
          </token>
          <token id="19">
            <word>OF</word>
            <lemma>of</lemma>
            <CharacterOffsetBegin>66</CharacterOffsetBegin>
            <CharacterOffsetEnd>68</CharacterOffsetEnd>
            <POS>IN</POS>
            <NER>O</NER>
            <Speaker>PER0</Speaker>
          </token>
          <token id="20">
            <word>CRIMES</word>
            <lemma>crime</lemma>
            <CharacterOffsetBegin>69</CharacterOffsetBegin>
            <CharacterOffsetEnd>75</CharacterOffsetEnd>
            <POS>NNS</POS>
            <NER>O</NER>
            <Speaker>PER0</Speaker>
          </token>
          <token id="21">
            <word>AND</word>
            <lemma>and</lemma>
            <CharacterOffsetBegin>76</CharacterOffsetBegin>
            <CharacterOffsetEnd>79</CharacterOffsetEnd>
            <POS>CC</POS>
            <NER>O</NER>
            <Speaker>PER0</Speaker>
          </token>
          <token id="22">
            <word>TERRORIST</word>
            <lemma>terrorist</lemma>
            <CharacterOffsetBegin>80</CharacterOffsetBegin>
            <CharacterOffsetEnd>89</CharacterOffsetEnd>
            <POS>JJ</POS>
            <NER>O</NER>
            <Speaker>PER0</Speaker>
          </token>
          <token id="23">
            <word>ATTACKS</word>
            <lemma>attack</lemma>
            <CharacterOffsetBegin>90</CharacterOffsetBegin>
            <CharacterOffsetEnd>97</CharacterOffsetEnd>
            <POS>NNS</POS>
            <NER>O</NER>
            <Speaker>PER0</Speaker>
          </token>
          <token id="24">
            <word>,</word>
            <lemma>,</lemma>
            <CharacterOffsetBegin>97</CharacterOffsetBegin>
            <CharacterOffsetEnd>98</CharacterOffsetEnd>
            <POS>,</POS>
            <NER>O</NER>
            <Speaker>PER0</Speaker>
          </token>
          <token id="25">
            <word>THE</word>
            <lemma>the</lemma>
            <CharacterOffsetBegin>99</CharacterOffsetBegin>
            <CharacterOffsetEnd>102</CharacterOffsetEnd>
            <POS>DT</POS>
            <NER>O</NER>
            <Speaker>PER0</Speaker>
          </token>
          <token id="26">
            <word>PERUVIAN</word>
            <lemma>peruvian</lemma>
            <CharacterOffsetBegin>103</CharacterOffsetBegin>
            <CharacterOffsetEnd>111</CharacterOffsetEnd>
            <POS>JJ</POS>
            <NER>MISC</NER>
            <Speaker>PER0</Speaker>
          </token>
          <token id="27">
            <word>GOVERNMENT</word>
            <lemma>government</lemma>
            <CharacterOffsetBegin>112</CharacterOffsetBegin>
            <CharacterOffsetEnd>122</CharacterOffsetEnd>
            <POS>NN</POS>
            <NER>O</NER>
            <Speaker>PER0</Speaker>
          </token>
          <token id="28">
            <word>TODAY</word>
            <lemma>today</lemma>
            <CharacterOffsetBegin>123</CharacterOffsetBegin>
            <CharacterOffsetEnd>128</CharacterOffsetEnd>
            <POS>NN</POS>
            <NER>DATE</NER>
            <NormalizedNER>THIS P1D</NormalizedNER>
            <Speaker>PER0</Speaker>
            <Timex tid="t2" type="DATE"/>
          </token>
          <token id="29">
            <word>DECLARED</word>
            <lemma>declare</lemma>
            <CharacterOffsetBegin>129</CharacterOffsetBegin>
            <CharacterOffsetEnd>137</CharacterOffsetEnd>
            <POS>VBD</POS>
            <NER>O</NER>
            <Speaker>PER0</Speaker>
          </token>
          <token id="30">
            <word>A</word>
            <lemma>a</lemma>
            <CharacterOffsetBegin>138</CharacterOffsetBegin>
            <CharacterOffsetEnd>139</CharacterOffsetEnd>
            <POS>DT</POS>
            <NER>O</NER>
            <Speaker>PER0</Speaker>
          </token>
          <token id="31">
            <word>STATE</word>
            <lemma>state</lemma>
            <CharacterOffsetBegin>140</CharacterOffsetBegin>
            <CharacterOffsetEnd>145</CharacterOffsetEnd>
            <POS>NN</POS>
            <NER>O</NER>
            <Speaker>PER0</Speaker>
          </token>
          <token id="32">
            <word>OF</word>
            <lemma>of</lemma>
            <CharacterOffsetBegin>146</CharacterOffsetBegin>
            <CharacterOffsetEnd>148</CharacterOffsetEnd>
            <POS>IN</POS>
            <NER>O</NER>
            <Speaker>PER0</Speaker>
          </token>
          <token id="33">
            <word>EMERGENCY</word>
            <lemma>emergency</lemma>
            <CharacterOffsetBegin>149</CharacterOffsetBegin>
            <CharacterOffsetEnd>158</CharacterOffsetEnd>
            <POS>NN</POS>
            <NER>O</NER>
            <Speaker>PER0</Speaker>
          </token>
          <token id="34">
            <word>IN</word>
            <lemma>in</lemma>
            <CharacterOffsetBegin>159</CharacterOffsetBegin>
            <CharacterOffsetEnd>161</CharacterOffsetEnd>
            <POS>IN</POS>
            <NER>O</NER>
            <Speaker>PER0</Speaker>
          </token>
          <token id="35">
            <word>LIMA</word>
            <lemma>LIMA</lemma>
            <CharacterOffsetBegin>162</CharacterOffsetBegin>
            <CharacterOffsetEnd>166</CharacterOffsetEnd>
            <POS>NNP</POS>
            <NER>LOCATION</NER>
            <Speaker>PER0</Speaker>
          </token>
          <token id="36">
            <word>AND</word>
            <lemma>and</lemma>
            <CharacterOffsetBegin>167</CharacterOffsetBegin>
            <CharacterOffsetEnd>170</CharacterOffsetEnd>
            <POS>CC</POS>
            <NER>O</NER>
            <Speaker>PER0</Speaker>
          </token>
          <token id="37">
            <word>THE</word>
            <lemma>the</lemma>
            <CharacterOffsetBegin>171</CharacterOffsetBegin>
            <CharacterOffsetEnd>174</CharacterOffsetEnd>
            <POS>DT</POS>
            <NER>O</NER>
            <Speaker>PER0</Speaker>
          </token>
          <token id="38">
            <word>NEIGHBORING</word>
            <lemma>neighbor</lemma>
            <CharacterOffsetBegin>175</CharacterOffsetBegin>
            <CharacterOffsetEnd>186</CharacterOffsetEnd>
            <POS>VBG</POS>
            <NER>O</NER>
            <Speaker>PER0</Speaker>
          </token>
          <token id="39">
            <word>PORT</word>
            <lemma>port</lemma>
            <CharacterOffsetBegin>187</CharacterOffsetBegin>
            <CharacterOffsetEnd>191</CharacterOffsetEnd>
            <POS>NN</POS>
            <NER>O</NER>
            <Speaker>PER0</Speaker>
          </token>
          <token id="40">
            <word>OF</word>
            <lemma>of</lemma>
            <CharacterOffsetBegin>192</CharacterOffsetBegin>
            <CharacterOffsetEnd>194</CharacterOffsetEnd>
            <POS>IN</POS>
            <NER>O</NER>
            <Speaker>PER0</Speaker>
          </token>
          <token id="41">
            <word>CALLAO</word>
            <lemma>CALLAO</lemma>
            <CharacterOffsetBegin>195</CharacterOffsetBegin>
            <CharacterOffsetEnd>201</CharacterOffsetEnd>
            <POS>NNP</POS>
            <NER>LOCATION</NER>
            <Speaker>PER0</Speaker>
          </token>
          <token id="42">
            <word>TO</word>
            <lemma>to</lemma>
            <CharacterOffsetBegin>202</CharacterOffsetBegin>
            <CharacterOffsetEnd>204</CharacterOffsetEnd>
            <POS>TO</POS>
            <NER>O</NER>
            <Speaker>PER0</Speaker>
          </token>
          <token id="43">
            <word>SAFEGUARD</word>
            <lemma>safeguard</lemma>
            <CharacterOffsetBegin>205</CharacterOffsetBegin>
            <CharacterOffsetEnd>214</CharacterOffsetEnd>
            <POS>VB</POS>
            <NER>O</NER>
            <Speaker>PER0</Speaker>
          </token>
          <token id="44">
            <word>THE</word>
            <lemma>the</lemma>
            <CharacterOffsetBegin>215</CharacterOffsetBegin>
            <CharacterOffsetEnd>218</CharacterOffsetEnd>
            <POS>DT</POS>
            <NER>O</NER>
            <Speaker>PER0</Speaker>
          </token>
          <token id="45">
            <word>ELECTIONS</word>
            <lemma>election</lemma>
            <CharacterOffsetBegin>219</CharacterOffsetBegin>
            <CharacterOffsetEnd>228</CharacterOffsetEnd>
            <POS>NNS</POS>
            <NER>O</NER>
            <Speaker>PER0</Speaker>
          </token>
          <token id="46">
            <word>SCHEDULED</word>
            <lemma>schedule</lemma>
            <CharacterOffsetBegin>229</CharacterOffsetBegin>
            <CharacterOffsetEnd>238</CharacterOffsetEnd>
            <POS>VBN</POS>
            <NER>O</NER>
            <Speaker>PER0</Speaker>
          </token>
          <token id="47">
            <word>FOR</word>
            <lemma>for</lemma>
            <CharacterOffsetBegin>239</CharacterOffsetBegin>
            <CharacterOffsetEnd>242</CharacterOffsetEnd>
            <POS>IN</POS>
            <NER>O</NER>
            <Speaker>PER0</Speaker>
          </token>
          <token id="48">
            <word>8</word>
            <lemma>8</lemma>
            <CharacterOffsetBegin>243</CharacterOffsetBegin>
            <CharacterOffsetEnd>244</CharacterOffsetEnd>
            <POS>CD</POS>
            <NER>DATE</NER>
            <NormalizedNER>THIS P1Y INTERSECT XXXX-04-08</NormalizedNER>
            <Speaker>PER0</Speaker>
            <Timex tid="t3" type="DATE"/>
          </token>
          <token id="49">
            <word>APRIL</word>
            <lemma>APRIL</lemma>
            <CharacterOffsetBegin>245</CharacterOffsetBegin>
            <CharacterOffsetEnd>250</CharacterOffsetEnd>
            <POS>NNP</POS>
            <NER>DATE</NER>
            <NormalizedNER>THIS P1Y INTERSECT XXXX-04-08</NormalizedNER>
            <Speaker>PER0</Speaker>
            <Timex tid="t3" type="DATE"/>
          </token>
          <token id="50">
            <word>THIS</word>
            <lemma>this</lemma>
            <CharacterOffsetBegin>251</CharacterOffsetBegin>
            <CharacterOffsetEnd>255</CharacterOffsetEnd>
            <POS>DT</POS>
            <NER>DATE</NER>
            <NormalizedNER>THIS P1Y INTERSECT XXXX-04-08</NormalizedNER>
            <Speaker>PER0</Speaker>
            <Timex tid="t3" type="DATE"/>
          </token>
          <token id="51">
            <word>YEAR</word>
            <lemma>year</lemma>
            <CharacterOffsetBegin>256</CharacterOffsetBegin>
            <CharacterOffsetEnd>260</CharacterOffsetEnd>
            <POS>NN</POS>
            <NER>DATE</NER>
            <NormalizedNER>THIS P1Y INTERSECT XXXX-04-08</NormalizedNER>
            <Speaker>PER0</Speaker>
            <Timex tid="t3" type="DATE"/>
          </token>
          <token id="52">
            <word>.</word>
            <lemma>.</lemma>
            <CharacterOffsetBegin>260</CharacterOffsetBegin>
            <CharacterOffsetEnd>261</CharacterOffsetEnd>
            <POS>.</POS>
            <NER>O</NER>
            <Speaker>PER0</Speaker>
          </token>
        </tokens>
        <parse>(ROOT (NP (NP (NP (NNP LIMA)) (, ,) (NP (NP (CD 23) (NNP MAR) (CD 90)) (PRN (-LRB- -LRB-) (NP (NN EFE)) (-RRB- -RRB-)))) (: --) (NP (NP (-LRB- -LSB-) (NN TEXT)) (SBAR (-RRB- -RSB-) (S (PP (IN IN) (NP (NP (NN VIEW)) (PP (IN OF) (NP (NP (DT THE) (VBG CONTINUING) (NN WAVE)) (PP (IN OF) (NP (NP (NNS CRIMES)) (CC AND) (NP (JJ TERRORIST) (NNS ATTACKS)))))))) (, ,) (NP (DT THE) (JJ PERUVIAN) (NN GOVERNMENT) (NN TODAY)) (VP (VBD DECLARED) (NP (NP (DT A) (NN STATE)) (PP (IN OF) (NP (NP (NP (NN EMERGENCY)) (PP (IN IN) (NP (NNP LIMA)))) (CC AND) (NP (NP (DT THE) (VBG NEIGHBORING) (NN PORT)) (PP (IN OF) (NP (NNP CALLAO))))))) (S (VP (TO TO) (VP (VB SAFEGUARD) (NP (NP (DT THE) (NNS ELECTIONS)) (VP (VBN SCHEDULED) (PP (IN FOR) (NP (CD 8))) (NP-TMP (NNP APRIL))))))) (NP-TMP (DT THIS) (NN YEAR)))))) (. .))) </parse>
        <dependencies type="basic-dependencies">
          <dep type="root">
            <governor idx="0">ROOT</governor>
            <dependent idx="1">LIMA</dependent>
          </dep>
          <dep type="nummod">
            <governor idx="4">MAR</governor>
            <dependent idx="3">23</dependent>
          </dep>
          <dep type="appos">
            <governor idx="1">LIMA</governor>
            <dependent idx="4">MAR</dependent>
          </dep>
          <dep type="nummod">
            <governor idx="4">MAR</governor>
            <dependent idx="5">90</dependent>
          </dep>
          <dep type="appos">
            <governor idx="4">MAR</governor>
            <dependent idx="7">EFE</dependent>
          </dep>
          <dep type="dep">
            <governor idx="1">LIMA</governor>
            <dependent idx="11">TEXT</dependent>
          </dep>
          <dep type="case">
            <governor idx="14">VIEW</governor>
            <dependent idx="13">IN</dependent>
          </dep>
          <dep type="nmod">
            <governor idx="29">DECLARED</governor>
            <dependent idx="14">VIEW</dependent>
          </dep>
          <dep type="case">
            <governor idx="18">WAVE</governor>
            <dependent idx="15">OF</dependent>
          </dep>
          <dep type="det">
            <governor idx="18">WAVE</governor>
            <dependent idx="16">THE</dependent>
          </dep>
          <dep type="amod">
            <governor idx="18">WAVE</governor>
            <dependent idx="17">CONTINUING</dependent>
          </dep>
          <dep type="nmod">
            <governor idx="14">VIEW</governor>
            <dependent idx="18">WAVE</dependent>
          </dep>
          <dep type="case">
            <governor idx="20">CRIMES</governor>
            <dependent idx="19">OF</dependent>
          </dep>
          <dep type="nmod">
            <governor idx="18">WAVE</governor>
            <dependent idx="20">CRIMES</dependent>
          </dep>
          <dep type="cc">
            <governor idx="20">CRIMES</governor>
            <dependent idx="21">AND</dependent>
          </dep>
          <dep type="amod">
            <governor idx="23">ATTACKS</governor>
            <dependent idx="22">TERRORIST</dependent>
          </dep>
          <dep type="conj">
            <governor idx="20">CRIMES</governor>
            <dependent idx="23">ATTACKS</dependent>
          </dep>
          <dep type="det">
            <governor idx="28">TODAY</governor>
            <dependent idx="25">THE</dependent>
          </dep>
          <dep type="amod">
            <governor idx="28">TODAY</governor>
            <dependent idx="26">PERUVIAN</dependent>
          </dep>
          <dep type="compound">
            <governor idx="28">TODAY</governor>
            <dependent idx="27">GOVERNMENT</dependent>
          </dep>
          <dep type="nsubj">
            <governor idx="29">DECLARED</governor>
            <dependent idx="28">TODAY</dependent>
          </dep>
          <dep type="dep">
            <governor idx="11">TEXT</governor>
            <dependent idx="29">DECLARED</dependent>
          </dep>
          <dep type="det">
            <governor idx="31">STATE</governor>
            <dependent idx="30">A</dependent>
          </dep>
          <dep type="dobj">
            <governor idx="29">DECLARED</governor>
            <dependent idx="31">STATE</dependent>
          </dep>
          <dep type="case">
            <governor idx="33">EMERGENCY</governor>
            <dependent idx="32">OF</dependent>
          </dep>
          <dep type="nmod">
            <governor idx="31">STATE</governor>
            <dependent idx="33">EMERGENCY</dependent>
          </dep>
          <dep type="case">
            <governor idx="35">LIMA</governor>
            <dependent idx="34">IN</dependent>
          </dep>
          <dep type="nmod">
            <governor idx="33">EMERGENCY</governor>
            <dependent idx="35">LIMA</dependent>
          </dep>
          <dep type="cc">
            <governor idx="33">EMERGENCY</governor>
            <dependent idx="36">AND</dependent>
          </dep>
          <dep type="det">
            <governor idx="39">PORT</governor>
            <dependent idx="37">THE</dependent>
          </dep>
          <dep type="amod">
            <governor idx="39">PORT</governor>
            <dependent idx="38">NEIGHBORING</dependent>
          </dep>
          <dep type="conj">
            <governor idx="33">EMERGENCY</governor>
            <dependent idx="39">PORT</dependent>
          </dep>
          <dep type="case">
            <governor idx="41">CALLAO</governor>
            <dependent idx="40">OF</dependent>
          </dep>
          <dep type="nmod">
            <governor idx="39">PORT</governor>
            <dependent idx="41">CALLAO</dependent>
          </dep>
          <dep type="mark">
            <governor idx="43">SAFEGUARD</governor>
            <dependent idx="42">TO</dependent>
          </dep>
          <dep type="advcl">
            <governor idx="29">DECLARED</governor>
            <dependent idx="43">SAFEGUARD</dependent>
          </dep>
          <dep type="det">
            <governor idx="45">ELECTIONS</governor>
            <dependent idx="44">THE</dependent>
          </dep>
          <dep type="dobj">
            <governor idx="43">SAFEGUARD</governor>
            <dependent idx="45">ELECTIONS</dependent>
          </dep>
          <dep type="acl">
            <governor idx="45">ELECTIONS</governor>
            <dependent idx="46">SCHEDULED</dependent>
          </dep>
          <dep type="case">
            <governor idx="48">8</governor>
            <dependent idx="47">FOR</dependent>
          </dep>
          <dep type="nmod">
            <governor idx="46">SCHEDULED</governor>
            <dependent idx="48">8</dependent>
          </dep>
          <dep type="nmod:tmod">
            <governor idx="46">SCHEDULED</governor>
            <dependent idx="49">APRIL</dependent>
          </dep>
          <dep type="det">
            <governor idx="51">YEAR</governor>
            <dependent idx="50">THIS</dependent>
          </dep>
          <dep type="nmod:tmod">
            <governor idx="29">DECLARED</governor>
            <dependent idx="51">YEAR</dependent>
          </dep>
        </dependencies>
        <dependencies type="collapsed-dependencies">
          <dep type="root">
            <governor idx="0">ROOT</governor>
            <dependent idx="1">LIMA</dependent>
          </dep>
          <dep type="nummod">
            <governor idx="4">MAR</governor>
            <dependent idx="3">23</dependent>
          </dep>
          <dep type="appos">
            <governor idx="1">LIMA</governor>
            <dependent idx="4">MAR</dependent>
          </dep>
          <dep type="nummod">
            <governor idx="4">MAR</governor>
            <dependent idx="5">90</dependent>
          </dep>
          <dep type="appos">
            <governor idx="4">MAR</governor>
            <dependent idx="7">EFE</dependent>
          </dep>
          <dep type="dep">
            <governor idx="1">LIMA</governor>
            <dependent idx="11">TEXT</dependent>
          </dep>
          <dep type="case">
            <governor idx="14">VIEW</governor>
            <dependent idx="13">IN</dependent>
          </dep>
          <dep type="nmod:in">
            <governor idx="29">DECLARED</governor>
            <dependent idx="14">VIEW</dependent>
          </dep>
          <dep type="case">
            <governor idx="18">WAVE</governor>
            <dependent idx="15">OF</dependent>
          </dep>
          <dep type="det">
            <governor idx="18">WAVE</governor>
            <dependent idx="16">THE</dependent>
          </dep>
          <dep type="amod">
            <governor idx="18">WAVE</governor>
            <dependent idx="17">CONTINUING</dependent>
          </dep>
          <dep type="nmod:of">
            <governor idx="14">VIEW</governor>
            <dependent idx="18">WAVE</dependent>
          </dep>
          <dep type="case">
            <governor idx="20">CRIMES</governor>
            <dependent idx="19">OF</dependent>
          </dep>
          <dep type="nmod:of">
            <governor idx="18">WAVE</governor>
            <dependent idx="20">CRIMES</dependent>
          </dep>
          <dep type="cc">
            <governor idx="20">CRIMES</governor>
            <dependent idx="21">AND</dependent>
          </dep>
          <dep type="amod">
            <governor idx="23">ATTACKS</governor>
            <dependent idx="22">TERRORIST</dependent>
          </dep>
          <dep type="conj:and">
            <governor idx="20">CRIMES</governor>
            <dependent idx="23">ATTACKS</dependent>
          </dep>
          <dep type="det">
            <governor idx="28">TODAY</governor>
            <dependent idx="25">THE</dependent>
          </dep>
          <dep type="amod">
            <governor idx="28">TODAY</governor>
            <dependent idx="26">PERUVIAN</dependent>
          </dep>
          <dep type="compound">
            <governor idx="28">TODAY</governor>
            <dependent idx="27">GOVERNMENT</dependent>
          </dep>
          <dep type="nsubj">
            <governor idx="29">DECLARED</governor>
            <dependent idx="28">TODAY</dependent>
          </dep>
          <dep type="dep">
            <governor idx="11">TEXT</governor>
            <dependent idx="29">DECLARED</dependent>
          </dep>
          <dep type="det">
            <governor idx="31">STATE</governor>
            <dependent idx="30">A</dependent>
          </dep>
          <dep type="dobj">
            <governor idx="29">DECLARED</governor>
            <dependent idx="31">STATE</dependent>
          </dep>
          <dep type="case">
            <governor idx="33">EMERGENCY</governor>
            <dependent idx="32">OF</dependent>
          </dep>
          <dep type="nmod:of">
            <governor idx="31">STATE</governor>
            <dependent idx="33">EMERGENCY</dependent>
          </dep>
          <dep type="case">
            <governor idx="35">LIMA</governor>
            <dependent idx="34">IN</dependent>
          </dep>
          <dep type="nmod:in">
            <governor idx="33">EMERGENCY</governor>
            <dependent idx="35">LIMA</dependent>
          </dep>
          <dep type="cc">
            <governor idx="33">EMERGENCY</governor>
            <dependent idx="36">AND</dependent>
          </dep>
          <dep type="det">
            <governor idx="39">PORT</governor>
            <dependent idx="37">THE</dependent>
          </dep>
          <dep type="amod">
            <governor idx="39">PORT</governor>
            <dependent idx="38">NEIGHBORING</dependent>
          </dep>
          <dep type="conj:and">
            <governor idx="33">EMERGENCY</governor>
            <dependent idx="39">PORT</dependent>
          </dep>
          <dep type="case">
            <governor idx="41">CALLAO</governor>
            <dependent idx="40">OF</dependent>
          </dep>
          <dep type="nmod:of">
            <governor idx="39">PORT</governor>
            <dependent idx="41">CALLAO</dependent>
          </dep>
          <dep type="mark">
            <governor idx="43">SAFEGUARD</governor>
            <dependent idx="42">TO</dependent>
          </dep>
          <dep type="advcl">
            <governor idx="29">DECLARED</governor>
            <dependent idx="43">SAFEGUARD</dependent>
          </dep>
          <dep type="det">
            <governor idx="45">ELECTIONS</governor>
            <dependent idx="44">THE</dependent>
          </dep>
          <dep type="dobj">
            <governor idx="43">SAFEGUARD</governor>
            <dependent idx="45">ELECTIONS</dependent>
          </dep>
          <dep type="acl">
            <governor idx="45">ELECTIONS</governor>
            <dependent idx="46">SCHEDULED</dependent>
          </dep>
          <dep type="case">
            <governor idx="48">8</governor>
            <dependent idx="47">FOR</dependent>
          </dep>
          <dep type="nmod:for">
            <governor idx="46">SCHEDULED</governor>
            <dependent idx="48">8</dependent>
          </dep>
          <dep type="nmod:tmod">
            <governor idx="46">SCHEDULED</governor>
            <dependent idx="49">APRIL</dependent>
          </dep>
          <dep type="det">
            <governor idx="51">YEAR</governor>
            <dependent idx="50">THIS</dependent>
          </dep>
          <dep type="nmod:tmod">
            <governor idx="29">DECLARED</governor>
            <dependent idx="51">YEAR</dependent>
          </dep>
        </dependencies>
        <dependencies type="collapsed-ccprocessed-dependencies">
          <dep type="root">
            <governor idx="0">ROOT</governor>
            <dependent idx="1">LIMA</dependent>
          </dep>
          <dep type="nummod">
            <governor idx="4">MAR</governor>
            <dependent idx="3">23</dependent>
          </dep>
          <dep type="appos">
            <governor idx="1">LIMA</governor>
            <dependent idx="4">MAR</dependent>
          </dep>
          <dep type="nummod">
            <governor idx="4">MAR</governor>
            <dependent idx="5">90</dependent>
          </dep>
          <dep type="appos">
            <governor idx="4">MAR</governor>
            <dependent idx="7">EFE</dependent>
          </dep>
          <dep type="dep">
            <governor idx="1">LIMA</governor>
            <dependent idx="11">TEXT</dependent>
          </dep>
          <dep type="case">
            <governor idx="14">VIEW</governor>
            <dependent idx="13">IN</dependent>
          </dep>
          <dep type="nmod:in">
            <governor idx="29">DECLARED</governor>
            <dependent idx="14">VIEW</dependent>
          </dep>
          <dep type="case">
            <governor idx="18">WAVE</governor>
            <dependent idx="15">OF</dependent>
          </dep>
          <dep type="det">
            <governor idx="18">WAVE</governor>
            <dependent idx="16">THE</dependent>
          </dep>
          <dep type="amod">
            <governor idx="18">WAVE</governor>
            <dependent idx="17">CONTINUING</dependent>
          </dep>
          <dep type="nmod:of">
            <governor idx="14">VIEW</governor>
            <dependent idx="18">WAVE</dependent>
          </dep>
          <dep type="case">
            <governor idx="20">CRIMES</governor>
            <dependent idx="19">OF</dependent>
          </dep>
          <dep type="nmod:of">
            <governor idx="18">WAVE</governor>
            <dependent idx="20">CRIMES</dependent>
          </dep>
          <dep type="cc">
            <governor idx="20">CRIMES</governor>
            <dependent idx="21">AND</dependent>
          </dep>
          <dep type="amod">
            <governor idx="23">ATTACKS</governor>
            <dependent idx="22">TERRORIST</dependent>
          </dep>
          <dep type="nmod:of" extra="true">
            <governor idx="18">WAVE</governor>
            <dependent idx="23">ATTACKS</dependent>
          </dep>
          <dep type="conj:and">
            <governor idx="20">CRIMES</governor>
            <dependent idx="23">ATTACKS</dependent>
          </dep>
          <dep type="det">
            <governor idx="28">TODAY</governor>
            <dependent idx="25">THE</dependent>
          </dep>
          <dep type="amod">
            <governor idx="28">TODAY</governor>
            <dependent idx="26">PERUVIAN</dependent>
          </dep>
          <dep type="compound">
            <governor idx="28">TODAY</governor>
            <dependent idx="27">GOVERNMENT</dependent>
          </dep>
          <dep type="nsubj">
            <governor idx="29">DECLARED</governor>
            <dependent idx="28">TODAY</dependent>
          </dep>
          <dep type="dep">
            <governor idx="11">TEXT</governor>
            <dependent idx="29">DECLARED</dependent>
          </dep>
          <dep type="det">
            <governor idx="31">STATE</governor>
            <dependent idx="30">A</dependent>
          </dep>
          <dep type="dobj">
            <governor idx="29">DECLARED</governor>
            <dependent idx="31">STATE</dependent>
          </dep>
          <dep type="case">
            <governor idx="33">EMERGENCY</governor>
            <dependent idx="32">OF</dependent>
          </dep>
          <dep type="nmod:of">
            <governor idx="31">STATE</governor>
            <dependent idx="33">EMERGENCY</dependent>
          </dep>
          <dep type="case">
            <governor idx="35">LIMA</governor>
            <dependent idx="34">IN</dependent>
          </dep>
          <dep type="nmod:in">
            <governor idx="33">EMERGENCY</governor>
            <dependent idx="35">LIMA</dependent>
          </dep>
          <dep type="cc">
            <governor idx="33">EMERGENCY</governor>
            <dependent idx="36">AND</dependent>
          </dep>
          <dep type="det">
            <governor idx="39">PORT</governor>
            <dependent idx="37">THE</dependent>
          </dep>
          <dep type="amod">
            <governor idx="39">PORT</governor>
            <dependent idx="38">NEIGHBORING</dependent>
          </dep>
          <dep type="nmod:of" extra="true">
            <governor idx="31">STATE</governor>
            <dependent idx="39">PORT</dependent>
          </dep>
          <dep type="conj:and">
            <governor idx="33">EMERGENCY</governor>
            <dependent idx="39">PORT</dependent>
          </dep>
          <dep type="case">
            <governor idx="41">CALLAO</governor>
            <dependent idx="40">OF</dependent>
          </dep>
          <dep type="nmod:of">
            <governor idx="39">PORT</governor>
            <dependent idx="41">CALLAO</dependent>
          </dep>
          <dep type="mark">
            <governor idx="43">SAFEGUARD</governor>
            <dependent idx="42">TO</dependent>
          </dep>
          <dep type="advcl">
            <governor idx="29">DECLARED</governor>
            <dependent idx="43">SAFEGUARD</dependent>
          </dep>
          <dep type="det">
            <governor idx="45">ELECTIONS</governor>
            <dependent idx="44">THE</dependent>
          </dep>
          <dep type="dobj">
            <governor idx="43">SAFEGUARD</governor>
            <dependent idx="45">ELECTIONS</dependent>
          </dep>
          <dep type="acl">
            <governor idx="45">ELECTIONS</governor>
            <dependent idx="46">SCHEDULED</dependent>
          </dep>
          <dep type="case">
            <governor idx="48">8</governor>
            <dependent idx="47">FOR</dependent>
          </dep>
          <dep type="nmod:for">
            <governor idx="46">SCHEDULED</governor>
            <dependent idx="48">8</dependent>
          </dep>
          <dep type="nmod:tmod">
            <governor idx="46">SCHEDULED</governor>
            <dependent idx="49">APRIL</dependent>
          </dep>
          <dep type="det">
            <governor idx="51">YEAR</governor>
            <dependent idx="50">THIS</dependent>
          </dep>
          <dep type="nmod:tmod">
            <governor idx="29">DECLARED</governor>
            <dependent idx="51">YEAR</dependent>
          </dep>
        </dependencies>
      </sentence>
      <sentence id="2">
        <tokens>
          <token id="1">
            <word>THE</word>
            <lemma>the</lemma>
            <CharacterOffsetBegin>266</CharacterOffsetBegin>
            <CharacterOffsetEnd>269</CharacterOffsetEnd>
            <POS>DT</POS>
            <NER>O</NER>
            <Speaker>PER0</Speaker>
          </token>
          <token id="2">
            <word>INTERIOR</word>
            <lemma>INTERIOR</lemma>
            <CharacterOffsetBegin>270</CharacterOffsetBegin>
            <CharacterOffsetEnd>278</CharacterOffsetEnd>
            <POS>NNP</POS>
            <NER>ORGANIZATION</NER>
            <Speaker>PER0</Speaker>
          </token>
          <token id="3">
            <word>MINISTRY</word>
            <lemma>MINISTRY</lemma>
            <CharacterOffsetBegin>279</CharacterOffsetBegin>
            <CharacterOffsetEnd>287</CharacterOffsetEnd>
            <POS>NNP</POS>
            <NER>ORGANIZATION</NER>
            <Speaker>PER0</Speaker>
          </token>
          <token id="4">
            <word>HAS</word>
            <lemma>have</lemma>
            <CharacterOffsetBegin>288</CharacterOffsetBegin>
            <CharacterOffsetEnd>291</CharacterOffsetEnd>
            <POS>VBZ</POS>
            <NER>O</NER>
            <Speaker>PER0</Speaker>
          </token>
          <token id="5">
            <word>ISSUED</word>
            <lemma>issue</lemma>
            <CharacterOffsetBegin>292</CharacterOffsetBegin>
            <CharacterOffsetEnd>298</CharacterOffsetEnd>
            <POS>VBN</POS>
            <NER>O</NER>
            <Speaker>PER0</Speaker>
          </token>
          <token id="6">
            <word>A</word>
            <lemma>a</lemma>
            <CharacterOffsetBegin>299</CharacterOffsetBegin>
            <CharacterOffsetEnd>300</CharacterOffsetEnd>
            <POS>DT</POS>
            <NER>O</NER>
            <Speaker>PER0</Speaker>
          </token>
          <token id="7">
            <word>COMMUNIQUE</word>
            <lemma>communique</lemma>
            <CharacterOffsetBegin>301</CharacterOffsetBegin>
            <CharacterOffsetEnd>311</CharacterOffsetEnd>
            <POS>NN</POS>
            <NER>O</NER>
            <Speaker>PER0</Speaker>
          </token>
          <token id="8">
            <word>ANNOUNCING</word>
            <lemma>announce</lemma>
            <CharacterOffsetBegin>312</CharacterOffsetBegin>
            <CharacterOffsetEnd>322</CharacterOffsetEnd>
            <POS>VBG</POS>
            <NER>O</NER>
            <Speaker>PER0</Speaker>
          </token>
          <token id="9">
            <word>THAT</word>
            <lemma>that</lemma>
            <CharacterOffsetBegin>323</CharacterOffsetBegin>
            <CharacterOffsetEnd>327</CharacterOffsetEnd>
            <POS>IN</POS>
            <NER>O</NER>
            <Speaker>PER0</Speaker>
          </token>
          <token id="10">
            <word>POLICE</word>
            <lemma>police</lemma>
            <CharacterOffsetBegin>328</CharacterOffsetBegin>
            <CharacterOffsetEnd>334</CharacterOffsetEnd>
            <POS>NN</POS>
            <NER>O</NER>
            <Speaker>PER0</Speaker>
          </token>
          <token id="11">
            <word>FORCES</word>
            <lemma>force</lemma>
            <CharacterOffsetBegin>335</CharacterOffsetBegin>
            <CharacterOffsetEnd>341</CharacterOffsetEnd>
            <POS>NNS</POS>
            <NER>O</NER>
            <Speaker>PER0</Speaker>
          </token>
          <token id="12">
            <word>THROUGHOUT</word>
            <lemma>throughout</lemma>
            <CharacterOffsetBegin>342</CharacterOffsetBegin>
            <CharacterOffsetEnd>352</CharacterOffsetEnd>
            <POS>IN</POS>
            <NER>O</NER>
            <Speaker>PER0</Speaker>
          </token>
          <token id="13">
            <word>THE</word>
            <lemma>the</lemma>
            <CharacterOffsetBegin>353</CharacterOffsetBegin>
            <CharacterOffsetEnd>356</CharacterOffsetEnd>
            <POS>DT</POS>
            <NER>O</NER>
            <Speaker>PER0</Speaker>
          </token>
          <token id="14">
            <word>COUNTRY</word>
            <lemma>country</lemma>
            <CharacterOffsetBegin>357</CharacterOffsetBegin>
            <CharacterOffsetEnd>364</CharacterOffsetEnd>
            <POS>NN</POS>
            <NER>O</NER>
            <Speaker>PER0</Speaker>
          </token>
          <token id="15">
            <word>HAVE</word>
            <lemma>have</lemma>
            <CharacterOffsetBegin>365</CharacterOffsetBegin>
            <CharacterOffsetEnd>369</CharacterOffsetEnd>
            <POS>VBP</POS>
            <NER>O</NER>
            <Speaker>PER0</Speaker>
          </token>
          <token id="16">
            <word>BEEN</word>
            <lemma>be</lemma>
            <CharacterOffsetBegin>370</CharacterOffsetBegin>
            <CharacterOffsetEnd>374</CharacterOffsetEnd>
            <POS>VBN</POS>
            <NER>O</NER>
            <Speaker>PER0</Speaker>
          </token>
          <token id="17">
            <word>``</word>
            <lemma>``</lemma>
            <CharacterOffsetBegin>375</CharacterOffsetBegin>
            <CharacterOffsetEnd>376</CharacterOffsetEnd>
            <POS>``</POS>
            <NER>O</NER>
          </token>
          <token id="18">
            <word>ABSOLUTELY</word>
            <lemma>absolutely</lemma>
            <CharacterOffsetBegin>376</CharacterOffsetBegin>
            <CharacterOffsetEnd>386</CharacterOffsetEnd>
            <POS>RB</POS>
            <NER>O</NER>
            <Speaker>23</Speaker>
          </token>
          <token id="19">
            <word>FORBIDDEN</word>
            <lemma>forbid</lemma>
            <CharacterOffsetBegin>387</CharacterOffsetBegin>
            <CharacterOffsetEnd>396</CharacterOffsetEnd>
            <POS>VBN</POS>
            <NER>O</NER>
            <Speaker>23</Speaker>
          </token>
          <token id="20">
            <word>FROM</word>
            <lemma>from</lemma>
            <CharacterOffsetBegin>397</CharacterOffsetBegin>
            <CharacterOffsetEnd>401</CharacterOffsetEnd>
            <POS>IN</POS>
            <NER>O</NER>
            <Speaker>23</Speaker>
          </token>
          <token id="21">
            <word>TAKING</word>
            <lemma>take</lemma>
            <CharacterOffsetBegin>402</CharacterOffsetBegin>
            <CharacterOffsetEnd>408</CharacterOffsetEnd>
            <POS>VBG</POS>
            <NER>O</NER>
            <Speaker>23</Speaker>
          </token>
          <token id="22">
            <word>LEAVE</word>
            <lemma>leave</lemma>
            <CharacterOffsetBegin>409</CharacterOffsetBegin>
            <CharacterOffsetEnd>414</CharacterOffsetEnd>
            <POS>NN</POS>
            <NER>O</NER>
            <Speaker>23</Speaker>
          </token>
          <token id="23">
            <word>''</word>
            <lemma>''</lemma>
            <CharacterOffsetBegin>414</CharacterOffsetBegin>
            <CharacterOffsetEnd>415</CharacterOffsetEnd>
            <POS>''</POS>
            <NER>O</NER>
            <Speaker>PER0</Speaker>
          </token>
          <token id="24">
            <word>-LSB-</word>
            <lemma>-lsb-</lemma>
            <CharacterOffsetBegin>416</CharacterOffsetBegin>
            <CharacterOffsetEnd>417</CharacterOffsetEnd>
            <POS>-LRB-</POS>
            <NER>O</NER>
            <Speaker>PER0</Speaker>
          </token>
          <token id="25">
            <word>INAMOBILIDAD</word>
            <lemma>INAMOBILIDAD</lemma>
            <CharacterOffsetBegin>417</CharacterOffsetBegin>
            <CharacterOffsetEnd>429</CharacterOffsetEnd>
            <POS>NNP</POS>
            <NER>LOCATION</NER>
            <Speaker>PER0</Speaker>
          </token>
          <token id="26">
            <word>ABSOLUTA</word>
            <lemma>ABSOLUTA</lemma>
            <CharacterOffsetBegin>430</CharacterOffsetBegin>
            <CharacterOffsetEnd>438</CharacterOffsetEnd>
            <POS>NNP</POS>
            <NER>LOCATION</NER>
            <Speaker>PER0</Speaker>
          </token>
          <token id="27">
            <word>-RSB-</word>
            <lemma>-rsb-</lemma>
            <CharacterOffsetBegin>438</CharacterOffsetBegin>
            <CharacterOffsetEnd>439</CharacterOffsetEnd>
            <POS>-RRB-</POS>
            <NER>O</NER>
            <Speaker>PER0</Speaker>
          </token>
          <token id="28">
            <word>TO</word>
            <lemma>to</lemma>
            <CharacterOffsetBegin>440</CharacterOffsetBegin>
            <CharacterOffsetEnd>442</CharacterOffsetEnd>
            <POS>TO</POS>
            <NER>O</NER>
            <Speaker>PER0</Speaker>
          </token>
          <token id="29">
            <word>PROTECT</word>
            <lemma>protect</lemma>
            <CharacterOffsetBegin>443</CharacterOffsetBegin>
            <CharacterOffsetEnd>450</CharacterOffsetEnd>
            <POS>VB</POS>
            <NER>O</NER>
            <Speaker>PER0</Speaker>
          </token>
          <token id="30">
            <word>POLITICAL</word>
            <lemma>political</lemma>
            <CharacterOffsetBegin>451</CharacterOffsetBegin>
            <CharacterOffsetEnd>460</CharacterOffsetEnd>
            <POS>JJ</POS>
            <NER>O</NER>
            <Speaker>PER0</Speaker>
          </token>
          <token id="31">
            <word>CANDIDATES</word>
            <lemma>candidate</lemma>
            <CharacterOffsetBegin>461</CharacterOffsetBegin>
            <CharacterOffsetEnd>471</CharacterOffsetEnd>
            <POS>NNS</POS>
            <NER>O</NER>
            <Speaker>PER0</Speaker>
          </token>
          <token id="32">
            <word>AND</word>
            <lemma>and</lemma>
            <CharacterOffsetBegin>472</CharacterOffsetBegin>
            <CharacterOffsetEnd>475</CharacterOffsetEnd>
            <POS>CC</POS>
            <NER>O</NER>
            <Speaker>PER0</Speaker>
          </token>
          <token id="33">
            <word>CITIZENS</word>
            <lemma>citizen</lemma>
            <CharacterOffsetBegin>476</CharacterOffsetBegin>
            <CharacterOffsetEnd>484</CharacterOffsetEnd>
            <POS>NNS</POS>
            <NER>O</NER>
            <Speaker>PER0</Speaker>
          </token>
          <token id="34">
            <word>IN</word>
            <lemma>in</lemma>
            <CharacterOffsetBegin>485</CharacterOffsetBegin>
            <CharacterOffsetEnd>487</CharacterOffsetEnd>
            <POS>IN</POS>
            <NER>O</NER>
            <Speaker>PER0</Speaker>
          </token>
          <token id="35">
            <word>GENERAL</word>
            <lemma>general</lemma>
            <CharacterOffsetBegin>488</CharacterOffsetBegin>
            <CharacterOffsetEnd>495</CharacterOffsetEnd>
            <POS>JJ</POS>
            <NER>O</NER>
            <Speaker>PER0</Speaker>
          </token>
          <token id="36">
            <word>.</word>
            <lemma>.</lemma>
            <CharacterOffsetBegin>495</CharacterOffsetBegin>
            <CharacterOffsetEnd>496</CharacterOffsetEnd>
            <POS>.</POS>
            <NER>O</NER>
            <Speaker>PER0</Speaker>
          </token>
        </tokens>
        <parse>(ROOT (S (NP (DT THE) (NNP INTERIOR) (NNP MINISTRY)) (VP (VBZ HAS) (VP (VBN ISSUED) (NP (NP (DT A) (NN COMMUNIQUE)) (VP (VBG ANNOUNCING) (SBAR (IN THAT) (S (NP (NP (NN POLICE) (NNS FORCES)) (PP (IN THROUGHOUT) (NP (DT THE) (NN COUNTRY)))) (VP (VBP HAVE) (VP (VBN BEEN) (`` ``) (VP (ADVP (RB ABSOLUTELY)) (VBN FORBIDDEN) (PP (IN FROM) (S (VP (VBG TAKING) (NP (NN LEAVE)))))))))) ('' '') (PP (-LRB- -LSB-) (NP (NNP INAMOBILIDAD) (NNP ABSOLUTA))) (-RRB- -RSB-) (S (VP (TO TO) (VP (VB PROTECT) (NP (JJ POLITICAL) (NNS CANDIDATES) (CC AND) (NNS CITIZENS)) (PP (IN IN) (ADJP (JJ GENERAL)))))))))) (. .))) </parse>
        <dependencies type="basic-dependencies">
          <dep type="root">
            <governor idx="0">ROOT</governor>
            <dependent idx="5">ISSUED</dependent>
          </dep>
          <dep type="det">
            <governor idx="3">MINISTRY</governor>
            <dependent idx="1">THE</dependent>
          </dep>
          <dep type="compound">
            <governor idx="3">MINISTRY</governor>
            <dependent idx="2">INTERIOR</dependent>
          </dep>
          <dep type="nsubj">
            <governor idx="5">ISSUED</governor>
            <dependent idx="3">MINISTRY</dependent>
          </dep>
          <dep type="aux">
            <governor idx="5">ISSUED</governor>
            <dependent idx="4">HAS</dependent>
          </dep>
          <dep type="det">
            <governor idx="7">COMMUNIQUE</governor>
            <dependent idx="6">A</dependent>
          </dep>
          <dep type="dobj">
            <governor idx="5">ISSUED</governor>
            <dependent idx="7">COMMUNIQUE</dependent>
          </dep>
          <dep type="acl">
            <governor idx="7">COMMUNIQUE</governor>
            <dependent idx="8">ANNOUNCING</dependent>
          </dep>
          <dep type="mark">
            <governor idx="19">FORBIDDEN</governor>
            <dependent idx="9">THAT</dependent>
          </dep>
          <dep type="compound">
            <governor idx="11">FORCES</governor>
            <dependent idx="10">POLICE</dependent>
          </dep>
          <dep type="nsubjpass">
            <governor idx="19">FORBIDDEN</governor>
            <dependent idx="11">FORCES</dependent>
          </dep>
          <dep type="case">
            <governor idx="14">COUNTRY</governor>
            <dependent idx="12">THROUGHOUT</dependent>
          </dep>
          <dep type="det">
            <governor idx="14">COUNTRY</governor>
            <dependent idx="13">THE</dependent>
          </dep>
          <dep type="nmod">
            <governor idx="11">FORCES</governor>
            <dependent idx="14">COUNTRY</dependent>
          </dep>
          <dep type="aux">
            <governor idx="19">FORBIDDEN</governor>
            <dependent idx="15">HAVE</dependent>
          </dep>
          <dep type="auxpass">
            <governor idx="19">FORBIDDEN</governor>
            <dependent idx="16">BEEN</dependent>
          </dep>
          <dep type="advmod">
            <governor idx="19">FORBIDDEN</governor>
            <dependent idx="18">ABSOLUTELY</dependent>
          </dep>
          <dep type="ccomp">
            <governor idx="8">ANNOUNCING</governor>
            <dependent idx="19">FORBIDDEN</dependent>
          </dep>
          <dep type="mark">
            <governor idx="21">TAKING</governor>
            <dependent idx="20">FROM</dependent>
          </dep>
          <dep type="advcl">
            <governor idx="19">FORBIDDEN</governor>
            <dependent idx="21">TAKING</dependent>
          </dep>
          <dep type="dobj">
            <governor idx="21">TAKING</governor>
            <dependent idx="22">LEAVE</dependent>
          </dep>
          <dep type="compound">
            <governor idx="26">ABSOLUTA</governor>
            <dependent idx="25">INAMOBILIDAD</dependent>
          </dep>
          <dep type="nmod">
            <governor idx="8">ANNOUNCING</governor>
            <dependent idx="26">ABSOLUTA</dependent>
          </dep>
          <dep type="mark">
            <governor idx="29">PROTECT</governor>
            <dependent idx="28">TO</dependent>
          </dep>
          <dep type="xcomp">
            <governor idx="8">ANNOUNCING</governor>
            <dependent idx="29">PROTECT</dependent>
          </dep>
          <dep type="amod">
            <governor idx="31">CANDIDATES</governor>
            <dependent idx="30">POLITICAL</dependent>
          </dep>
          <dep type="dobj">
            <governor idx="29">PROTECT</governor>
            <dependent idx="31">CANDIDATES</dependent>
          </dep>
          <dep type="cc">
            <governor idx="31">CANDIDATES</governor>
            <dependent idx="32">AND</dependent>
          </dep>
          <dep type="conj">
            <governor idx="31">CANDIDATES</governor>
            <dependent idx="33">CITIZENS</dependent>
          </dep>
          <dep type="case">
            <governor idx="35">GENERAL</governor>
            <dependent idx="34">IN</dependent>
          </dep>
          <dep type="advcl">
            <governor idx="29">PROTECT</governor>
            <dependent idx="35">GENERAL</dependent>
          </dep>
        </dependencies>
        <dependencies type="collapsed-dependencies">
          <dep type="root">
            <governor idx="0">ROOT</governor>
            <dependent idx="5">ISSUED</dependent>
          </dep>
          <dep type="det">
            <governor idx="3">MINISTRY</governor>
            <dependent idx="1">THE</dependent>
          </dep>
          <dep type="compound">
            <governor idx="3">MINISTRY</governor>
            <dependent idx="2">INTERIOR</dependent>
          </dep>
          <dep type="nsubj">
            <governor idx="5">ISSUED</governor>
            <dependent idx="3">MINISTRY</dependent>
          </dep>
          <dep type="aux">
            <governor idx="5">ISSUED</governor>
            <dependent idx="4">HAS</dependent>
          </dep>
          <dep type="det">
            <governor idx="7">COMMUNIQUE</governor>
            <dependent idx="6">A</dependent>
          </dep>
          <dep type="dobj">
            <governor idx="5">ISSUED</governor>
            <dependent idx="7">COMMUNIQUE</dependent>
          </dep>
          <dep type="acl">
            <governor idx="7">COMMUNIQUE</governor>
            <dependent idx="8">ANNOUNCING</dependent>
          </dep>
          <dep type="mark">
            <governor idx="19">FORBIDDEN</governor>
            <dependent idx="9">THAT</dependent>
          </dep>
          <dep type="compound">
            <governor idx="11">FORCES</governor>
            <dependent idx="10">POLICE</dependent>
          </dep>
          <dep type="nsubjpass">
            <governor idx="19">FORBIDDEN</governor>
            <dependent idx="11">FORCES</dependent>
          </dep>
          <dep type="case">
            <governor idx="14">COUNTRY</governor>
            <dependent idx="12">THROUGHOUT</dependent>
          </dep>
          <dep type="det">
            <governor idx="14">COUNTRY</governor>
            <dependent idx="13">THE</dependent>
          </dep>
          <dep type="nmod:throughout">
            <governor idx="11">FORCES</governor>
            <dependent idx="14">COUNTRY</dependent>
          </dep>
          <dep type="aux">
            <governor idx="19">FORBIDDEN</governor>
            <dependent idx="15">HAVE</dependent>
          </dep>
          <dep type="auxpass">
            <governor idx="19">FORBIDDEN</governor>
            <dependent idx="16">BEEN</dependent>
          </dep>
          <dep type="advmod">
            <governor idx="19">FORBIDDEN</governor>
            <dependent idx="18">ABSOLUTELY</dependent>
          </dep>
          <dep type="ccomp">
            <governor idx="8">ANNOUNCING</governor>
            <dependent idx="19">FORBIDDEN</dependent>
          </dep>
          <dep type="mark">
            <governor idx="21">TAKING</governor>
            <dependent idx="20">FROM</dependent>
          </dep>
          <dep type="advcl">
            <governor idx="19">FORBIDDEN</governor>
            <dependent idx="21">TAKING</dependent>
          </dep>
          <dep type="dobj">
            <governor idx="21">TAKING</governor>
            <dependent idx="22">LEAVE</dependent>
          </dep>
          <dep type="compound">
            <governor idx="26">ABSOLUTA</governor>
            <dependent idx="25">INAMOBILIDAD</dependent>
          </dep>
          <dep type="nmod">
            <governor idx="8">ANNOUNCING</governor>
            <dependent idx="26">ABSOLUTA</dependent>
          </dep>
          <dep type="mark">
            <governor idx="29">PROTECT</governor>
            <dependent idx="28">TO</dependent>
          </dep>
          <dep type="xcomp">
            <governor idx="8">ANNOUNCING</governor>
            <dependent idx="29">PROTECT</dependent>
          </dep>
          <dep type="amod">
            <governor idx="31">CANDIDATES</governor>
            <dependent idx="30">POLITICAL</dependent>
          </dep>
          <dep type="dobj">
            <governor idx="29">PROTECT</governor>
            <dependent idx="31">CANDIDATES</dependent>
          </dep>
          <dep type="cc">
            <governor idx="31">CANDIDATES</governor>
            <dependent idx="32">AND</dependent>
          </dep>
          <dep type="conj:and">
            <governor idx="31">CANDIDATES</governor>
            <dependent idx="33">CITIZENS</dependent>
          </dep>
          <dep type="case">
            <governor idx="35">GENERAL</governor>
            <dependent idx="34">IN</dependent>
          </dep>
          <dep type="advcl:in">
            <governor idx="29">PROTECT</governor>
            <dependent idx="35">GENERAL</dependent>
          </dep>
        </dependencies>
        <dependencies type="collapsed-ccprocessed-dependencies">
          <dep type="root">
            <governor idx="0">ROOT</governor>
            <dependent idx="5">ISSUED</dependent>
          </dep>
          <dep type="det">
            <governor idx="3">MINISTRY</governor>
            <dependent idx="1">THE</dependent>
          </dep>
          <dep type="compound">
            <governor idx="3">MINISTRY</governor>
            <dependent idx="2">INTERIOR</dependent>
          </dep>
          <dep type="nsubj">
            <governor idx="5">ISSUED</governor>
            <dependent idx="3">MINISTRY</dependent>
          </dep>
          <dep type="aux">
            <governor idx="5">ISSUED</governor>
            <dependent idx="4">HAS</dependent>
          </dep>
          <dep type="det">
            <governor idx="7">COMMUNIQUE</governor>
            <dependent idx="6">A</dependent>
          </dep>
          <dep type="dobj">
            <governor idx="5">ISSUED</governor>
            <dependent idx="7">COMMUNIQUE</dependent>
          </dep>
          <dep type="acl">
            <governor idx="7">COMMUNIQUE</governor>
            <dependent idx="8">ANNOUNCING</dependent>
          </dep>
          <dep type="mark">
            <governor idx="19">FORBIDDEN</governor>
            <dependent idx="9">THAT</dependent>
          </dep>
          <dep type="compound">
            <governor idx="11">FORCES</governor>
            <dependent idx="10">POLICE</dependent>
          </dep>
          <dep type="nsubjpass">
            <governor idx="19">FORBIDDEN</governor>
            <dependent idx="11">FORCES</dependent>
          </dep>
          <dep type="case">
            <governor idx="14">COUNTRY</governor>
            <dependent idx="12">THROUGHOUT</dependent>
          </dep>
          <dep type="det">
            <governor idx="14">COUNTRY</governor>
            <dependent idx="13">THE</dependent>
          </dep>
          <dep type="nmod:throughout">
            <governor idx="11">FORCES</governor>
            <dependent idx="14">COUNTRY</dependent>
          </dep>
          <dep type="aux">
            <governor idx="19">FORBIDDEN</governor>
            <dependent idx="15">HAVE</dependent>
          </dep>
          <dep type="auxpass">
            <governor idx="19">FORBIDDEN</governor>
            <dependent idx="16">BEEN</dependent>
          </dep>
          <dep type="advmod">
            <governor idx="19">FORBIDDEN</governor>
            <dependent idx="18">ABSOLUTELY</dependent>
          </dep>
          <dep type="ccomp">
            <governor idx="8">ANNOUNCING</governor>
            <dependent idx="19">FORBIDDEN</dependent>
          </dep>
          <dep type="mark">
            <governor idx="21">TAKING</governor>
            <dependent idx="20">FROM</dependent>
          </dep>
          <dep type="advcl">
            <governor idx="19">FORBIDDEN</governor>
            <dependent idx="21">TAKING</dependent>
          </dep>
          <dep type="dobj">
            <governor idx="21">TAKING</governor>
            <dependent idx="22">LEAVE</dependent>
          </dep>
          <dep type="compound">
            <governor idx="26">ABSOLUTA</governor>
            <dependent idx="25">INAMOBILIDAD</dependent>
          </dep>
          <dep type="nmod">
            <governor idx="8">ANNOUNCING</governor>
            <dependent idx="26">ABSOLUTA</dependent>
          </dep>
          <dep type="mark">
            <governor idx="29">PROTECT</governor>
            <dependent idx="28">TO</dependent>
          </dep>
          <dep type="xcomp">
            <governor idx="8">ANNOUNCING</governor>
            <dependent idx="29">PROTECT</dependent>
          </dep>
          <dep type="amod">
            <governor idx="31">CANDIDATES</governor>
            <dependent idx="30">POLITICAL</dependent>
          </dep>
          <dep type="dobj">
            <governor idx="29">PROTECT</governor>
            <dependent idx="31">CANDIDATES</dependent>
          </dep>
          <dep type="cc">
            <governor idx="31">CANDIDATES</governor>
            <dependent idx="32">AND</dependent>
          </dep>
          <dep type="dobj" extra="true">
            <governor idx="29">PROTECT</governor>
            <dependent idx="33">CITIZENS</dependent>
          </dep>
          <dep type="conj:and">
            <governor idx="31">CANDIDATES</governor>
            <dependent idx="33">CITIZENS</dependent>
          </dep>
          <dep type="case">
            <governor idx="35">GENERAL</governor>
            <dependent idx="34">IN</dependent>
          </dep>
          <dep type="advcl:in">
            <governor idx="29">PROTECT</governor>
            <dependent idx="35">GENERAL</dependent>
          </dep>
        </dependencies>
      </sentence>
    </sentences>
    <coreference>
      <coreference>
        <mention representative="true">
          <sentence>1</sentence>
          <start>1</start>
          <end>2</end>
          <head>1</head>
          <text>LIMA</text>
        </mention>
        <mention>
          <sentence>1</sentence>
          <start>35</start>
          <end>36</end>
          <head>35</head>
          <text>LIMA</text>
        </mention>
      </coreference>
    </coreference>
  </document>
</root>
