<?xml version="1.0" encoding="ASCII"?>
<?xml-stylesheet href="CoreNLP-to-HTML.xsl" type="text/xsl"?>
<root>
  <document>
    <sentences>
      <sentence id="1">
        <tokens>
          <token id="1">
            <word>BOGOTA</word>
            <lemma>BOGOTA</lemma>
            <CharacterOffsetBegin>3</CharacterOffsetBegin>
            <CharacterOffsetEnd>9</CharacterOffsetEnd>
            <POS>NNP</POS>
            <NER>LOCATION</NER>
            <Speaker>PER0</Speaker>
          </token>
          <token id="2">
            <word>,</word>
            <lemma>,</lemma>
            <CharacterOffsetBegin>9</CharacterOffsetBegin>
            <CharacterOffsetEnd>10</CharacterOffsetEnd>
            <POS>,</POS>
            <NER>O</NER>
            <Speaker>PER0</Speaker>
          </token>
          <token id="3">
            <word>29</word>
            <lemma>29</lemma>
            <CharacterOffsetBegin>11</CharacterOffsetBegin>
            <CharacterOffsetEnd>13</CharacterOffsetEnd>
            <POS>CD</POS>
            <NER>DATE</NER>
            <NormalizedNER>XXXX-04-29</NormalizedNER>
            <Speaker>PER0</Speaker>
            <Timex tid="t1" type="DATE">XXXX-04-29</Timex>
          </token>
          <token id="4">
            <word>APR</word>
            <lemma>apr</lemma>
            <CharacterOffsetBegin>14</CharacterOffsetBegin>
            <CharacterOffsetEnd>17</CharacterOffsetEnd>
            <POS>NN</POS>
            <NER>DATE</NER>
            <NormalizedNER>XXXX-04-29</NormalizedNER>
            <Speaker>PER0</Speaker>
            <Timex tid="t1" type="DATE">XXXX-04-29</Timex>
          </token>
          <token id="5">
            <word>90</word>
            <lemma>90</lemma>
            <CharacterOffsetBegin>18</CharacterOffsetBegin>
            <CharacterOffsetEnd>20</CharacterOffsetEnd>
            <POS>CD</POS>
            <NER>NUMBER</NER>
            <NormalizedNER>90.0</NormalizedNER>
            <Speaker>PER0</Speaker>
          </token>
          <token id="6">
            <word>-LRB-</word>
            <lemma>-lrb-</lemma>
            <CharacterOffsetBegin>21</CharacterOffsetBegin>
            <CharacterOffsetEnd>22</CharacterOffsetEnd>
            <POS>-LRB-</POS>
            <NER>O</NER>
            <Speaker>PER0</Speaker>
          </token>
          <token id="7">
            <word>EFE</word>
            <lemma>efe</lemma>
            <CharacterOffsetBegin>22</CharacterOffsetBegin>
            <CharacterOffsetEnd>25</CharacterOffsetEnd>
            <POS>NN</POS>
            <NER>O</NER>
            <Speaker>PER0</Speaker>
          </token>
          <token id="8">
            <word>-RRB-</word>
            <lemma>-rrb-</lemma>
            <CharacterOffsetBegin>25</CharacterOffsetBegin>
            <CharacterOffsetEnd>26</CharacterOffsetEnd>
            <POS>-RRB-</POS>
            <NER>O</NER>
            <Speaker>PER0</Speaker>
          </token>
          <token id="9">
            <word>--</word>
            <lemma>--</lemma>
            <CharacterOffsetBegin>27</CharacterOffsetBegin>
            <CharacterOffsetEnd>29</CharacterOffsetEnd>
            <POS>:</POS>
            <NER>O</NER>
            <Speaker>PER0</Speaker>
          </token>
          <token id="10">
            <word>-LSB-</word>
            <lemma>-lsb-</lemma>
            <CharacterOffsetBegin>30</CharacterOffsetBegin>
            <CharacterOffsetEnd>31</CharacterOffsetEnd>
            <POS>-LRB-</POS>
            <NER>O</NER>
            <Speaker>PER0</Speaker>
          </token>
          <token id="11">
            <word>TEXT</word>
            <lemma>text</lemma>
            <CharacterOffsetBegin>31</CharacterOffsetBegin>
            <CharacterOffsetEnd>35</CharacterOffsetEnd>
            <POS>NN</POS>
            <NER>O</NER>
            <Speaker>PER0</Speaker>
          </token>
          <token id="12">
            <word>-RSB-</word>
            <lemma>-rsb-</lemma>
            <CharacterOffsetBegin>35</CharacterOffsetBegin>
            <CharacterOffsetEnd>36</CharacterOffsetEnd>
            <POS>-RRB-</POS>
            <NER>O</NER>
            <Speaker>PER0</Speaker>
          </token>
          <token id="13">
            <word>ANTONIO</word>
            <lemma>ANTONIO</lemma>
            <CharacterOffsetBegin>37</CharacterOffsetBegin>
            <CharacterOffsetEnd>44</CharacterOffsetEnd>
            <POS>NNP</POS>
            <NER>PERSON</NER>
            <Speaker>PER0</Speaker>
          </token>
          <token id="14">
            <word>NAVARRO</word>
            <lemma>NAVARRO</lemma>
            <CharacterOffsetBegin>45</CharacterOffsetBegin>
            <CharacterOffsetEnd>52</CharacterOffsetEnd>
            <POS>NNP</POS>
            <NER>PERSON</NER>
            <Speaker>PER0</Speaker>
          </token>
          <token id="15">
            <word>WOLFF</word>
            <lemma>WOLFF</lemma>
            <CharacterOffsetBegin>53</CharacterOffsetBegin>
            <CharacterOffsetEnd>58</CharacterOffsetEnd>
            <POS>NNP</POS>
            <NER>PERSON</NER>
            <Speaker>PER0</Speaker>
          </token>
          <token id="16">
            <word>,</word>
            <lemma>,</lemma>
            <CharacterOffsetBegin>58</CharacterOffsetBegin>
            <CharacterOffsetEnd>59</CharacterOffsetEnd>
            <POS>,</POS>
            <NER>O</NER>
            <Speaker>PER0</Speaker>
          </token>
          <token id="17">
            <word>WHO</word>
            <lemma>who</lemma>
            <CharacterOffsetBegin>60</CharacterOffsetBegin>
            <CharacterOffsetEnd>63</CharacterOffsetEnd>
            <POS>WP</POS>
            <NER>O</NER>
            <Speaker>PER0</Speaker>
          </token>
          <token id="18">
            <word>HAD</word>
            <lemma>have</lemma>
            <CharacterOffsetBegin>64</CharacterOffsetBegin>
            <CharacterOffsetEnd>67</CharacterOffsetEnd>
            <POS>VBD</POS>
            <NER>O</NER>
            <Speaker>PER0</Speaker>
          </token>
          <token id="19">
            <word>BEEN</word>
            <lemma>be</lemma>
            <CharacterOffsetBegin>68</CharacterOffsetBegin>
            <CharacterOffsetEnd>72</CharacterOffsetEnd>
            <POS>VBN</POS>
            <NER>O</NER>
            <Speaker>PER0</Speaker>
          </token>
          <token id="20">
            <word>THE</word>
            <lemma>the</lemma>
            <CharacterOffsetBegin>73</CharacterOffsetBegin>
            <CharacterOffsetEnd>76</CharacterOffsetEnd>
            <POS>DT</POS>
            <NER>O</NER>
            <Speaker>PER0</Speaker>
          </token>
          <token id="21">
            <word>NUMBER</word>
            <lemma>number</lemma>
            <CharacterOffsetBegin>77</CharacterOffsetBegin>
            <CharacterOffsetEnd>83</CharacterOffsetEnd>
            <POS>NN</POS>
            <NER>O</NER>
            <Speaker>PER0</Speaker>
          </token>
          <token id="22">
            <word>TWO</word>
            <lemma>two</lemma>
            <CharacterOffsetBegin>84</CharacterOffsetBegin>
            <CharacterOffsetEnd>87</CharacterOffsetEnd>
            <POS>CD</POS>
            <NER>NUMBER</NER>
            <NormalizedNER>2.0</NormalizedNER>
            <Speaker>PER0</Speaker>
          </token>
          <token id="23">
            <word>MAN</word>
            <lemma>man</lemma>
            <CharacterOffsetBegin>88</CharacterOffsetBegin>
            <CharacterOffsetEnd>91</CharacterOffsetEnd>
            <POS>NN</POS>
            <NER>O</NER>
            <Speaker>PER0</Speaker>
          </token>
          <token id="24">
            <word>IN</word>
            <lemma>in</lemma>
            <CharacterOffsetBegin>92</CharacterOffsetBegin>
            <CharacterOffsetEnd>94</CharacterOffsetEnd>
            <POS>IN</POS>
            <NER>O</NER>
            <Speaker>PER0</Speaker>
          </token>
          <token id="25">
            <word>THE</word>
            <lemma>the</lemma>
            <CharacterOffsetBegin>95</CharacterOffsetBegin>
            <CharacterOffsetEnd>98</CharacterOffsetEnd>
            <POS>DT</POS>
            <NER>O</NER>
            <Speaker>PER0</Speaker>
          </token>
          <token id="26">
            <word>19</word>
            <lemma>19</lemma>
            <CharacterOffsetBegin>99</CharacterOffsetBegin>
            <CharacterOffsetEnd>101</CharacterOffsetEnd>
            <POS>CD</POS>
            <NER>DATE</NER>
            <NormalizedNER>XXXX-04-19</NormalizedNER>
            <Speaker>PER0</Speaker>
            <Timex tid="t2" type="DATE">XXXX-04-19</Timex>
          </token>
          <token id="27">
            <word>APRIL</word>
            <lemma>APRIL</lemma>
            <CharacterOffsetBegin>102</CharacterOffsetBegin>
            <CharacterOffsetEnd>107</CharacterOffsetEnd>
            <POS>NNP</POS>
            <NER>DATE</NER>
            <NormalizedNER>XXXX-04-19</NormalizedNER>
            <Speaker>PER0</Speaker>
            <Timex tid="t2" type="DATE">XXXX-04-19</Timex>
          </token>
          <token id="28">
            <word>MOVEMENT</word>
            <lemma>movement</lemma>
            <CharacterOffsetBegin>108</CharacterOffsetBegin>
            <CharacterOffsetEnd>116</CharacterOffsetEnd>
            <POS>NN</POS>
            <NER>O</NER>
            <Speaker>PER0</Speaker>
          </token>
          <token id="29">
            <word>-LRB-</word>
            <lemma>-lrb-</lemma>
            <CharacterOffsetBegin>117</CharacterOffsetBegin>
            <CharacterOffsetEnd>118</CharacterOffsetEnd>
            <POS>-LRB-</POS>
            <NER>O</NER>
            <Speaker>PER0</Speaker>
          </token>
          <token id="30">
            <word>M-19</word>
            <lemma>m-19</lemma>
            <CharacterOffsetBegin>118</CharacterOffsetBegin>
            <CharacterOffsetEnd>122</CharacterOffsetEnd>
            <POS>NN</POS>
            <NER>O</NER>
            <Speaker>PER0</Speaker>
          </token>
          <token id="31">
            <word>-RRB-</word>
            <lemma>-rrb-</lemma>
            <CharacterOffsetBegin>122</CharacterOffsetBegin>
            <CharacterOffsetEnd>123</CharacterOffsetEnd>
            <POS>-RRB-</POS>
            <NER>O</NER>
            <Speaker>PER0</Speaker>
          </token>
          <token id="32">
            <word>,</word>
            <lemma>,</lemma>
            <CharacterOffsetBegin>123</CharacterOffsetBegin>
            <CharacterOffsetEnd>124</CharacterOffsetEnd>
            <POS>,</POS>
            <NER>O</NER>
            <Speaker>PER0</Speaker>
          </token>
          <token id="33">
            <word>WAS</word>
            <lemma>be</lemma>
            <CharacterOffsetBegin>125</CharacterOffsetBegin>
            <CharacterOffsetEnd>128</CharacterOffsetEnd>
            <POS>VBD</POS>
            <NER>O</NER>
            <Speaker>PER0</Speaker>
          </token>
          <token id="34">
            <word>NOMINATED</word>
            <lemma>nominate</lemma>
            <CharacterOffsetBegin>129</CharacterOffsetBegin>
            <CharacterOffsetEnd>138</CharacterOffsetEnd>
            <POS>VBN</POS>
            <NER>O</NER>
            <Speaker>PER0</Speaker>
          </token>
          <token id="35">
            <word>TODAY</word>
            <lemma>today</lemma>
            <CharacterOffsetBegin>139</CharacterOffsetBegin>
            <CharacterOffsetEnd>144</CharacterOffsetEnd>
            <POS>NN</POS>
            <NER>DATE</NER>
            <NormalizedNER>THIS P1D</NormalizedNER>
            <Speaker>PER0</Speaker>
            <Timex tid="t3" type="DATE"/>
          </token>
          <token id="36">
            <word>AS</word>
            <lemma>as</lemma>
            <CharacterOffsetBegin>145</CharacterOffsetBegin>
            <CharacterOffsetEnd>147</CharacterOffsetEnd>
            <POS>IN</POS>
            <NER>O</NER>
            <Speaker>PER0</Speaker>
          </token>
          <token id="37">
            <word>THE</word>
            <lemma>the</lemma>
            <CharacterOffsetBegin>148</CharacterOffsetBegin>
            <CharacterOffsetEnd>151</CharacterOffsetEnd>
            <POS>DT</POS>
            <NER>O</NER>
            <Speaker>PER0</Speaker>
          </token>
          <token id="38">
            <word>NEW</word>
            <lemma>new</lemma>
            <CharacterOffsetBegin>152</CharacterOffsetBegin>
            <CharacterOffsetEnd>155</CharacterOffsetEnd>
            <POS>JJ</POS>
            <NER>O</NER>
            <Speaker>PER0</Speaker>
          </token>
          <token id="39">
            <word>PRESIDENTIAL</word>
            <lemma>presidential</lemma>
            <CharacterOffsetBegin>156</CharacterOffsetBegin>
            <CharacterOffsetEnd>168</CharacterOffsetEnd>
            <POS>JJ</POS>
            <NER>O</NER>
            <Speaker>PER0</Speaker>
          </token>
          <token id="40">
            <word>CANDIDATE</word>
            <lemma>candidate</lemma>
            <CharacterOffsetBegin>169</CharacterOffsetBegin>
            <CharacterOffsetEnd>178</CharacterOffsetEnd>
            <POS>NN</POS>
            <NER>O</NER>
            <Speaker>PER0</Speaker>
          </token>
          <token id="41">
            <word>TO</word>
            <lemma>to</lemma>
            <CharacterOffsetBegin>179</CharacterOffsetBegin>
            <CharacterOffsetEnd>181</CharacterOffsetEnd>
            <POS>TO</POS>
            <NER>O</NER>
            <Speaker>PER0</Speaker>
          </token>
          <token id="42">
            <word>REPLACE</word>
            <lemma>replace</lemma>
            <CharacterOffsetBegin>182</CharacterOffsetBegin>
            <CharacterOffsetEnd>189</CharacterOffsetEnd>
            <POS>VB</POS>
            <NER>O</NER>
            <Speaker>PER0</Speaker>
          </token>
          <token id="43">
            <word>CARLOS</word>
            <lemma>CARLOS</lemma>
            <CharacterOffsetBegin>190</CharacterOffsetBegin>
            <CharacterOffsetEnd>196</CharacterOffsetEnd>
            <POS>NNP</POS>
            <NER>PERSON</NER>
            <Speaker>PER0</Speaker>
          </token>
          <token id="44">
            <word>PIZARRO</word>
            <lemma>PIZARRO</lemma>
            <CharacterOffsetBegin>197</CharacterOffsetBegin>
            <CharacterOffsetEnd>204</CharacterOffsetEnd>
            <POS>NNP</POS>
            <NER>PERSON</NER>
            <Speaker>PER0</Speaker>
          </token>
          <token id="45">
            <word>LEONGOMEZ</word>
            <lemma>LEONGOMEZ</lemma>
            <CharacterOffsetBegin>205</CharacterOffsetBegin>
            <CharacterOffsetEnd>214</CharacterOffsetEnd>
            <POS>NNP</POS>
            <NER>PERSON</NER>
            <Speaker>PER0</Speaker>
          </token>
          <token id="46">
            <word>,</word>
            <lemma>,</lemma>
            <CharacterOffsetBegin>214</CharacterOffsetBegin>
            <CharacterOffsetEnd>215</CharacterOffsetEnd>
            <POS>,</POS>
            <NER>O</NER>
            <Speaker>PER0</Speaker>
          </token>
          <token id="47">
            <word>WHO</word>
            <lemma>who</lemma>
            <CharacterOffsetBegin>216</CharacterOffsetBegin>
            <CharacterOffsetEnd>219</CharacterOffsetEnd>
            <POS>WP</POS>
            <NER>O</NER>
            <Speaker>PER0</Speaker>
          </token>
          <token id="48">
            <word>WAS</word>
            <lemma>be</lemma>
            <CharacterOffsetBegin>220</CharacterOffsetBegin>
            <CharacterOffsetEnd>223</CharacterOffsetEnd>
            <POS>VBD</POS>
            <NER>O</NER>
            <Speaker>PER0</Speaker>
          </token>
          <token id="49">
            <word>MURDERED</word>
            <lemma>murder</lemma>
            <CharacterOffsetBegin>224</CharacterOffsetBegin>
            <CharacterOffsetEnd>232</CharacterOffsetEnd>
            <POS>VBN</POS>
            <NER>O</NER>
            <Speaker>PER0</Speaker>
          </token>
          <token id="50">
            <word>ON</word>
            <lemma>on</lemma>
            <CharacterOffsetBegin>233</CharacterOffsetBegin>
            <CharacterOffsetEnd>235</CharacterOffsetEnd>
            <POS>IN</POS>
            <NER>O</NER>
            <Speaker>PER0</Speaker>
          </token>
          <token id="51">
            <word>26</word>
            <lemma>26</lemma>
            <CharacterOffsetBegin>236</CharacterOffsetBegin>
            <CharacterOffsetEnd>238</CharacterOffsetEnd>
            <POS>CD</POS>
            <NER>DATE</NER>
            <NormalizedNER>XXXX-04-26</NormalizedNER>
            <Speaker>PER0</Speaker>
            <Timex tid="t4" type="DATE">XXXX-04-26</Timex>
          </token>
          <token id="52">
            <word>APRIL</word>
            <lemma>APRIL</lemma>
            <CharacterOffsetBegin>239</CharacterOffsetBegin>
            <CharacterOffsetEnd>244</CharacterOffsetEnd>
            <POS>NNP</POS>
            <NER>DATE</NER>
            <NormalizedNER>XXXX-04-26</NormalizedNER>
            <Speaker>PER0</Speaker>
            <Timex tid="t4" type="DATE">XXXX-04-26</Timex>
          </token>
          <token id="53">
            <word>.</word>
            <lemma>.</lemma>
            <CharacterOffsetBegin>244</CharacterOffsetBegin>
            <CharacterOffsetEnd>245</CharacterOffsetEnd>
            <POS>.</POS>
            <NER>O</NER>
            <Speaker>PER0</Speaker>
          </token>
        </tokens>
        <parse>(ROOT (S (NP (NP (NNP BOGOTA)) (, ,) (NP (NP (NP (CD 29) (NN APR)) (NP (CD 90) (-LRB- -LRB-) (NN EFE) (-RRB- -RRB-))) (: --) (NP (NP (-LRB- -LSB-) (NN TEXT)) (PP (-RRB- -RSB-) (NP (NP (NNP ANTONIO) (NNP NAVARRO) (NNP WOLFF)) (, ,) (SBAR (WHNP (WP WHO)) (S (VP (VBD HAD) (VP (VBN BEEN) (NP (NP (DT THE) (NN NUMBER) (CD TWO) (NN MAN)) (PP (IN IN) (NP (NP (DT THE) (CD 19) (NNP APRIL) (NN MOVEMENT)) (PRN (-LRB- -LRB-) (NP (NN M-19)) (-RRB- -RRB-))))))))))))) (, ,)) (VP (VBD WAS) (VP (VBN NOMINATED) (NP-TMP (NN TODAY)) (PP (IN AS) (NP (DT THE) (JJ NEW) (JJ PRESIDENTIAL) (NN CANDIDATE))) (S (VP (TO TO) (VP (VB REPLACE) (NP (NP (NNP CARLOS) (NNP PIZARRO) (NNP LEONGOMEZ)) (, ,) (SBAR (WHNP (WP WHO)) (S (VP (VBD WAS) (VP (VBN MURDERED) (PP (IN ON) (NP (CD 26))) (NP-TMP (NNP APRIL)))))))))))) (. .))) </parse>
        <dependencies type="basic-dependencies">
          <dep type="root">
            <governor idx="0">ROOT</governor>
            <dependent idx="34">NOMINATED</dependent>
          </dep>
          <dep type="nsubjpass">
            <governor idx="34">NOMINATED</governor>
            <dependent idx="1">BOGOTA</dependent>
          </dep>
          <dep type="nummod">
            <governor idx="4">APR</governor>
            <dependent idx="3">29</dependent>
          </dep>
          <dep type="appos">
            <governor idx="1">BOGOTA</governor>
            <dependent idx="4">APR</dependent>
          </dep>
          <dep type="nummod">
            <governor idx="7">EFE</governor>
            <dependent idx="5">90</dependent>
          </dep>
          <dep type="dep">
            <governor idx="4">APR</governor>
            <dependent idx="7">EFE</dependent>
          </dep>
          <dep type="dep">
            <governor idx="4">APR</governor>
            <dependent idx="11">TEXT</dependent>
          </dep>
          <dep type="compound">
            <governor idx="15">WOLFF</governor>
            <dependent idx="13">ANTONIO</dependent>
          </dep>
          <dep type="compound">
            <governor idx="15">WOLFF</governor>
            <dependent idx="14">NAVARRO</dependent>
          </dep>
          <dep type="nmod">
            <governor idx="11">TEXT</governor>
            <dependent idx="15">WOLFF</dependent>
          </dep>
          <dep type="nsubj">
            <governor idx="23">MAN</governor>
            <dependent idx="17">WHO</dependent>
          </dep>
          <dep type="aux">
            <governor idx="23">MAN</governor>
            <dependent idx="18">HAD</dependent>
          </dep>
          <dep type="cop">
            <governor idx="23">MAN</governor>
            <dependent idx="19">BEEN</dependent>
          </dep>
          <dep type="det">
            <governor idx="23">MAN</governor>
            <dependent idx="20">THE</dependent>
          </dep>
          <dep type="compound">
            <governor idx="23">MAN</governor>
            <dependent idx="21">NUMBER</dependent>
          </dep>
          <dep type="nummod">
            <governor idx="23">MAN</governor>
            <dependent idx="22">TWO</dependent>
          </dep>
          <dep type="acl:relcl">
            <governor idx="15">WOLFF</governor>
            <dependent idx="23">MAN</dependent>
          </dep>
          <dep type="case">
            <governor idx="28">MOVEMENT</governor>
            <dependent idx="24">IN</dependent>
          </dep>
          <dep type="det">
            <governor idx="28">MOVEMENT</governor>
            <dependent idx="25">THE</dependent>
          </dep>
          <dep type="nummod">
            <governor idx="28">MOVEMENT</governor>
            <dependent idx="26">19</dependent>
          </dep>
          <dep type="compound">
            <governor idx="28">MOVEMENT</governor>
            <dependent idx="27">APRIL</dependent>
          </dep>
          <dep type="nmod">
            <governor idx="23">MAN</governor>
            <dependent idx="28">MOVEMENT</dependent>
          </dep>
          <dep type="appos">
            <governor idx="28">MOVEMENT</governor>
            <dependent idx="30">M-19</dependent>
          </dep>
          <dep type="auxpass">
            <governor idx="34">NOMINATED</governor>
            <dependent idx="33">WAS</dependent>
          </dep>
          <dep type="nmod:tmod">
            <governor idx="34">NOMINATED</governor>
            <dependent idx="35">TODAY</dependent>
          </dep>
          <dep type="case">
            <governor idx="40">CANDIDATE</governor>
            <dependent idx="36">AS</dependent>
          </dep>
          <dep type="det">
            <governor idx="40">CANDIDATE</governor>
            <dependent idx="37">THE</dependent>
          </dep>
          <dep type="amod">
            <governor idx="40">CANDIDATE</governor>
            <dependent idx="38">NEW</dependent>
          </dep>
          <dep type="amod">
            <governor idx="40">CANDIDATE</governor>
            <dependent idx="39">PRESIDENTIAL</dependent>
          </dep>
          <dep type="nmod">
            <governor idx="34">NOMINATED</governor>
            <dependent idx="40">CANDIDATE</dependent>
          </dep>
          <dep type="mark">
            <governor idx="42">REPLACE</governor>
            <dependent idx="41">TO</dependent>
          </dep>
          <dep type="xcomp">
            <governor idx="34">NOMINATED</governor>
            <dependent idx="42">REPLACE</dependent>
          </dep>
          <dep type="compound">
            <governor idx="45">LEONGOMEZ</governor>
            <dependent idx="43">CARLOS</dependent>
          </dep>
          <dep type="compound">
            <governor idx="45">LEONGOMEZ</governor>
            <dependent idx="44">PIZARRO</dependent>
          </dep>
          <dep type="dobj">
            <governor idx="42">REPLACE</governor>
            <dependent idx="45">LEONGOMEZ</dependent>
          </dep>
          <dep type="nsubjpass">
            <governor idx="49">MURDERED</governor>
            <dependent idx="47">WHO</dependent>
          </dep>
          <dep type="auxpass">
            <governor idx="49">MURDERED</governor>
            <dependent idx="48">WAS</dependent>
          </dep>
          <dep type="acl:relcl">
            <governor idx="45">LEONGOMEZ</governor>
            <dependent idx="49">MURDERED</dependent>
          </dep>
          <dep type="case">
            <governor idx="51">26</governor>
            <dependent idx="50">ON</dependent>
          </dep>
          <dep type="nmod">
            <governor idx="49">MURDERED</governor>
            <dependent idx="51">26</dependent>
          </dep>
          <dep type="nmod:tmod">
            <governor idx="49">MURDERED</governor>
            <dependent idx="52">APRIL</dependent>
          </dep>
        </dependencies>
        <dependencies type="collapsed-dependencies">
          <dep type="root">
            <governor idx="0">ROOT</governor>
            <dependent idx="34">NOMINATED</dependent>
          </dep>
          <dep type="nsubjpass">
            <governor idx="34">NOMINATED</governor>
            <dependent idx="1">BOGOTA</dependent>
          </dep>
          <dep type="nummod">
            <governor idx="4">APR</governor>
            <dependent idx="3">29</dependent>
          </dep>
          <dep type="appos">
            <governor idx="1">BOGOTA</governor>
            <dependent idx="4">APR</dependent>
          </dep>
          <dep type="nummod">
            <governor idx="7">EFE</governor>
            <dependent idx="5">90</dependent>
          </dep>
          <dep type="dep">
            <governor idx="4">APR</governor>
            <dependent idx="7">EFE</dependent>
          </dep>
          <dep type="dep">
            <governor idx="4">APR</governor>
            <dependent idx="11">TEXT</dependent>
          </dep>
          <dep type="compound">
            <governor idx="15">WOLFF</governor>
            <dependent idx="13">ANTONIO</dependent>
          </dep>
          <dep type="compound">
            <governor idx="15">WOLFF</governor>
            <dependent idx="14">NAVARRO</dependent>
          </dep>
          <dep type="nmod">
            <governor idx="11">TEXT</governor>
            <dependent idx="15">WOLFF</dependent>
          </dep>
          <dep type="nsubj">
            <governor idx="23">MAN</governor>
            <dependent idx="17">WHO</dependent>
          </dep>
          <dep type="aux">
            <governor idx="23">MAN</governor>
            <dependent idx="18">HAD</dependent>
          </dep>
          <dep type="cop">
            <governor idx="23">MAN</governor>
            <dependent idx="19">BEEN</dependent>
          </dep>
          <dep type="det">
            <governor idx="23">MAN</governor>
            <dependent idx="20">THE</dependent>
          </dep>
          <dep type="compound">
            <governor idx="23">MAN</governor>
            <dependent idx="21">NUMBER</dependent>
          </dep>
          <dep type="nummod">
            <governor idx="23">MAN</governor>
            <dependent idx="22">TWO</dependent>
          </dep>
          <dep type="acl:relcl">
            <governor idx="15">WOLFF</governor>
            <dependent idx="23">MAN</dependent>
          </dep>
          <dep type="case">
            <governor idx="28">MOVEMENT</governor>
            <dependent idx="24">IN</dependent>
          </dep>
          <dep type="det">
            <governor idx="28">MOVEMENT</governor>
            <dependent idx="25">THE</dependent>
          </dep>
          <dep type="nummod">
            <governor idx="28">MOVEMENT</governor>
            <dependent idx="26">19</dependent>
          </dep>
          <dep type="compound">
            <governor idx="28">MOVEMENT</governor>
            <dependent idx="27">APRIL</dependent>
          </dep>
          <dep type="nmod:in">
            <governor idx="23">MAN</governor>
            <dependent idx="28">MOVEMENT</dependent>
          </dep>
          <dep type="appos">
            <governor idx="28">MOVEMENT</governor>
            <dependent idx="30">M-19</dependent>
          </dep>
          <dep type="auxpass">
            <governor idx="34">NOMINATED</governor>
            <dependent idx="33">WAS</dependent>
          </dep>
          <dep type="nmod:tmod">
            <governor idx="34">NOMINATED</governor>
            <dependent idx="35">TODAY</dependent>
          </dep>
          <dep type="case">
            <governor idx="40">CANDIDATE</governor>
            <dependent idx="36">AS</dependent>
          </dep>
          <dep type="det">
            <governor idx="40">CANDIDATE</governor>
            <dependent idx="37">THE</dependent>
          </dep>
          <dep type="amod">
            <governor idx="40">CANDIDATE</governor>
            <dependent idx="38">NEW</dependent>
          </dep>
          <dep type="amod">
            <governor idx="40">CANDIDATE</governor>
            <dependent idx="39">PRESIDENTIAL</dependent>
          </dep>
          <dep type="nmod:as">
            <governor idx="34">NOMINATED</governor>
            <dependent idx="40">CANDIDATE</dependent>
          </dep>
          <dep type="mark">
            <governor idx="42">REPLACE</governor>
            <dependent idx="41">TO</dependent>
          </dep>
          <dep type="xcomp">
            <governor idx="34">NOMINATED</governor>
            <dependent idx="42">REPLACE</dependent>
          </dep>
          <dep type="compound">
            <governor idx="45">LEONGOMEZ</governor>
            <dependent idx="43">CARLOS</dependent>
          </dep>
          <dep type="compound">
            <governor idx="45">LEONGOMEZ</governor>
            <dependent idx="44">PIZARRO</dependent>
          </dep>
          <dep type="dobj">
            <governor idx="42">REPLACE</governor>
            <dependent idx="45">LEONGOMEZ</dependent>
          </dep>
          <dep type="nsubjpass">
            <governor idx="49">MURDERED</governor>
            <dependent idx="47">WHO</dependent>
          </dep>
          <dep type="auxpass">
            <governor idx="49">MURDERED</governor>
            <dependent idx="48">WAS</dependent>
          </dep>
          <dep type="acl:relcl">
            <governor idx="45">LEONGOMEZ</governor>
            <dependent idx="49">MURDERED</dependent>
          </dep>
          <dep type="case">
            <governor idx="51">26</governor>
            <dependent idx="50">ON</dependent>
          </dep>
          <dep type="nmod:on">
            <governor idx="49">MURDERED</governor>
            <dependent idx="51">26</dependent>
          </dep>
          <dep type="nmod:tmod">
            <governor idx="49">MURDERED</governor>
            <dependent idx="52">APRIL</dependent>
          </dep>
        </dependencies>
        <dependencies type="collapsed-ccprocessed-dependencies">
          <dep type="root">
            <governor idx="0">ROOT</governor>
            <dependent idx="34">NOMINATED</dependent>
          </dep>
          <dep type="nsubjpass">
            <governor idx="34">NOMINATED</governor>
            <dependent idx="1">BOGOTA</dependent>
          </dep>
          <dep type="nummod">
            <governor idx="4">APR</governor>
            <dependent idx="3">29</dependent>
          </dep>
          <dep type="appos">
            <governor idx="1">BOGOTA</governor>
            <dependent idx="4">APR</dependent>
          </dep>
          <dep type="nummod">
            <governor idx="7">EFE</governor>
            <dependent idx="5">90</dependent>
          </dep>
          <dep type="dep">
            <governor idx="4">APR</governor>
            <dependent idx="7">EFE</dependent>
          </dep>
          <dep type="dep">
            <governor idx="4">APR</governor>
            <dependent idx="11">TEXT</dependent>
          </dep>
          <dep type="compound">
            <governor idx="15">WOLFF</governor>
            <dependent idx="13">ANTONIO</dependent>
          </dep>
          <dep type="compound">
            <governor idx="15">WOLFF</governor>
            <dependent idx="14">NAVARRO</dependent>
          </dep>
          <dep type="nmod">
            <governor idx="11">TEXT</governor>
            <dependent idx="15">WOLFF</dependent>
          </dep>
          <dep type="nsubj">
            <governor idx="23">MAN</governor>
            <dependent idx="17">WHO</dependent>
          </dep>
          <dep type="aux">
            <governor idx="23">MAN</governor>
            <dependent idx="18">HAD</dependent>
          </dep>
          <dep type="cop">
            <governor idx="23">MAN</governor>
            <dependent idx="19">BEEN</dependent>
          </dep>
          <dep type="det">
            <governor idx="23">MAN</governor>
            <dependent idx="20">THE</dependent>
          </dep>
          <dep type="compound">
            <governor idx="23">MAN</governor>
            <dependent idx="21">NUMBER</dependent>
          </dep>
          <dep type="nummod">
            <governor idx="23">MAN</governor>
            <dependent idx="22">TWO</dependent>
          </dep>
          <dep type="acl:relcl">
            <governor idx="15">WOLFF</governor>
            <dependent idx="23">MAN</dependent>
          </dep>
          <dep type="case">
            <governor idx="28">MOVEMENT</governor>
            <dependent idx="24">IN</dependent>
          </dep>
          <dep type="det">
            <governor idx="28">MOVEMENT</governor>
            <dependent idx="25">THE</dependent>
          </dep>
          <dep type="nummod">
            <governor idx="28">MOVEMENT</governor>
            <dependent idx="26">19</dependent>
          </dep>
          <dep type="compound">
            <governor idx="28">MOVEMENT</governor>
            <dependent idx="27">APRIL</dependent>
          </dep>
          <dep type="nmod:in">
            <governor idx="23">MAN</governor>
            <dependent idx="28">MOVEMENT</dependent>
          </dep>
          <dep type="appos">
            <governor idx="28">MOVEMENT</governor>
            <dependent idx="30">M-19</dependent>
          </dep>
          <dep type="auxpass">
            <governor idx="34">NOMINATED</governor>
            <dependent idx="33">WAS</dependent>
          </dep>
          <dep type="nmod:tmod">
            <governor idx="34">NOMINATED</governor>
            <dependent idx="35">TODAY</dependent>
          </dep>
          <dep type="case">
            <governor idx="40">CANDIDATE</governor>
            <dependent idx="36">AS</dependent>
          </dep>
          <dep type="det">
            <governor idx="40">CANDIDATE</governor>
            <dependent idx="37">THE</dependent>
          </dep>
          <dep type="amod">
            <governor idx="40">CANDIDATE</governor>
            <dependent idx="38">NEW</dependent>
          </dep>
          <dep type="amod">
            <governor idx="40">CANDIDATE</governor>
            <dependent idx="39">PRESIDENTIAL</dependent>
          </dep>
          <dep type="nmod:as">
            <governor idx="34">NOMINATED</governor>
            <dependent idx="40">CANDIDATE</dependent>
          </dep>
          <dep type="mark">
            <governor idx="42">REPLACE</governor>
            <dependent idx="41">TO</dependent>
          </dep>
          <dep type="xcomp">
            <governor idx="34">NOMINATED</governor>
            <dependent idx="42">REPLACE</dependent>
          </dep>
          <dep type="compound">
            <governor idx="45">LEONGOMEZ</governor>
            <dependent idx="43">CARLOS</dependent>
          </dep>
          <dep type="compound">
            <governor idx="45">LEONGOMEZ</governor>
            <dependent idx="44">PIZARRO</dependent>
          </dep>
          <dep type="dobj">
            <governor idx="42">REPLACE</governor>
            <dependent idx="45">LEONGOMEZ</dependent>
          </dep>
          <dep type="nsubjpass">
            <governor idx="49">MURDERED</governor>
            <dependent idx="47">WHO</dependent>
          </dep>
          <dep type="auxpass">
            <governor idx="49">MURDERED</governor>
            <dependent idx="48">WAS</dependent>
          </dep>
          <dep type="acl:relcl">
            <governor idx="45">LEONGOMEZ</governor>
            <dependent idx="49">MURDERED</dependent>
          </dep>
          <dep type="case">
            <governor idx="51">26</governor>
            <dependent idx="50">ON</dependent>
          </dep>
          <dep type="nmod:on">
            <governor idx="49">MURDERED</governor>
            <dependent idx="51">26</dependent>
          </dep>
          <dep type="nmod:tmod">
            <governor idx="49">MURDERED</governor>
            <dependent idx="52">APRIL</dependent>
          </dep>
        </dependencies>
      </sentence>
      <sentence id="2">
        <tokens>
          <token id="1">
            <word>NAVARRO</word>
            <lemma>NAVARRO</lemma>
            <CharacterOffsetBegin>250</CharacterOffsetBegin>
            <CharacterOffsetEnd>257</CharacterOffsetEnd>
            <POS>NNP</POS>
            <NER>PERSON</NER>
            <Speaker>PER0</Speaker>
          </token>
          <token id="2">
            <word>WOLFF</word>
            <lemma>WOLFF</lemma>
            <CharacterOffsetBegin>258</CharacterOffsetBegin>
            <CharacterOffsetEnd>263</CharacterOffsetEnd>
            <POS>NNP</POS>
            <NER>PERSON</NER>
            <Speaker>PER0</Speaker>
          </token>
          <token id="3">
            <word>,</word>
            <lemma>,</lemma>
            <CharacterOffsetBegin>263</CharacterOffsetBegin>
            <CharacterOffsetEnd>264</CharacterOffsetEnd>
            <POS>,</POS>
            <NER>O</NER>
            <Speaker>PER0</Speaker>
          </token>
          <token id="4">
            <word>WHO</word>
            <lemma>who</lemma>
            <CharacterOffsetBegin>265</CharacterOffsetBegin>
            <CharacterOffsetEnd>268</CharacterOffsetEnd>
            <POS>WP</POS>
            <NER>O</NER>
            <Speaker>PER0</Speaker>
          </token>
          <token id="5">
            <word>IS</word>
            <lemma>be</lemma>
            <CharacterOffsetBegin>269</CharacterOffsetBegin>
            <CharacterOffsetEnd>271</CharacterOffsetEnd>
            <POS>VBZ</POS>
            <NER>O</NER>
            <Speaker>PER0</Speaker>
          </token>
          <token id="6">
            <word>A</word>
            <lemma>a</lemma>
            <CharacterOffsetBegin>272</CharacterOffsetBegin>
            <CharacterOffsetEnd>273</CharacterOffsetEnd>
            <POS>DT</POS>
            <NER>O</NER>
            <Speaker>PER0</Speaker>
          </token>
          <token id="7">
            <word>FORMER</word>
            <lemma>former</lemma>
            <CharacterOffsetBegin>274</CharacterOffsetBegin>
            <CharacterOffsetEnd>280</CharacterOffsetEnd>
            <POS>JJ</POS>
            <NER>O</NER>
            <Speaker>PER0</Speaker>
          </token>
          <token id="8">
            <word>GUERRILLA</word>
            <lemma>guerrilla</lemma>
            <CharacterOffsetBegin>281</CharacterOffsetBegin>
            <CharacterOffsetEnd>290</CharacterOffsetEnd>
            <POS>NN</POS>
            <NER>O</NER>
            <Speaker>PER0</Speaker>
          </token>
          <token id="9">
            <word>LIKE</word>
            <lemma>like</lemma>
            <CharacterOffsetBegin>291</CharacterOffsetBegin>
            <CharacterOffsetEnd>295</CharacterOffsetEnd>
            <POS>IN</POS>
            <NER>O</NER>
            <Speaker>PER0</Speaker>
          </token>
          <token id="10">
            <word>THE</word>
            <lemma>the</lemma>
            <CharacterOffsetBegin>296</CharacterOffsetBegin>
            <CharacterOffsetEnd>299</CharacterOffsetEnd>
            <POS>DT</POS>
            <NER>O</NER>
            <Speaker>PER0</Speaker>
          </token>
          <token id="11">
            <word>SLAIN</word>
            <lemma>slay</lemma>
            <CharacterOffsetBegin>300</CharacterOffsetBegin>
            <CharacterOffsetEnd>305</CharacterOffsetEnd>
            <POS>VBN</POS>
            <NER>O</NER>
            <Speaker>PER0</Speaker>
          </token>
          <token id="12">
            <word>LEADER</word>
            <lemma>leader</lemma>
            <CharacterOffsetBegin>306</CharacterOffsetBegin>
            <CharacterOffsetEnd>312</CharacterOffsetEnd>
            <POS>NN</POS>
            <NER>O</NER>
            <Speaker>PER0</Speaker>
          </token>
          <token id="13">
            <word>,</word>
            <lemma>,</lemma>
            <CharacterOffsetBegin>312</CharacterOffsetBegin>
            <CharacterOffsetEnd>313</CharacterOffsetEnd>
            <POS>,</POS>
            <NER>O</NER>
            <Speaker>PER0</Speaker>
          </token>
          <token id="14">
            <word>RECEIVED</word>
            <lemma>receive</lemma>
            <CharacterOffsetBegin>314</CharacterOffsetBegin>
            <CharacterOffsetEnd>322</CharacterOffsetEnd>
            <POS>VBD</POS>
            <NER>O</NER>
            <Speaker>PER0</Speaker>
          </token>
          <token id="15">
            <word>THE</word>
            <lemma>the</lemma>
            <CharacterOffsetBegin>323</CharacterOffsetBegin>
            <CharacterOffsetEnd>326</CharacterOffsetEnd>
            <POS>DT</POS>
            <NER>O</NER>
            <Speaker>PER0</Speaker>
          </token>
          <token id="16">
            <word>NOMINATION</word>
            <lemma>nomination</lemma>
            <CharacterOffsetBegin>327</CharacterOffsetBegin>
            <CharacterOffsetEnd>337</CharacterOffsetEnd>
            <POS>NN</POS>
            <NER>O</NER>
            <Speaker>PER0</Speaker>
          </token>
          <token id="17">
            <word>WHEN</word>
            <lemma>when</lemma>
            <CharacterOffsetBegin>338</CharacterOffsetBegin>
            <CharacterOffsetEnd>342</CharacterOffsetEnd>
            <POS>WRB</POS>
            <NER>O</NER>
            <Speaker>PER0</Speaker>
          </token>
          <token id="18">
            <word>PIZARRO</word>
            <lemma>PIZARRO</lemma>
            <CharacterOffsetBegin>343</CharacterOffsetBegin>
            <CharacterOffsetEnd>350</CharacterOffsetEnd>
            <POS>NNP</POS>
            <NER>PERSON</NER>
            <Speaker>PER0</Speaker>
          </token>
          <token id="19">
            <word>'S</word>
            <lemma>'s</lemma>
            <CharacterOffsetBegin>350</CharacterOffsetBegin>
            <CharacterOffsetEnd>352</CharacterOffsetEnd>
            <POS>POS</POS>
            <NER>O</NER>
            <Speaker>PER0</Speaker>
          </token>
          <token id="20">
            <word>FUNERAL</word>
            <lemma>funeral</lemma>
            <CharacterOffsetBegin>353</CharacterOffsetBegin>
            <CharacterOffsetEnd>360</CharacterOffsetEnd>
            <POS>JJ</POS>
            <NER>O</NER>
            <Speaker>PER0</Speaker>
          </token>
          <token id="21">
            <word>PROCESSION</word>
            <lemma>procession</lemma>
            <CharacterOffsetBegin>361</CharacterOffsetBegin>
            <CharacterOffsetEnd>371</CharacterOffsetEnd>
            <POS>NN</POS>
            <NER>O</NER>
            <Speaker>PER0</Speaker>
          </token>
          <token id="22">
            <word>STOPPED</word>
            <lemma>stop</lemma>
            <CharacterOffsetBegin>372</CharacterOffsetBegin>
            <CharacterOffsetEnd>379</CharacterOffsetEnd>
            <POS>VBD</POS>
            <NER>O</NER>
            <Speaker>PER0</Speaker>
          </token>
          <token id="23">
            <word>AT</word>
            <lemma>at</lemma>
            <CharacterOffsetBegin>380</CharacterOffsetBegin>
            <CharacterOffsetEnd>382</CharacterOffsetEnd>
            <POS>IN</POS>
            <NER>O</NER>
            <Speaker>PER0</Speaker>
          </token>
          <token id="24">
            <word>THE</word>
            <lemma>the</lemma>
            <CharacterOffsetBegin>383</CharacterOffsetBegin>
            <CharacterOffsetEnd>386</CharacterOffsetEnd>
            <POS>DT</POS>
            <NER>O</NER>
            <Speaker>PER0</Speaker>
          </token>
          <token id="25">
            <word>HOME</word>
            <lemma>home</lemma>
            <CharacterOffsetBegin>387</CharacterOffsetBegin>
            <CharacterOffsetEnd>391</CharacterOffsetEnd>
            <POS>NN</POS>
            <NER>O</NER>
            <Speaker>PER0</Speaker>
          </token>
          <token id="26">
            <word>OF</word>
            <lemma>of</lemma>
            <CharacterOffsetBegin>392</CharacterOffsetBegin>
            <CharacterOffsetEnd>394</CharacterOffsetEnd>
            <POS>IN</POS>
            <NER>O</NER>
            <Speaker>PER0</Speaker>
          </token>
          <token id="27">
            <word>LIBERATOR</word>
            <lemma>liberator</lemma>
            <CharacterOffsetBegin>395</CharacterOffsetBegin>
            <CharacterOffsetEnd>404</CharacterOffsetEnd>
            <POS>NN</POS>
            <NER>ORGANIZATION</NER>
            <Speaker>PER0</Speaker>
          </token>
          <token id="28">
            <word>SIMON</word>
            <lemma>SIMON</lemma>
            <CharacterOffsetBegin>405</CharacterOffsetBegin>
            <CharacterOffsetEnd>410</CharacterOffsetEnd>
            <POS>NNP</POS>
            <NER>ORGANIZATION</NER>
            <Speaker>PER0</Speaker>
          </token>
          <token id="29">
            <word>BOLIVAR</word>
            <lemma>BOLIVAR</lemma>
            <CharacterOffsetBegin>411</CharacterOffsetBegin>
            <CharacterOffsetEnd>418</CharacterOffsetEnd>
            <POS>NNP</POS>
            <NER>ORGANIZATION</NER>
            <Speaker>PER0</Speaker>
          </token>
          <token id="30">
            <word>IN</word>
            <lemma>in</lemma>
            <CharacterOffsetBegin>419</CharacterOffsetBegin>
            <CharacterOffsetEnd>421</CharacterOffsetEnd>
            <POS>IN</POS>
            <NER>O</NER>
            <Speaker>PER0</Speaker>
          </token>
          <token id="31">
            <word>BOGOTA</word>
            <lemma>BOGOTA</lemma>
            <CharacterOffsetBegin>422</CharacterOffsetBegin>
            <CharacterOffsetEnd>428</CharacterOffsetEnd>
            <POS>NNP</POS>
            <NER>LOCATION</NER>
            <Speaker>PER0</Speaker>
          </token>
          <token id="32">
            <word>.</word>
            <lemma>.</lemma>
            <CharacterOffsetBegin>428</CharacterOffsetBegin>
            <CharacterOffsetEnd>429</CharacterOffsetEnd>
            <POS>.</POS>
            <NER>O</NER>
            <Speaker>PER0</Speaker>
          </token>
        </tokens>
        <parse>(ROOT (S (NP (NP (NNP NAVARRO) (NNP WOLFF)) (, ,) (SBAR (WHNP (WP WHO)) (S (VP (VBZ IS) (NP (NP (DT A) (JJ FORMER) (NN GUERRILLA)) (PP (IN LIKE) (NP (DT THE) (VBN SLAIN) (NN LEADER))))))) (, ,)) (VP (VBD RECEIVED) (NP (DT THE) (NN NOMINATION)) (SBAR (WHADVP (WRB WHEN)) (S (NP (NP (NNP PIZARRO) (POS 'S)) (JJ FUNERAL) (NN PROCESSION)) (VP (VBD STOPPED) (PP (IN AT) (NP (NP (DT THE) (NN HOME)) (PP (IN OF) (NP (NN LIBERATOR) (NNP SIMON) (NNP BOLIVAR))))) (PP (IN IN) (NP (NNP BOGOTA))))))) (. .))) </parse>
        <dependencies type="basic-dependencies">
          <dep type="root">
            <governor idx="0">ROOT</governor>
            <dependent idx="14">RECEIVED</dependent>
          </dep>
          <dep type="compound">
            <governor idx="2">WOLFF</governor>
            <dependent idx="1">NAVARRO</dependent>
          </dep>
          <dep type="nsubj">
            <governor idx="14">RECEIVED</governor>
            <dependent idx="2">WOLFF</dependent>
          </dep>
          <dep type="nsubj">
            <governor idx="8">GUERRILLA</governor>
            <dependent idx="4">WHO</dependent>
          </dep>
          <dep type="cop">
            <governor idx="8">GUERRILLA</governor>
            <dependent idx="5">IS</dependent>
          </dep>
          <dep type="det">
            <governor idx="8">GUERRILLA</governor>
            <dependent idx="6">A</dependent>
          </dep>
          <dep type="amod">
            <governor idx="8">GUERRILLA</governor>
            <dependent idx="7">FORMER</dependent>
          </dep>
          <dep type="acl:relcl">
            <governor idx="2">WOLFF</governor>
            <dependent idx="8">GUERRILLA</dependent>
          </dep>
          <dep type="case">
            <governor idx="12">LEADER</governor>
            <dependent idx="9">LIKE</dependent>
          </dep>
          <dep type="det">
            <governor idx="12">LEADER</governor>
            <dependent idx="10">THE</dependent>
          </dep>
          <dep type="amod">
            <governor idx="12">LEADER</governor>
            <dependent idx="11">SLAIN</dependent>
          </dep>
          <dep type="nmod">
            <governor idx="8">GUERRILLA</governor>
            <dependent idx="12">LEADER</dependent>
          </dep>
          <dep type="det">
            <governor idx="16">NOMINATION</governor>
            <dependent idx="15">THE</dependent>
          </dep>
          <dep type="dobj">
            <governor idx="14">RECEIVED</governor>
            <dependent idx="16">NOMINATION</dependent>
          </dep>
          <dep type="advmod">
            <governor idx="22">STOPPED</governor>
            <dependent idx="17">WHEN</dependent>
          </dep>
          <dep type="nmod:poss">
            <governor idx="21">PROCESSION</governor>
            <dependent idx="18">PIZARRO</dependent>
          </dep>
          <dep type="case">
            <governor idx="18">PIZARRO</governor>
            <dependent idx="19">'S</dependent>
          </dep>
          <dep type="amod">
            <governor idx="21">PROCESSION</governor>
            <dependent idx="20">FUNERAL</dependent>
          </dep>
          <dep type="nsubj">
            <governor idx="22">STOPPED</governor>
            <dependent idx="21">PROCESSION</dependent>
          </dep>
          <dep type="advcl">
            <governor idx="14">RECEIVED</governor>
            <dependent idx="22">STOPPED</dependent>
          </dep>
          <dep type="case">
            <governor idx="25">HOME</governor>
            <dependent idx="23">AT</dependent>
          </dep>
          <dep type="det">
            <governor idx="25">HOME</governor>
            <dependent idx="24">THE</dependent>
          </dep>
          <dep type="nmod">
            <governor idx="22">STOPPED</governor>
            <dependent idx="25">HOME</dependent>
          </dep>
          <dep type="case">
            <governor idx="29">BOLIVAR</governor>
            <dependent idx="26">OF</dependent>
          </dep>
          <dep type="compound">
            <governor idx="29">BOLIVAR</governor>
            <dependent idx="27">LIBERATOR</dependent>
          </dep>
          <dep type="compound">
            <governor idx="29">BOLIVAR</governor>
            <dependent idx="28">SIMON</dependent>
          </dep>
          <dep type="nmod">
            <governor idx="25">HOME</governor>
            <dependent idx="29">BOLIVAR</dependent>
          </dep>
          <dep type="case">
            <governor idx="31">BOGOTA</governor>
            <dependent idx="30">IN</dependent>
          </dep>
          <dep type="nmod">
            <governor idx="22">STOPPED</governor>
            <dependent idx="31">BOGOTA</dependent>
          </dep>
        </dependencies>
        <dependencies type="collapsed-dependencies">
          <dep type="root">
            <governor idx="0">ROOT</governor>
            <dependent idx="14">RECEIVED</dependent>
          </dep>
          <dep type="compound">
            <governor idx="2">WOLFF</governor>
            <dependent idx="1">NAVARRO</dependent>
          </dep>
          <dep type="nsubj">
            <governor idx="14">RECEIVED</governor>
            <dependent idx="2">WOLFF</dependent>
          </dep>
          <dep type="nsubj">
            <governor idx="8">GUERRILLA</governor>
            <dependent idx="4">WHO</dependent>
          </dep>
          <dep type="cop">
            <governor idx="8">GUERRILLA</governor>
            <dependent idx="5">IS</dependent>
          </dep>
          <dep type="det">
            <governor idx="8">GUERRILLA</governor>
            <dependent idx="6">A</dependent>
          </dep>
          <dep type="amod">
            <governor idx="8">GUERRILLA</governor>
            <dependent idx="7">FORMER</dependent>
          </dep>
          <dep type="acl:relcl">
            <governor idx="2">WOLFF</governor>
            <dependent idx="8">GUERRILLA</dependent>
          </dep>
          <dep type="case">
            <governor idx="12">LEADER</governor>
            <dependent idx="9">LIKE</dependent>
          </dep>
          <dep type="det">
            <governor idx="12">LEADER</governor>
            <dependent idx="10">THE</dependent>
          </dep>
          <dep type="amod">
            <governor idx="12">LEADER</governor>
            <dependent idx="11">SLAIN</dependent>
          </dep>
          <dep type="nmod:like">
            <governor idx="8">GUERRILLA</governor>
            <dependent idx="12">LEADER</dependent>
          </dep>
          <dep type="det">
            <governor idx="16">NOMINATION</governor>
            <dependent idx="15">THE</dependent>
          </dep>
          <dep type="dobj">
            <governor idx="14">RECEIVED</governor>
            <dependent idx="16">NOMINATION</dependent>
          </dep>
          <dep type="advmod">
            <governor idx="22">STOPPED</governor>
            <dependent idx="17">WHEN</dependent>
          </dep>
          <dep type="nmod:poss">
            <governor idx="21">PROCESSION</governor>
            <dependent idx="18">PIZARRO</dependent>
          </dep>
          <dep type="case">
            <governor idx="18">PIZARRO</governor>
            <dependent idx="19">'S</dependent>
          </dep>
          <dep type="amod">
            <governor idx="21">PROCESSION</governor>
            <dependent idx="20">FUNERAL</dependent>
          </dep>
          <dep type="nsubj">
            <governor idx="22">STOPPED</governor>
            <dependent idx="21">PROCESSION</dependent>
          </dep>
          <dep type="advcl">
            <governor idx="14">RECEIVED</governor>
            <dependent idx="22">STOPPED</dependent>
          </dep>
          <dep type="case">
            <governor idx="25">HOME</governor>
            <dependent idx="23">AT</dependent>
          </dep>
          <dep type="det">
            <governor idx="25">HOME</governor>
            <dependent idx="24">THE</dependent>
          </dep>
          <dep type="nmod:at">
            <governor idx="22">STOPPED</governor>
            <dependent idx="25">HOME</dependent>
          </dep>
          <dep type="case">
            <governor idx="29">BOLIVAR</governor>
            <dependent idx="26">OF</dependent>
          </dep>
          <dep type="compound">
            <governor idx="29">BOLIVAR</governor>
            <dependent idx="27">LIBERATOR</dependent>
          </dep>
          <dep type="compound">
            <governor idx="29">BOLIVAR</governor>
            <dependent idx="28">SIMON</dependent>
          </dep>
          <dep type="nmod:of">
            <governor idx="25">HOME</governor>
            <dependent idx="29">BOLIVAR</dependent>
          </dep>
          <dep type="case">
            <governor idx="31">BOGOTA</governor>
            <dependent idx="30">IN</dependent>
          </dep>
          <dep type="nmod:in">
            <governor idx="22">STOPPED</governor>
            <dependent idx="31">BOGOTA</dependent>
          </dep>
        </dependencies>
        <dependencies type="collapsed-ccprocessed-dependencies">
          <dep type="root">
            <governor idx="0">ROOT</governor>
            <dependent idx="14">RECEIVED</dependent>
          </dep>
          <dep type="compound">
            <governor idx="2">WOLFF</governor>
            <dependent idx="1">NAVARRO</dependent>
          </dep>
          <dep type="nsubj">
            <governor idx="14">RECEIVED</governor>
            <dependent idx="2">WOLFF</dependent>
          </dep>
          <dep type="nsubj">
            <governor idx="8">GUERRILLA</governor>
            <dependent idx="4">WHO</dependent>
          </dep>
          <dep type="cop">
            <governor idx="8">GUERRILLA</governor>
            <dependent idx="5">IS</dependent>
          </dep>
          <dep type="det">
            <governor idx="8">GUERRILLA</governor>
            <dependent idx="6">A</dependent>
          </dep>
          <dep type="amod">
            <governor idx="8">GUERRILLA</governor>
            <dependent idx="7">FORMER</dependent>
          </dep>
          <dep type="acl:relcl">
            <governor idx="2">WOLFF</governor>
            <dependent idx="8">GUERRILLA</dependent>
          </dep>
          <dep type="case">
            <governor idx="12">LEADER</governor>
            <dependent idx="9">LIKE</dependent>
          </dep>
          <dep type="det">
            <governor idx="12">LEADER</governor>
            <dependent idx="10">THE</dependent>
          </dep>
          <dep type="amod">
            <governor idx="12">LEADER</governor>
            <dependent idx="11">SLAIN</dependent>
          </dep>
          <dep type="nmod:like">
            <governor idx="8">GUERRILLA</governor>
            <dependent idx="12">LEADER</dependent>
          </dep>
          <dep type="det">
            <governor idx="16">NOMINATION</governor>
            <dependent idx="15">THE</dependent>
          </dep>
          <dep type="dobj">
            <governor idx="14">RECEIVED</governor>
            <dependent idx="16">NOMINATION</dependent>
          </dep>
          <dep type="advmod">
            <governor idx="22">STOPPED</governor>
            <dependent idx="17">WHEN</dependent>
          </dep>
          <dep type="nmod:poss">
            <governor idx="21">PROCESSION</governor>
            <dependent idx="18">PIZARRO</dependent>
          </dep>
          <dep type="case">
            <governor idx="18">PIZARRO</governor>
            <dependent idx="19">'S</dependent>
          </dep>
          <dep type="amod">
            <governor idx="21">PROCESSION</governor>
            <dependent idx="20">FUNERAL</dependent>
          </dep>
          <dep type="nsubj">
            <governor idx="22">STOPPED</governor>
            <dependent idx="21">PROCESSION</dependent>
          </dep>
          <dep type="advcl">
            <governor idx="14">RECEIVED</governor>
            <dependent idx="22">STOPPED</dependent>
          </dep>
          <dep type="case">
            <governor idx="25">HOME</governor>
            <dependent idx="23">AT</dependent>
          </dep>
          <dep type="det">
            <governor idx="25">HOME</governor>
            <dependent idx="24">THE</dependent>
          </dep>
          <dep type="nmod:at">
            <governor idx="22">STOPPED</governor>
            <dependent idx="25">HOME</dependent>
          </dep>
          <dep type="case">
            <governor idx="29">BOLIVAR</governor>
            <dependent idx="26">OF</dependent>
          </dep>
          <dep type="compound">
            <governor idx="29">BOLIVAR</governor>
            <dependent idx="27">LIBERATOR</dependent>
          </dep>
          <dep type="compound">
            <governor idx="29">BOLIVAR</governor>
            <dependent idx="28">SIMON</dependent>
          </dep>
          <dep type="nmod:of">
            <governor idx="25">HOME</governor>
            <dependent idx="29">BOLIVAR</dependent>
          </dep>
          <dep type="case">
            <governor idx="31">BOGOTA</governor>
            <dependent idx="30">IN</dependent>
          </dep>
          <dep type="nmod:in">
            <governor idx="22">STOPPED</governor>
            <dependent idx="31">BOGOTA</dependent>
          </dep>
        </dependencies>
      </sentence>
      <sentence id="3">
        <tokens>
          <token id="1">
            <word>IN</word>
            <lemma>in</lemma>
            <CharacterOffsetBegin>434</CharacterOffsetBegin>
            <CharacterOffsetEnd>436</CharacterOffsetEnd>
            <POS>IN</POS>
            <NER>O</NER>
            <Speaker>PER0</Speaker>
          </token>
          <token id="2">
            <word>A</word>
            <lemma>a</lemma>
            <CharacterOffsetBegin>437</CharacterOffsetBegin>
            <CharacterOffsetEnd>438</CharacterOffsetEnd>
            <POS>DT</POS>
            <NER>O</NER>
            <Speaker>PER0</Speaker>
          </token>
          <token id="3">
            <word>SPEECH</word>
            <lemma>speech</lemma>
            <CharacterOffsetBegin>439</CharacterOffsetBegin>
            <CharacterOffsetEnd>445</CharacterOffsetEnd>
            <POS>NN</POS>
            <NER>O</NER>
            <Speaker>PER0</Speaker>
          </token>
          <token id="4">
            <word>MADE</word>
            <lemma>make</lemma>
            <CharacterOffsetBegin>446</CharacterOffsetBegin>
            <CharacterOffsetEnd>450</CharacterOffsetEnd>
            <POS>VBN</POS>
            <NER>O</NER>
            <Speaker>PER0</Speaker>
          </token>
          <token id="5">
            <word>TO</word>
            <lemma>to</lemma>
            <CharacterOffsetBegin>451</CharacterOffsetBegin>
            <CharacterOffsetEnd>453</CharacterOffsetEnd>
            <POS>TO</POS>
            <NER>O</NER>
            <Speaker>PER0</Speaker>
          </token>
          <token id="6">
            <word>THE</word>
            <lemma>the</lemma>
            <CharacterOffsetBegin>454</CharacterOffsetBegin>
            <CharacterOffsetEnd>457</CharacterOffsetEnd>
            <POS>DT</POS>
            <NER>O</NER>
            <Speaker>PER0</Speaker>
          </token>
          <token id="7">
            <word>THOUSANDS</word>
            <lemma>thousand</lemma>
            <CharacterOffsetBegin>458</CharacterOffsetBegin>
            <CharacterOffsetEnd>467</CharacterOffsetEnd>
            <POS>NNS</POS>
            <NER>O</NER>
            <Speaker>PER0</Speaker>
          </token>
          <token id="8">
            <word>AT</word>
            <lemma>at</lemma>
            <CharacterOffsetBegin>468</CharacterOffsetBegin>
            <CharacterOffsetEnd>470</CharacterOffsetEnd>
            <POS>IN</POS>
            <NER>O</NER>
            <Speaker>PER0</Speaker>
          </token>
          <token id="9">
            <word>THE</word>
            <lemma>the</lemma>
            <CharacterOffsetBegin>471</CharacterOffsetBegin>
            <CharacterOffsetEnd>474</CharacterOffsetEnd>
            <POS>DT</POS>
            <NER>O</NER>
            <Speaker>PER0</Speaker>
          </token>
          <token id="10">
            <word>FUNERAL</word>
            <lemma>funeral</lemma>
            <CharacterOffsetBegin>475</CharacterOffsetBegin>
            <CharacterOffsetEnd>482</CharacterOffsetEnd>
            <POS>NN</POS>
            <NER>O</NER>
            <Speaker>PER0</Speaker>
          </token>
          <token id="11">
            <word>,</word>
            <lemma>,</lemma>
            <CharacterOffsetBegin>482</CharacterOffsetBegin>
            <CharacterOffsetEnd>483</CharacterOffsetEnd>
            <POS>,</POS>
            <NER>O</NER>
            <Speaker>PER0</Speaker>
          </token>
          <token id="12">
            <word>NAVARRO</word>
            <lemma>NAVARRO</lemma>
            <CharacterOffsetBegin>484</CharacterOffsetBegin>
            <CharacterOffsetEnd>491</CharacterOffsetEnd>
            <POS>NNP</POS>
            <NER>PERSON</NER>
            <Speaker>PER0</Speaker>
          </token>
          <token id="13">
            <word>ACCEPTED</word>
            <lemma>accept</lemma>
            <CharacterOffsetBegin>492</CharacterOffsetBegin>
            <CharacterOffsetEnd>500</CharacterOffsetEnd>
            <POS>VBD</POS>
            <NER>O</NER>
            <Speaker>PER0</Speaker>
          </token>
          <token id="14">
            <word>THE</word>
            <lemma>the</lemma>
            <CharacterOffsetBegin>501</CharacterOffsetBegin>
            <CharacterOffsetEnd>504</CharacterOffsetEnd>
            <POS>DT</POS>
            <NER>O</NER>
            <Speaker>PER0</Speaker>
          </token>
          <token id="15">
            <word>NOMINATION</word>
            <lemma>nomination</lemma>
            <CharacterOffsetBegin>505</CharacterOffsetBegin>
            <CharacterOffsetEnd>515</CharacterOffsetEnd>
            <POS>NN</POS>
            <NER>O</NER>
            <Speaker>PER0</Speaker>
          </token>
          <token id="16">
            <word>AND</word>
            <lemma>and</lemma>
            <CharacterOffsetBegin>516</CharacterOffsetBegin>
            <CharacterOffsetEnd>519</CharacterOffsetEnd>
            <POS>CC</POS>
            <NER>O</NER>
            <Speaker>PER0</Speaker>
          </token>
          <token id="17">
            <word>SAID</word>
            <lemma>say</lemma>
            <CharacterOffsetBegin>520</CharacterOffsetBegin>
            <CharacterOffsetEnd>524</CharacterOffsetEnd>
            <POS>VBD</POS>
            <NER>O</NER>
            <Speaker>PER0</Speaker>
          </token>
          <token id="18">
            <word>THAT</word>
            <lemma>that</lemma>
            <CharacterOffsetBegin>525</CharacterOffsetBegin>
            <CharacterOffsetEnd>529</CharacterOffsetEnd>
            <POS>IN</POS>
            <NER>O</NER>
            <Speaker>PER0</Speaker>
          </token>
          <token id="19">
            <word>HE</word>
            <lemma>he</lemma>
            <CharacterOffsetBegin>530</CharacterOffsetBegin>
            <CharacterOffsetEnd>532</CharacterOffsetEnd>
            <POS>PRP</POS>
            <NER>O</NER>
            <Speaker>PER0</Speaker>
          </token>
          <token id="20">
            <word>WAS</word>
            <lemma>be</lemma>
            <CharacterOffsetBegin>533</CharacterOffsetBegin>
            <CharacterOffsetEnd>536</CharacterOffsetEnd>
            <POS>VBD</POS>
            <NER>O</NER>
            <Speaker>PER0</Speaker>
          </token>
          <token id="21">
            <word>PICKING</word>
            <lemma>pick</lemma>
            <CharacterOffsetBegin>537</CharacterOffsetBegin>
            <CharacterOffsetEnd>544</CharacterOffsetEnd>
            <POS>VBG</POS>
            <NER>O</NER>
            <Speaker>PER0</Speaker>
          </token>
          <token id="22">
            <word>UP</word>
            <lemma>up</lemma>
            <CharacterOffsetBegin>545</CharacterOffsetBegin>
            <CharacterOffsetEnd>547</CharacterOffsetEnd>
            <POS>RP</POS>
            <NER>O</NER>
            <Speaker>PER0</Speaker>
          </token>
          <token id="23">
            <word>THE</word>
            <lemma>the</lemma>
            <CharacterOffsetBegin>548</CharacterOffsetBegin>
            <CharacterOffsetEnd>551</CharacterOffsetEnd>
            <POS>DT</POS>
            <NER>O</NER>
            <Speaker>PER0</Speaker>
          </token>
          <token id="24">
            <word>BANNERS</word>
            <lemma>banner</lemma>
            <CharacterOffsetBegin>552</CharacterOffsetBegin>
            <CharacterOffsetEnd>559</CharacterOffsetEnd>
            <POS>NNS</POS>
            <NER>O</NER>
            <Speaker>PER0</Speaker>
          </token>
          <token id="25">
            <word>OF</word>
            <lemma>of</lemma>
            <CharacterOffsetBegin>560</CharacterOffsetBegin>
            <CharacterOffsetEnd>562</CharacterOffsetEnd>
            <POS>IN</POS>
            <NER>O</NER>
            <Speaker>PER0</Speaker>
          </token>
          <token id="26">
            <word>THE</word>
            <lemma>the</lemma>
            <CharacterOffsetBegin>563</CharacterOffsetBegin>
            <CharacterOffsetEnd>566</CharacterOffsetEnd>
            <POS>DT</POS>
            <NER>O</NER>
            <Speaker>PER0</Speaker>
          </token>
          <token id="27">
            <word>SLAIN</word>
            <lemma>slay</lemma>
            <CharacterOffsetBegin>567</CharacterOffsetBegin>
            <CharacterOffsetEnd>572</CharacterOffsetEnd>
            <POS>VBN</POS>
            <NER>O</NER>
            <Speaker>PER0</Speaker>
          </token>
          <token id="28">
            <word>LEFTIST</word>
            <lemma>leftist</lemma>
            <CharacterOffsetBegin>573</CharacterOffsetBegin>
            <CharacterOffsetEnd>580</CharacterOffsetEnd>
            <POS>JJ</POS>
            <NER>O</NER>
            <Speaker>PER0</Speaker>
          </token>
          <token id="29">
            <word>LEADER</word>
            <lemma>leader</lemma>
            <CharacterOffsetBegin>581</CharacterOffsetBegin>
            <CharacterOffsetEnd>587</CharacterOffsetEnd>
            <POS>NN</POS>
            <NER>O</NER>
            <Speaker>PER0</Speaker>
          </token>
          <token id="30">
            <word>.</word>
            <lemma>.</lemma>
            <CharacterOffsetBegin>587</CharacterOffsetBegin>
            <CharacterOffsetEnd>588</CharacterOffsetEnd>
            <POS>.</POS>
            <NER>O</NER>
            <Speaker>PER0</Speaker>
          </token>
        </tokens>
        <parse>(ROOT (S (PP (IN IN) (NP (NP (DT A) (NN SPEECH)) (VP (VBN MADE) (PP (TO TO) (NP (NP (DT THE) (NNS THOUSANDS)) (PP (IN AT) (NP (DT THE) (NN FUNERAL)))))))) (, ,) (NP (NNP NAVARRO)) (VP (VP (VBD ACCEPTED) (NP (DT THE) (NN NOMINATION))) (CC AND) (VP (VBD SAID) (SBAR (IN THAT) (S (NP (PRP HE)) (VP (VBD WAS) (VP (VBG PICKING) (PRT (RP UP)) (NP (NP (DT THE) (NNS BANNERS)) (PP (IN OF) (NP (DT THE) (VBN SLAIN) (JJ LEFTIST) (NN LEADER)))))))))) (. .))) </parse>
        <dependencies type="basic-dependencies">
          <dep type="root">
            <governor idx="0">ROOT</governor>
            <dependent idx="13">ACCEPTED</dependent>
          </dep>
          <dep type="case">
            <governor idx="3">SPEECH</governor>
            <dependent idx="1">IN</dependent>
          </dep>
          <dep type="det">
            <governor idx="3">SPEECH</governor>
            <dependent idx="2">A</dependent>
          </dep>
          <dep type="nmod">
            <governor idx="13">ACCEPTED</governor>
            <dependent idx="3">SPEECH</dependent>
          </dep>
          <dep type="acl">
            <governor idx="3">SPEECH</governor>
            <dependent idx="4">MADE</dependent>
          </dep>
          <dep type="case">
            <governor idx="7">THOUSANDS</governor>
            <dependent idx="5">TO</dependent>
          </dep>
          <dep type="det">
            <governor idx="7">THOUSANDS</governor>
            <dependent idx="6">THE</dependent>
          </dep>
          <dep type="nmod">
            <governor idx="4">MADE</governor>
            <dependent idx="7">THOUSANDS</dependent>
          </dep>
          <dep type="case">
            <governor idx="10">FUNERAL</governor>
            <dependent idx="8">AT</dependent>
          </dep>
          <dep type="det">
            <governor idx="10">FUNERAL</governor>
            <dependent idx="9">THE</dependent>
          </dep>
          <dep type="nmod">
            <governor idx="7">THOUSANDS</governor>
            <dependent idx="10">FUNERAL</dependent>
          </dep>
          <dep type="nsubj">
            <governor idx="13">ACCEPTED</governor>
            <dependent idx="12">NAVARRO</dependent>
          </dep>
          <dep type="det">
            <governor idx="15">NOMINATION</governor>
            <dependent idx="14">THE</dependent>
          </dep>
          <dep type="dobj">
            <governor idx="13">ACCEPTED</governor>
            <dependent idx="15">NOMINATION</dependent>
          </dep>
          <dep type="cc">
            <governor idx="13">ACCEPTED</governor>
            <dependent idx="16">AND</dependent>
          </dep>
          <dep type="conj">
            <governor idx="13">ACCEPTED</governor>
            <dependent idx="17">SAID</dependent>
          </dep>
          <dep type="mark">
            <governor idx="21">PICKING</governor>
            <dependent idx="18">THAT</dependent>
          </dep>
          <dep type="nsubj">
            <governor idx="21">PICKING</governor>
            <dependent idx="19">HE</dependent>
          </dep>
          <dep type="aux">
            <governor idx="21">PICKING</governor>
            <dependent idx="20">WAS</dependent>
          </dep>
          <dep type="ccomp">
            <governor idx="17">SAID</governor>
            <dependent idx="21">PICKING</dependent>
          </dep>
          <dep type="compound:prt">
            <governor idx="21">PICKING</governor>
            <dependent idx="22">UP</dependent>
          </dep>
          <dep type="det">
            <governor idx="24">BANNERS</governor>
            <dependent idx="23">THE</dependent>
          </dep>
          <dep type="dobj">
            <governor idx="21">PICKING</governor>
            <dependent idx="24">BANNERS</dependent>
          </dep>
          <dep type="case">
            <governor idx="29">LEADER</governor>
            <dependent idx="25">OF</dependent>
          </dep>
          <dep type="det">
            <governor idx="29">LEADER</governor>
            <dependent idx="26">THE</dependent>
          </dep>
          <dep type="amod">
            <governor idx="29">LEADER</governor>
            <dependent idx="27">SLAIN</dependent>
          </dep>
          <dep type="amod">
            <governor idx="29">LEADER</governor>
            <dependent idx="28">LEFTIST</dependent>
          </dep>
          <dep type="nmod">
            <governor idx="24">BANNERS</governor>
            <dependent idx="29">LEADER</dependent>
          </dep>
        </dependencies>
        <dependencies type="collapsed-dependencies">
          <dep type="root">
            <governor idx="0">ROOT</governor>
            <dependent idx="13">ACCEPTED</dependent>
          </dep>
          <dep type="case">
            <governor idx="3">SPEECH</governor>
            <dependent idx="1">IN</dependent>
          </dep>
          <dep type="det">
            <governor idx="3">SPEECH</governor>
            <dependent idx="2">A</dependent>
          </dep>
          <dep type="nmod:in">
            <governor idx="13">ACCEPTED</governor>
            <dependent idx="3">SPEECH</dependent>
          </dep>
          <dep type="acl">
            <governor idx="3">SPEECH</governor>
            <dependent idx="4">MADE</dependent>
          </dep>
          <dep type="case">
            <governor idx="7">THOUSANDS</governor>
            <dependent idx="5">TO</dependent>
          </dep>
          <dep type="det">
            <governor idx="7">THOUSANDS</governor>
            <dependent idx="6">THE</dependent>
          </dep>
          <dep type="nmod:to">
            <governor idx="4">MADE</governor>
            <dependent idx="7">THOUSANDS</dependent>
          </dep>
          <dep type="case">
            <governor idx="10">FUNERAL</governor>
            <dependent idx="8">AT</dependent>
          </dep>
          <dep type="det">
            <governor idx="10">FUNERAL</governor>
            <dependent idx="9">THE</dependent>
          </dep>
          <dep type="nmod:at">
            <governor idx="7">THOUSANDS</governor>
            <dependent idx="10">FUNERAL</dependent>
          </dep>
          <dep type="nsubj">
            <governor idx="13">ACCEPTED</governor>
            <dependent idx="12">NAVARRO</dependent>
          </dep>
          <dep type="det">
            <governor idx="15">NOMINATION</governor>
            <dependent idx="14">THE</dependent>
          </dep>
          <dep type="dobj">
            <governor idx="13">ACCEPTED</governor>
            <dependent idx="15">NOMINATION</dependent>
          </dep>
          <dep type="cc">
            <governor idx="13">ACCEPTED</governor>
            <dependent idx="16">AND</dependent>
          </dep>
          <dep type="conj:and">
            <governor idx="13">ACCEPTED</governor>
            <dependent idx="17">SAID</dependent>
          </dep>
          <dep type="mark">
            <governor idx="21">PICKING</governor>
            <dependent idx="18">THAT</dependent>
          </dep>
          <dep type="nsubj">
            <governor idx="21">PICKING</governor>
            <dependent idx="19">HE</dependent>
          </dep>
          <dep type="aux">
            <governor idx="21">PICKING</governor>
            <dependent idx="20">WAS</dependent>
          </dep>
          <dep type="ccomp">
            <governor idx="17">SAID</governor>
            <dependent idx="21">PICKING</dependent>
          </dep>
          <dep type="compound:prt">
            <governor idx="21">PICKING</governor>
            <dependent idx="22">UP</dependent>
          </dep>
          <dep type="det">
            <governor idx="24">BANNERS</governor>
            <dependent idx="23">THE</dependent>
          </dep>
          <dep type="dobj">
            <governor idx="21">PICKING</governor>
            <dependent idx="24">BANNERS</dependent>
          </dep>
          <dep type="case">
            <governor idx="29">LEADER</governor>
            <dependent idx="25">OF</dependent>
          </dep>
          <dep type="det">
            <governor idx="29">LEADER</governor>
            <dependent idx="26">THE</dependent>
          </dep>
          <dep type="amod">
            <governor idx="29">LEADER</governor>
            <dependent idx="27">SLAIN</dependent>
          </dep>
          <dep type="amod">
            <governor idx="29">LEADER</governor>
            <dependent idx="28">LEFTIST</dependent>
          </dep>
          <dep type="nmod:of">
            <governor idx="24">BANNERS</governor>
            <dependent idx="29">LEADER</dependent>
          </dep>
        </dependencies>
        <dependencies type="collapsed-ccprocessed-dependencies">
          <dep type="root">
            <governor idx="0">ROOT</governor>
            <dependent idx="13">ACCEPTED</dependent>
          </dep>
          <dep type="case">
            <governor idx="3">SPEECH</governor>
            <dependent idx="1">IN</dependent>
          </dep>
          <dep type="det">
            <governor idx="3">SPEECH</governor>
            <dependent idx="2">A</dependent>
          </dep>
          <dep type="nmod:in">
            <governor idx="13">ACCEPTED</governor>
            <dependent idx="3">SPEECH</dependent>
          </dep>
          <dep type="acl">
            <governor idx="3">SPEECH</governor>
            <dependent idx="4">MADE</dependent>
          </dep>
          <dep type="case">
            <governor idx="7">THOUSANDS</governor>
            <dependent idx="5">TO</dependent>
          </dep>
          <dep type="det">
            <governor idx="7">THOUSANDS</governor>
            <dependent idx="6">THE</dependent>
          </dep>
          <dep type="nmod:to">
            <governor idx="4">MADE</governor>
            <dependent idx="7">THOUSANDS</dependent>
          </dep>
          <dep type="case">
            <governor idx="10">FUNERAL</governor>
            <dependent idx="8">AT</dependent>
          </dep>
          <dep type="det">
            <governor idx="10">FUNERAL</governor>
            <dependent idx="9">THE</dependent>
          </dep>
          <dep type="nmod:at">
            <governor idx="7">THOUSANDS</governor>
            <dependent idx="10">FUNERAL</dependent>
          </dep>
          <dep type="nsubj">
            <governor idx="13">ACCEPTED</governor>
            <dependent idx="12">NAVARRO</dependent>
          </dep>
          <dep type="nsubj" extra="true">
            <governor idx="17">SAID</governor>
            <dependent idx="12">NAVARRO</dependent>
          </dep>
          <dep type="det">
            <governor idx="15">NOMINATION</governor>
            <dependent idx="14">THE</dependent>
          </dep>
          <dep type="dobj">
            <governor idx="13">ACCEPTED</governor>
            <dependent idx="15">NOMINATION</dependent>
          </dep>
          <dep type="cc">
            <governor idx="13">ACCEPTED</governor>
            <dependent idx="16">AND</dependent>
          </dep>
          <dep type="conj:and">
            <governor idx="13">ACCEPTED</governor>
            <dependent idx="17">SAID</dependent>
          </dep>
          <dep type="mark">
            <governor idx="21">PICKING</governor>
            <dependent idx="18">THAT</dependent>
          </dep>
          <dep type="nsubj">
            <governor idx="21">PICKING</governor>
            <dependent idx="19">HE</dependent>
          </dep>
          <dep type="aux">
            <governor idx="21">PICKING</governor>
            <dependent idx="20">WAS</dependent>
          </dep>
          <dep type="ccomp">
            <governor idx="17">SAID</governor>
            <dependent idx="21">PICKING</dependent>
          </dep>
          <dep type="compound:prt">
            <governor idx="21">PICKING</governor>
            <dependent idx="22">UP</dependent>
          </dep>
          <dep type="det">
            <governor idx="24">BANNERS</governor>
            <dependent idx="23">THE</dependent>
          </dep>
          <dep type="dobj">
            <governor idx="21">PICKING</governor>
            <dependent idx="24">BANNERS</dependent>
          </dep>
          <dep type="case">
            <governor idx="29">LEADER</governor>
            <dependent idx="25">OF</dependent>
          </dep>
          <dep type="det">
            <governor idx="29">LEADER</governor>
            <dependent idx="26">THE</dependent>
          </dep>
          <dep type="amod">
            <governor idx="29">LEADER</governor>
            <dependent idx="27">SLAIN</dependent>
          </dep>
          <dep type="amod">
            <governor idx="29">LEADER</governor>
            <dependent idx="28">LEFTIST</dependent>
          </dep>
          <dep type="nmod:of">
            <governor idx="24">BANNERS</governor>
            <dependent idx="29">LEADER</dependent>
          </dep>
        </dependencies>
      </sentence>
    </sentences>
    <coreference>
      <coreference>
        <mention representative="true">
          <sentence>1</sentence>
          <start>1</start>
          <end>2</end>
          <head>1</head>
          <text>BOGOTA</text>
        </mention>
        <mention>
          <sentence>2</sentence>
          <start>31</start>
          <end>32</end>
          <head>31</head>
          <text>BOGOTA</text>
        </mention>
      </coreference>
      <coreference>
        <mention representative="true">
          <sentence>1</sentence>
          <start>13</start>
          <end>16</end>
          <head>15</head>
          <text>ANTONIO NAVARRO WOLFF</text>
        </mention>
        <mention>
          <sentence>2</sentence>
          <start>1</start>
          <end>13</end>
          <head>2</head>
          <text>NAVARRO WOLFF , WHO IS A FORMER GUERRILLA LIKE THE SLAIN LEADER</text>
        </mention>
        <mention>
          <sentence>2</sentence>
          <start>1</start>
          <end>3</end>
          <head>2</head>
          <text>NAVARRO WOLFF</text>
        </mention>
      </coreference>
      <coreference>
        <mention representative="true">
          <sentence>1</sentence>
          <start>43</start>
          <end>46</end>
          <head>45</head>
          <text>CARLOS PIZARRO LEONGOMEZ</text>
        </mention>
        <mention>
          <sentence>2</sentence>
          <start>18</start>
          <end>20</end>
          <head>18</head>
          <text>PIZARRO 'S</text>
        </mention>
      </coreference>
      <coreference>
        <mention representative="true">
          <sentence>1</sentence>
          <start>3</start>
          <end>32</end>
          <head>4</head>
          <text>29 APR 90 -LRB- EFE -RRB- -- -LSB- TEXT -RSB- ANTONIO NAVARRO WOLFF , WHO HAD BEEN THE NUMBER TWO MAN IN THE 19 APRIL MOVEMENT -LRB- M-19 -RRB-</text>
        </mention>
        <mention>
          <sentence>1</sentence>
          <start>52</start>
          <end>53</end>
          <head>52</head>
          <text>APRIL</text>
        </mention>
      </coreference>
      <coreference>
        <mention representative="true">
          <sentence>2</sentence>
          <start>15</start>
          <end>17</end>
          <head>16</head>
          <text>THE NOMINATION</text>
        </mention>
        <mention>
          <sentence>3</sentence>
          <start>14</start>
          <end>16</end>
          <head>15</head>
          <text>THE NOMINATION</text>
        </mention>
      </coreference>
      <coreference>
        <mention representative="true">
          <sentence>3</sentence>
          <start>12</start>
          <end>13</end>
          <head>12</head>
          <text>NAVARRO</text>
        </mention>
        <mention>
          <sentence>3</sentence>
          <start>19</start>
          <end>20</end>
          <head>19</head>
          <text>HE</text>
        </mention>
      </coreference>
    </coreference>
  </document>
</root>
